,ContainerName,ContainerId,Containers,Well Index,Name,Aliquot ID,Volume,AccuRapid-Ecoli-Extract-Mix:MasterMix,AccuRapid-Ecoli-Extract-Mix:Volume,AccuRapid-Ecoli-Extract-Mix:Kind,AccuRapid-Master-Mix:MasterMix,AccuRapid-Master-Mix:Volume,AccuRapid-Master-Mix:Kind,source,PCR-H2O:Water,PCR-H2O:Volume,PCR-H2O:Kind,incubation_temp,Activity-Assay-Master-Mix:LigandMix,Activity-Assay-Master-Mix:Volume,Activity-Assay-Master-Mix:Kind
0,ct1frpday6eten4-IVTT-Plate,ct1frs48v2f4y8r,Container(ct1frpday6eten4-IVTT-Plate),0,IVTTReaction,aq1frs4j6r3yq2q,5.0,rs1f47z2uft2kyv,20:microliter,Protein,rs1f47z3qb2zdga,40:microliter,Protein,ct1frpday6eten4:0,,,,,,,
1,ct1frpday6eten4-IVTT-Plate,ct1frs48v2f4y8r,Container(ct1frpday6eten4-IVTT-Plate),1,IVTTReaction,aq1frs4j6r3yq2t,5.0,rs1f47z2uft2kyv,20:microliter,Protein,rs1f47z3qb2zdga,40:microliter,Protein,ct1frpday6eten4:1,,,,,,,
2,ct1frpday6eten4-IVTT-Plate,ct1frs48v2f4y8r,Container(ct1frpday6eten4-IVTT-Plate),2,IVTTReaction,aq1frs4j6r54w6s,5.0,rs1f47z2uft2kyv,20:microliter,Protein,rs1f47z3qb2zdga,40:microliter,Protein,ct1frpday6eten4:2,,,,,,,
3,ct1frpday6eten4-IVTT-Plate,ct1frs48v2f4y8r,Container(ct1frpday6eten4-IVTT-Plate),3,IVTTReaction,aq1frs4j6r54w6v,5.0,rs1f47z2uft2kyv,20:microliter,Protein,rs1f47z3qb2zdga,40:microliter,Protein,ct1frpday6eten4:3,,,,,,,
4,ct1frpday6eten4-IVTT-Plate,ct1frs48v2f4y8r,Container(ct1frpday6eten4-IVTT-Plate),4,IVTTReaction,aq1frs4j6r694au,5.0,rs1f47z2uft2kyv,20:microliter,Protein,rs1f47z3qb2zdga,40:microliter,Protein,ct1frpday6eten4:4,,,,,,,
5,ct1frpday6eten4-IVTT-Plate,ct1frs48v2f4y8r,Container(ct1frpday6eten4-IVTT-Plate),5,IVTTReaction,aq1frs4j6r694ax,5.0,rs1f47z2uft2kyv,20:microliter,Protein,rs1f47z3qb2zdga,40:microliter,Protein,ct1frpday6eten4:5,,,,,,,
6,ct1frpday6eten4-IVTT-Plate,ct1frs48v2f4y8r,Container(ct1frpday6eten4-IVTT-Plate),6,,aq1frs5pv9eqnw4,-55.0,,,,,,,ct1frpday6eten4:6,,,,,,,
7,ct1frpday6eten4-IVTT-Plate,ct1frs48v2f4y8r,Container(ct1frpday6eten4-IVTT-Plate),7,,aq1frs5pv9fuuzy,-55.0,,,,,,,ct1frpday6eten4:7,,,,,,,
8,ct1frpday6eten4-IVTT-Plate,ct1frs48v2f4y8r,Container(ct1frpday6eten4-IVTT-Plate),8,,aq1frs5pv9fuv22,-55.0,,,,,,,ct1frpday6eten4:8,,,,,,,
9,ct1frpday6eten4-IVTT-Plate,ct1frs48v2f4y8r,Container(ct1frpday6eten4-IVTT-Plate),9,,aq1frs5pv9fuv24,-55.0,,,,,,,ct1frpday6eten4:9,,,,,,,
10,ct1frpday6eten4-IVTT-Plate,ct1frs48v2f4y8r,Container(ct1frpday6eten4-IVTT-Plate),10,,aq1frs5pv9gz35z,-55.0,,,,,,,ct1frpday6eten4:10,,,,,,,
11,ct1frpday6eten4-IVTT-Plate,ct1frs48v2f4y8r,Container(ct1frpday6eten4-IVTT-Plate),11,,aq1frs5pv9gz363,-55.0,,,,,,,ct1frpday6eten4:11,,,,,,,
12,ct1frpday6eten4-IVTT-Plate,ct1frs48v2f4y8r,Container(ct1frpday6eten4-IVTT-Plate),12,,aq1frs5pv9gz365,-55.0,,,,,,,ct1frpday6eten4:12,,,,,,,
13,ct1frpday6eten4-IVTT-Plate,ct1frs48v2f4y8r,Container(ct1frpday6eten4-IVTT-Plate),13,,aq1frs5pv9gz367,-55.0,,,,,,,ct1frpday6eten4:13,,,,,,,
14,ct1frpday6eten4-IVTT-Plate,ct1frs48v2f4y8r,Container(ct1frpday6eten4-IVTT-Plate),14,,aq1frs5pv9j59a3,-55.0,,,,,,,ct1frpday6eten4:14,,,,,,,
15,ct1frpday6eten4-IVTT-Plate,ct1frs48v2f4y8r,Container(ct1frpday6eten4-IVTT-Plate),15,,aq1frs5pv9j59a5,-55.0,,,,,,,ct1frpday6eten4:15,,,,,,,
16,ct1frpday6eten4-IVTT-Plate,ct1frs48v2f4y8r,Container(ct1frpday6eten4-IVTT-Plate),16,,aq1frs5pv9j59a7,-55.0,,,,,,,ct1frpday6eten4:16,,,,,,,
17,ct1frpday6eten4-IVTT-Plate,ct1frs48v2f4y8r,Container(ct1frpday6eten4-IVTT-Plate),17,,aq1frs5pv9k9fe3,-55.0,,,,,,,ct1frpday6eten4:17,,,,,,,
18,ct1frpday6eten4-IVTT-Plate,ct1frs48v2f4y8r,Container(ct1frpday6eten4-IVTT-Plate),18,,aq1frs5pv9k9fe5,-55.0,,,,,,,ct1frpday6eten4:18,,,,,,,
19,ct1frpday6eten4-IVTT-Plate,ct1frs48v2f4y8r,Container(ct1frpday6eten4-IVTT-Plate),19,,aq1frs5pv9k9fe7,-55.0,,,,,,,ct1frpday6eten4:19,,,,,,,
20,ct1frpday6eten4-IVTT-Plate,ct1frs48v2f4y8r,Container(ct1frpday6eten4-IVTT-Plate),20,,aq1frs5pv9mdnj4,-55.0,,,,,,,ct1frpday6eten4:20,,,,,,,
21,ct1frpday6eten4-IVTT-Plate,ct1frs48v2f4y8r,Container(ct1frpday6eten4-IVTT-Plate),21,,aq1frs5pv9mdnj6,-55.0,,,,,,,ct1frpday6eten4:21,,,,,,,
22,ct1frpday6eten4-IVTT-Plate,ct1frs48v2f4y8r,Container(ct1frpday6eten4-IVTT-Plate),22,,aq1frs5pv9mdnj8,-55.0,,,,,,,ct1frpday6eten4:22,,,,,,,
23,ct1frpday6eten4-IVTT-Plate,ct1frs48v2f4y8r,Container(ct1frpday6eten4-IVTT-Plate),23,,aq1frs5pv9mdnja,-55.0,,,,,,,ct1frpday6eten4:23,,,,,,,
24,ct1frpday6eten4-IVTT-Plate,ct1frs48v2f4y8r,Container(ct1frpday6eten4-IVTT-Plate),24,,aq1frs5pv9nhup6,-55.0,,,,,,,ct1frpday6eten4:24,,,,,,,
25,ct1frpday6eten4-IVTT-Plate,ct1frs48v2f4y8r,Container(ct1frpday6eten4-IVTT-Plate),25,,aq1frs5pv9nhup8,-55.0,,,,,,,ct1frpday6eten4:25,,,,,,,
26,ct1frpday6eten4-IVTT-Plate,ct1frs48v2f4y8r,Container(ct1frpday6eten4-IVTT-Plate),26,,aq1frs5pv9nhupa,-55.0,,,,,,,ct1frpday6eten4:26,,,,,,,
27,ct1frpday6eten4-IVTT-Plate,ct1frs48v2f4y8r,Container(ct1frpday6eten4-IVTT-Plate),27,,aq1frs5pv9pp2t7,-55.0,,,,,,,ct1frpday6eten4:27,,,,,,,
28,ct1frpday6eten4-IVTT-Plate,ct1frs48v2f4y8r,Container(ct1frpday6eten4-IVTT-Plate),28,,aq1frs5pv9pp2t9,-55.0,,,,,,,ct1frpday6eten4:28,,,,,,,
29,ct1frpday6eten4-IVTT-Plate,ct1frs48v2f4y8r,Container(ct1frpday6eten4-IVTT-Plate),29,,aq1frs5pv9pp2tb,-55.0,,,,,,,ct1frpday6eten4:29,,,,,,,
30,ct1frpday6eten4-IVTT-Plate,ct1frs48v2f4y8r,Container(ct1frpday6eten4-IVTT-Plate),30,,aq1frs5pv9qt8x7,-55.0,,,,,,,ct1frpday6eten4:30,,,,,,,
31,ct1frpday6eten4-IVTT-Plate,ct1frs48v2f4y8r,Container(ct1frpday6eten4-IVTT-Plate),31,,aq1frs5pv9qt8x9,-55.0,,,,,,,ct1frpday6eten4:31,,,,,,,
32,ct1frpday6eten4-IVTT-Plate,ct1frs48v2f4y8r,Container(ct1frpday6eten4-IVTT-Plate),32,,aq1frs5pv9qt8xb,-55.0,,,,,,,ct1frpday6eten4:32,,,,,,,
33,ct1frpday6eten4-IVTT-Plate,ct1frs48v2f4y8r,Container(ct1frpday6eten4-IVTT-Plate),33,,aq1frs5pv9rxf38,-55.0,,,,,,,ct1frpday6eten4:33,,,,,,,
34,ct1frpday6eten4-IVTT-Plate,ct1frs48v2f4y8r,Container(ct1frpday6eten4-IVTT-Plate),34,,aq1frs5pv9rxf3a,-55.0,,,,,,,ct1frpday6eten4:34,,,,,,,
35,ct1frpday6eten4-IVTT-Plate,ct1frs48v2f4y8r,Container(ct1frpday6eten4-IVTT-Plate),35,,aq1frs5pv9rxf3c,-55.0,,,,,,,ct1frpday6eten4:35,,,,,,,
36,ct1frpday6eten4-IVTT-Plate,ct1frs48v2f4y8r,Container(ct1frpday6eten4-IVTT-Plate),36,,aq1frs5pv9t3n79,-55.0,,,,,,,ct1frpday6eten4:36,,,,,,,
37,ct1frpday6eten4-IVTT-Plate,ct1frs48v2f4y8r,Container(ct1frpday6eten4-IVTT-Plate),37,,aq1frs5pv9t3n7b,-55.0,,,,,,,ct1frpday6eten4:37,,,,,,,
38,ct1frpday6eten4-IVTT-Plate,ct1frs48v2f4y8r,Container(ct1frpday6eten4-IVTT-Plate),38,,aq1frs5pv9t3n7d,-55.0,,,,,,,ct1frpday6eten4:38,,,,,,,
39,ct1frpday6eten4-IVTT-Plate,ct1frs48v2f4y8r,Container(ct1frpday6eten4-IVTT-Plate),39,,aq1frs5pv9t3n7f,-55.0,,,,,,,ct1frpday6eten4:39,,,,,,,
40,ct1frpday6eten4-IVTT-Plate,ct1frs48v2f4y8r,Container(ct1frpday6eten4-IVTT-Plate),40,,aq1frs5pv9u7ubb,-55.0,,,,,,,ct1frpday6eten4:40,,,,,,,
41,ct1frpday6eten4-IVTT-Plate,ct1frs48v2f4y8r,Container(ct1frpday6eten4-IVTT-Plate),41,,aq1frs5pv9u7ubd,-55.0,,,,,,,ct1frpday6eten4:41,,,,,,,
42,ct1frpday6eten4-IVTT-Plate,ct1frs48v2f4y8r,Container(ct1frpday6eten4-IVTT-Plate),42,,aq1frs5pv9u7ubf,-55.0,,,,,,,ct1frpday6eten4:42,,,,,,,
43,ct1frpday6eten4-IVTT-Plate,ct1frs48v2f4y8r,Container(ct1frpday6eten4-IVTT-Plate),43,,aq1frs5pv9vc2fc,-55.0,,,,,,,ct1frpday6eten4:43,,,,,,,
44,ct1frpday6eten4-IVTT-Plate,ct1frs48v2f4y8r,Container(ct1frpday6eten4-IVTT-Plate),44,,aq1frs5pv9vc2fe,-55.0,,,,,,,ct1frpday6eten4:44,,,,,,,
45,ct1frpday6eten4-IVTT-Plate,ct1frs48v2f4y8r,Container(ct1frpday6eten4-IVTT-Plate),45,,aq1frs5pv9vc2fg,-55.0,,,,,,,ct1frpday6eten4:45,,,,,,,
46,ct1frpday6eten4-IVTT-Plate,ct1frs48v2f4y8r,Container(ct1frpday6eten4-IVTT-Plate),46,,aq1frs5pv9wg8kc,-55.0,,,,,,,ct1frpday6eten4:46,,,,,,,
47,ct1frpday6eten4-IVTT-Plate,ct1frs48v2f4y8r,Container(ct1frpday6eten4-IVTT-Plate),47,,aq1frs5pv9wg8ke,-55.0,,,,,,,ct1frpday6eten4:47,,,,,,,
48,ct1frpday6eten4-IVTT-Plate,ct1frs48v2f4y8r,Container(ct1frpday6eten4-IVTT-Plate),48,,aq1frs5pv9wg8kg,-55.0,,,,,,,ct1frpday6eten4:48,,,,,,,
49,ct1frpday6eten4-IVTT-Plate,ct1frs48v2f4y8r,Container(ct1frpday6eten4-IVTT-Plate),49,,aq1frs5pv9xmeqd,-55.0,,,,,,,ct1frpday6eten4:49,,,,,,,
50,ct1frpday6eten4-IVTT-Plate,ct1frs48v2f4y8r,Container(ct1frpday6eten4-IVTT-Plate),50,,aq1frs5pv9xmeqf,-55.0,,,,,,,ct1frpday6eten4:50,,,,,,,
51,ct1frpday6eten4-IVTT-Plate,ct1frs48v2f4y8r,Container(ct1frpday6eten4-IVTT-Plate),51,,aq1frs5pv9xmeqh,-55.0,,,,,,,ct1frpday6eten4:51,,,,,,,
52,ct1frpday6eten4-IVTT-Plate,ct1frs48v2f4y8r,Container(ct1frpday6eten4-IVTT-Plate),52,,aq1frs5pv9yrmue,-55.0,,,,,,,ct1frpday6eten4:52,,,,,,,
53,ct1frpday6eten4-IVTT-Plate,ct1frs48v2f4y8r,Container(ct1frpday6eten4-IVTT-Plate),53,,aq1frs5pv9yrmug,-55.0,,,,,,,ct1frpday6eten4:53,,,,,,,
54,ct1frpday6eten4-IVTT-Plate,ct1frs48v2f4y8r,Container(ct1frpday6eten4-IVTT-Plate),54,,aq1frs5pv9yrmuj,-55.0,,,,,,,ct1frpday6eten4:54,,,,,,,
55,ct1frpday6eten4-IVTT-Plate,ct1frs48v2f4y8r,Container(ct1frpday6eten4-IVTT-Plate),55,,aq1frs5pv9zvtyf,-55.0,,,,,,,ct1frpday6eten4:55,,,,,,,
56,ct1frpday6eten4-IVTT-Plate,ct1frs48v2f4y8r,Container(ct1frpday6eten4-IVTT-Plate),56,,aq1frs5pv9zvtyh,-55.0,,,,,,,ct1frpday6eten4:56,,,,,,,
57,ct1frpday6eten4-IVTT-Plate,ct1frs48v2f4y8r,Container(ct1frpday6eten4-IVTT-Plate),57,,aq1frs5pv9zvtyk,-55.0,,,,,,,ct1frpday6eten4:57,,,,,,,
58,ct1frpday6eten4-IVTT-Plate,ct1frs48v2f4y8r,Container(ct1frpday6eten4-IVTT-Plate),58,,aq1frs5pva3224g,-55.0,,,,,,,ct1frpday6eten4:58,,,,,,,
59,ct1frpday6eten4-IVTT-Plate,ct1frs48v2f4y8r,Container(ct1frpday6eten4-IVTT-Plate),59,,aq1frs5pva3224j,-55.0,,,,,,,ct1frpday6eten4:59,,,,,,,
60,ct1frpday6eten4-IVTT-Plate,ct1frs48v2f4y8r,Container(ct1frpday6eten4-IVTT-Plate),60,,aq1frs5pva3224m,-55.0,,,,,,,ct1frpday6eten4:60,,,,,,,
61,ct1frpday6eten4-IVTT-Plate,ct1frs48v2f4y8r,Container(ct1frpday6eten4-IVTT-Plate),61,,aq1frs5pva4688h,-55.0,,,,,,,ct1frpday6eten4:61,,,,,,,
62,ct1frpday6eten4-IVTT-Plate,ct1frs48v2f4y8r,Container(ct1frpday6eten4-IVTT-Plate),62,,aq1frs5pva4688k,-55.0,,,,,,,ct1frpday6eten4:62,,,,,,,
63,ct1frpday6eten4-IVTT-Plate,ct1frs48v2f4y8r,Container(ct1frpday6eten4-IVTT-Plate),63,,aq1frs5pva4688n,-55.0,,,,,,,ct1frpday6eten4:63,,,,,,,
64,ct1frpday6eten4-IVTT-Plate,ct1frs48v2f4y8r,Container(ct1frpday6eten4-IVTT-Plate),64,,aq1frs5pva4688q,-55.0,,,,,,,ct1frpday6eten4:64,,,,,,,
65,ct1frpday6eten4-IVTT-Plate,ct1frs48v2f4y8r,Container(ct1frpday6eten4-IVTT-Plate),65,,aq1frs5pva5aeck,-55.0,,,,,,,ct1frpday6eten4:65,,,,,,,
66,ct1frpday6eten4-IVTT-Plate,ct1frs48v2f4y8r,Container(ct1frpday6eten4-IVTT-Plate),66,,aq1frs5pva5aecn,-55.0,,,,,,,ct1frpday6eten4:66,,,,,,,
67,ct1frpday6eten4-IVTT-Plate,ct1frs48v2f4y8r,Container(ct1frpday6eten4-IVTT-Plate),67,,aq1frs5pva5aecq,-55.0,,,,,,,ct1frpday6eten4:67,,,,,,,
68,ct1frpday6eten4-IVTT-Plate,ct1frs48v2f4y8r,Container(ct1frpday6eten4-IVTT-Plate),68,,aq1frs5pva6emgm,-55.0,,,,,,,ct1frpday6eten4:68,,,,,,,
69,ct1frpday6eten4-IVTT-Plate,ct1frs48v2f4y8r,Container(ct1frpday6eten4-IVTT-Plate),69,,aq1frs5pva6emgp,-55.0,,,,,,,ct1frpday6eten4:69,,,,,,,
70,ct1frpday6eten4-IVTT-Plate,ct1frs48v2f4y8r,Container(ct1frpday6eten4-IVTT-Plate),70,,aq1frs5pva6emgr,-55.0,,,,,,,ct1frpday6eten4:70,,,,,,,
71,ct1frpday6eten4-IVTT-Plate,ct1frs48v2f4y8r,Container(ct1frpday6eten4-IVTT-Plate),71,,aq1frs5pva7jtmn,-55.0,,,,,,,ct1frpday6eten4:71,,,,,,,
72,ct1frpday6eten4-IVTT-Plate,ct1frs48v2f4y8r,Container(ct1frpday6eten4-IVTT-Plate),72,,aq1frs5pva7jtmq,-55.0,,,,,,,ct1frpday6eten4:72,,,,,,,
73,ct1frpday6eten4-IVTT-Plate,ct1frs48v2f4y8r,Container(ct1frpday6eten4-IVTT-Plate),73,,aq1frs5pva7jtms,-55.0,,,,,,,ct1frpday6eten4:73,,,,,,,
74,ct1frpday6eten4-IVTT-Plate,ct1frs48v2f4y8r,Container(ct1frpday6eten4-IVTT-Plate),74,,aq1frs5pva8pzrp,-55.0,,,,,,,ct1frpday6eten4:74,,,,,,,
75,ct1frpday6eten4-IVTT-Plate,ct1frs48v2f4y8r,Container(ct1frpday6eten4-IVTT-Plate),75,,aq1frs5pva8pzrr,-55.0,,,,,,,ct1frpday6eten4:75,,,,,,,
76,ct1frpday6eten4-IVTT-Plate,ct1frs48v2f4y8r,Container(ct1frpday6eten4-IVTT-Plate),76,,aq1frs5pva8pzrt,-55.0,,,,,,,ct1frpday6eten4:76,,,,,,,
77,ct1frpday6eten4-IVTT-Plate,ct1frs48v2f4y8r,Container(ct1frpday6eten4-IVTT-Plate),77,,aq1frs5pva9u7vq,-55.0,,,,,,,ct1frpday6eten4:77,,,,,,,
78,ct1frpday6eten4-IVTT-Plate,ct1frs48v2f4y8r,Container(ct1frpday6eten4-IVTT-Plate),78,,aq1frs5pva9u7vs,-55.0,,,,,,,ct1frpday6eten4:78,,,,,,,
79,ct1frpday6eten4-IVTT-Plate,ct1frs48v2f4y8r,Container(ct1frpday6eten4-IVTT-Plate),79,,aq1frs5pva9u7vu,-55.0,,,,,,,ct1frpday6eten4:79,,,,,,,
80,ct1frpday6eten4-IVTT-Plate,ct1frs48v2f4y8r,Container(ct1frpday6eten4-IVTT-Plate),80,,aq1frs5pvaaydzr,-55.0,,,,,,,ct1frpday6eten4:80,,,,,,,
81,ct1frpday6eten4-IVTT-Plate,ct1frs48v2f4y8r,Container(ct1frpday6eten4-IVTT-Plate),81,,aq1frs5pvaaydzt,-55.0,,,,,,,ct1frpday6eten4:81,,,,,,,
82,ct1frpday6eten4-IVTT-Plate,ct1frs48v2f4y8r,Container(ct1frpday6eten4-IVTT-Plate),82,,aq1frs5pvaaydzv,-55.0,,,,,,,ct1frpday6eten4:82,,,,,,,
83,ct1frpday6eten4-IVTT-Plate,ct1frs48v2f4y8r,Container(ct1frpday6eten4-IVTT-Plate),83,,aq1frs5pvac4m5s,-55.0,,,,,,,ct1frpday6eten4:83,,,,,,,
84,ct1frpday6eten4-IVTT-Plate,ct1frs48v2f4y8r,Container(ct1frpday6eten4-IVTT-Plate),84,,aq1frs5pvac4m5u,-55.0,,,,,,,ct1frpday6eten4:84,,,,,,,
85,ct1frpday6eten4-IVTT-Plate,ct1frs48v2f4y8r,Container(ct1frpday6eten4-IVTT-Plate),85,,aq1frs5pvad8t9s,-55.0,,,,,,,ct1frpday6eten4:85,,,,,,,
86,ct1frpday6eten4-IVTT-Plate,ct1frs48v2f4y8r,Container(ct1frpday6eten4-IVTT-Plate),86,,aq1frs5pvad8t9u,-55.0,,,,,,,ct1frpday6eten4:86,,,,,,,
87,ct1frpday6eten4-IVTT-Plate,ct1frs48v2f4y8r,Container(ct1frpday6eten4-IVTT-Plate),87,,aq1frs5pvad8t9w,-55.0,,,,,,,ct1frpday6eten4:87,,,,,,,
88,ct1frpday6eten4-IVTT-Plate,ct1frs48v2f4y8r,Container(ct1frpday6eten4-IVTT-Plate),88,,aq1frs5pvaeczdt,-55.0,,,,,,,ct1frpday6eten4:88,,,,,,,
89,ct1frpday6eten4-IVTT-Plate,ct1frs48v2f4y8r,Container(ct1frpday6eten4-IVTT-Plate),89,,aq1frs5pvaeczdv,-55.0,,,,,,,ct1frpday6eten4:89,,,,,,,
90,ct1frpday6eten4-IVTT-Plate,ct1frs48v2f4y8r,Container(ct1frpday6eten4-IVTT-Plate),90,,aq1frs5pvaeczdx,-55.0,,,,,,,ct1frpday6eten4:90,,,,,,,
91,ct1frpday6eten4-IVTT-Plate,ct1frs48v2f4y8r,Container(ct1frpday6eten4-IVTT-Plate),91,,aq1frs5pvafh7hu,-55.0,,,,,,,ct1frpday6eten4:91,,,,,,,
92,ct1frpday6eten4-IVTT-Plate,ct1frs48v2f4y8r,Container(ct1frpday6eten4-IVTT-Plate),92,,aq1frs5pvafh7hw,-55.0,,,,,,,ct1frpday6eten4:92,,,,,,,
93,ct1frpday6eten4-IVTT-Plate,ct1frs48v2f4y8r,Container(ct1frpday6eten4-IVTT-Plate),93,,aq1frs5pvafh7hy,-55.0,,,,,,,ct1frpday6eten4:93,,,,,,,
94,ct1frpday6eten4-IVTT-Plate,ct1frs48v2f4y8r,Container(ct1frpday6eten4-IVTT-Plate),94,,aq1frs5pvagndnv,-55.0,,,,,,,ct1frpday6eten4:94,,,,,,,
95,ct1frpday6eten4-IVTT-Plate,ct1frs48v2f4y8r,Container(ct1frpday6eten4-IVTT-Plate),95,,aq1frs5pvagndnx,-55.0,,,,,,,ct1frpday6eten4:95,,,,,,,
96,Dilution-Water,ct1frskpxbawnca,Container(Dilution-Water),0,,aq1frsms2rt87tc,30000.0,,,,,,,,rs1esgu7zf2ztkq,87.6:milliliter,Reagent,,,,
97,ct1frs48v2f4y8r-IVTT-DilutionPlate,ct1frskpxbyc7pv,Container(ct1frs48v2f4y8r-IVTT-DilutionPlate),0,,aq1frsp5y34qfpw,170.0,rs1f47z2uft2kyv,20:microliter,Protein,rs1f47z3qb2zdga,40:microliter,Protein,ct1frpday6eten4:0,,,,,,,
98,ct1frs48v2f4y8r-IVTT-DilutionPlate,ct1frskpxbyc7pv,Container(ct1frs48v2f4y8r-IVTT-DilutionPlate),1,,aq1frsp5y35unty,170.0,rs1f47z2uft2kyv,20:microliter,Protein,rs1f47z3qb2zdga,40:microliter,Protein,ct1frpday6eten4:1,,,,,,,
99,ct1frs48v2f4y8r-IVTT-DilutionPlate,ct1frskpxbyc7pv,Container(ct1frs48v2f4y8r-IVTT-DilutionPlate),2,,aq1frsp5y35unu2,170.0,rs1f47z2uft2kyv,20:microliter,Protein,rs1f47z3qb2zdga,40:microliter,Protein,ct1frpday6eten4:2,,,,,,,
100,ct1frs48v2f4y8r-IVTT-DilutionPlate,ct1frskpxbyc7pv,Container(ct1frs48v2f4y8r-IVTT-DilutionPlate),3,,aq1frsp5y35unu4,170.0,rs1f47z2uft2kyv,20:microliter,Protein,rs1f47z3qb2zdga,40:microliter,Protein,ct1frpday6eten4:3,,,,,,,
101,ct1frs48v2f4y8r-IVTT-DilutionPlate,ct1frskpxbyc7pv,Container(ct1frs48v2f4y8r-IVTT-DilutionPlate),4,,aq1frsp5y36yuxz,170.0,rs1f47z2uft2kyv,20:microliter,Protein,rs1f47z3qb2zdga,40:microliter,Protein,ct1frpday6eten4:4,,,,,,,
102,ct1frs48v2f4y8r-IVTT-DilutionPlate,ct1frskpxbyc7pv,Container(ct1frs48v2f4y8r-IVTT-DilutionPlate),5,,aq1frsp5y36yuy3,170.0,rs1f47z2uft2kyv,20:microliter,Protein,rs1f47z3qb2zdga,40:microliter,Protein,ct1frpday6eten4:5,,,,,,,
103,ct1frs48v2f4y8r-IVTT-DilutionPlate,ct1frskpxbyc7pv,Container(ct1frs48v2f4y8r-IVTT-DilutionPlate),6,,aq1frsp5y36yuy5,170.0,,,,,,,,,,,,,,
104,ct1frs48v2f4y8r-IVTT-DilutionPlate,ct1frskpxbyc7pv,Container(ct1frs48v2f4y8r-IVTT-DilutionPlate),7,,aq1frsp5y38533z,170.0,,,,,,,,,,,,,,
105,ct1frs48v2f4y8r-IVTT-DilutionPlate,ct1frskpxbyc7pv,Container(ct1frs48v2f4y8r-IVTT-DilutionPlate),8,,aq1frsp5y385343,170.0,,,,,,,,,,,,,,
106,ct1frs48v2f4y8r-IVTT-DilutionPlate,ct1frskpxbyc7pv,Container(ct1frs48v2f4y8r-IVTT-DilutionPlate),9,,aq1frsp5y385345,170.0,,,,,,,,,,,,,,
107,ct1frs48v2f4y8r-IVTT-DilutionPlate,ct1frskpxbyc7pv,Container(ct1frs48v2f4y8r-IVTT-DilutionPlate),10,,aq1frsp5y385347,170.0,,,,,,,,,,,,,,
108,ct1frs48v2f4y8r-IVTT-DilutionPlate,ct1frskpxbyc7pv,Container(ct1frs48v2f4y8r-IVTT-DilutionPlate),11,,aq1frsp5y399983,170.0,,,,,,,,,,,,,,
109,ct1frs48v2f4y8r-IVTT-DilutionPlate,ct1frskpxbyc7pv,Container(ct1frs48v2f4y8r-IVTT-DilutionPlate),12,,aq1frsp5y399985,670.0,,,,,,,,,,,,,,
110,ct1frs48v2f4y8r-IVTT-DilutionPlate,ct1frskpxbyc7pv,Container(ct1frs48v2f4y8r-IVTT-DilutionPlate),13,,aq1frsp5y399987,670.0,,,,,,,,,,,,,,
111,ct1frs48v2f4y8r-IVTT-DilutionPlate,ct1frskpxbyc7pv,Container(ct1frs48v2f4y8r-IVTT-DilutionPlate),14,,aq1frsp5y3adfc3,670.0,,,,,,,,,,,,,,
112,ct1frs48v2f4y8r-IVTT-DilutionPlate,ct1frskpxbyc7pv,Container(ct1frs48v2f4y8r-IVTT-DilutionPlate),15,,aq1frsp5y3adfc5,670.0,,,,,,,,,,,,,,
113,ct1frs48v2f4y8r-IVTT-DilutionPlate,ct1frskpxbyc7pv,Container(ct1frs48v2f4y8r-IVTT-DilutionPlate),16,,aq1frsp5y3adfc7,670.0,,,,,,,,,,,,,,
114,ct1frs48v2f4y8r-IVTT-DilutionPlate,ct1frskpxbyc7pv,Container(ct1frs48v2f4y8r-IVTT-DilutionPlate),17,,aq1frsp5y3bhng4,670.0,,,,,,,,,,,,,,
115,ct1frs48v2f4y8r-IVTT-DilutionPlate,ct1frskpxbyc7pv,Container(ct1frs48v2f4y8r-IVTT-DilutionPlate),18,,aq1frsp5y3bhng6,670.0,,,,,,,,,,,,,,
116,ct1frs48v2f4y8r-IVTT-DilutionPlate,ct1frskpxbyc7pv,Container(ct1frs48v2f4y8r-IVTT-DilutionPlate),19,,aq1frsp5y3bhng8,670.0,,,,,,,,,,,,,,
117,ct1frs48v2f4y8r-IVTT-DilutionPlate,ct1frskpxbyc7pv,Container(ct1frs48v2f4y8r-IVTT-DilutionPlate),20,,aq1frsp5y3bhnga,670.0,,,,,,,,,,,,,,
118,ct1frs48v2f4y8r-IVTT-DilutionPlate,ct1frskpxbyc7pv,Container(ct1frs48v2f4y8r-IVTT-DilutionPlate),21,,aq1frsp5y3cnum6,670.0,,,,,,,,,,,,,,
119,ct1frs48v2f4y8r-IVTT-DilutionPlate,ct1frskpxbyc7pv,Container(ct1frs48v2f4y8r-IVTT-DilutionPlate),22,,aq1frsp5y3cnum8,670.0,,,,,,,,,,,,,,
120,ct1frs48v2f4y8r-IVTT-DilutionPlate,ct1frskpxbyc7pv,Container(ct1frs48v2f4y8r-IVTT-DilutionPlate),23,,aq1frsp5y3cnuma,670.0,,,,,,,,,,,,,,
121,ct1frs48v2f4y8r-IVTT-DilutionPlate,ct1frskpxbyc7pv,Container(ct1frs48v2f4y8r-IVTT-DilutionPlate),24,,aq1frsp5y3dt2r6,670.0,,,,,,,,,,,,,,
122,ct1frs48v2f4y8r-IVTT-DilutionPlate,ct1frskpxbyc7pv,Container(ct1frs48v2f4y8r-IVTT-DilutionPlate),25,,aq1frsp5y3dt2r8,670.0,,,,,,,,,,,,,,
123,ct1frs48v2f4y8r-IVTT-DilutionPlate,ct1frskpxbyc7pv,Container(ct1frs48v2f4y8r-IVTT-DilutionPlate),26,,aq1frsp5y3dt2ra,670.0,,,,,,,,,,,,,,
124,ct1frs48v2f4y8r-IVTT-DilutionPlate,ct1frskpxbyc7pv,Container(ct1frs48v2f4y8r-IVTT-DilutionPlate),27,,aq1frsp5y3ex8v7,670.0,,,,,,,,,,,,,,
125,ct1frs48v2f4y8r-IVTT-DilutionPlate,ct1frskpxbyc7pv,Container(ct1frs48v2f4y8r-IVTT-DilutionPlate),28,,aq1frsp5y3ex8v9,670.0,,,,,,,,,,,,,,
126,ct1frs48v2f4y8r-IVTT-DilutionPlate,ct1frskpxbyc7pv,Container(ct1frs48v2f4y8r-IVTT-DilutionPlate),29,,aq1frsp5y3ex8vb,670.0,,,,,,,,,,,,,,
127,ct1frs48v2f4y8r-IVTT-DilutionPlate,ct1frskpxbyc7pv,Container(ct1frs48v2f4y8r-IVTT-DilutionPlate),30,,aq1frsp5y3ex8vd,670.0,,,,,,,,,,,,,,
128,ct1frs48v2f4y8r-IVTT-DilutionPlate,ct1frskpxbyc7pv,Container(ct1frs48v2f4y8r-IVTT-DilutionPlate),31,,aq1frsp5y3g3ez8,670.0,,,,,,,,,,,,,,
129,ct1frs48v2f4y8r-IVTT-DilutionPlate,ct1frskpxbyc7pv,Container(ct1frs48v2f4y8r-IVTT-DilutionPlate),32,,aq1frsp5y3g3eza,670.0,,,,,,,,,,,,,,
130,ct1frs48v2f4y8r-IVTT-DilutionPlate,ct1frskpxbyc7pv,Container(ct1frs48v2f4y8r-IVTT-DilutionPlate),33,,aq1frsp5y3g3ezc,670.0,,,,,,,,,,,,,,
131,ct1frs48v2f4y8r-IVTT-DilutionPlate,ct1frskpxbyc7pv,Container(ct1frs48v2f4y8r-IVTT-DilutionPlate),34,,aq1frsp5y3h7n59,670.0,,,,,,,,,,,,,,
132,ct1frs48v2f4y8r-IVTT-DilutionPlate,ct1frskpxbyc7pv,Container(ct1frs48v2f4y8r-IVTT-DilutionPlate),35,,aq1frsp5y3h7n5b,670.0,,,,,,,,,,,,,,
133,ct1frs48v2f4y8r-IVTT-DilutionPlate,ct1frskpxbyc7pv,Container(ct1frs48v2f4y8r-IVTT-DilutionPlate),36,,aq1frsp5y3h7n5d,670.0,,,,,,,,,,,,,,
134,ct1frs48v2f4y8r-IVTT-DilutionPlate,ct1frskpxbyc7pv,Container(ct1frs48v2f4y8r-IVTT-DilutionPlate),37,,aq1frsp5y3h7n5f,670.0,,,,,,,,,,,,,,
135,ct1frs48v2f4y8r-IVTT-DilutionPlate,ct1frskpxbyc7pv,Container(ct1frs48v2f4y8r-IVTT-DilutionPlate),38,,aq1frsp5y3jbu9b,670.0,,,,,,,,,,,,,,
136,ct1frs48v2f4y8r-IVTT-DilutionPlate,ct1frskpxbyc7pv,Container(ct1frs48v2f4y8r-IVTT-DilutionPlate),39,,aq1frsp5y3jbu9d,670.0,,,,,,,,,,,,,,
137,ct1frs48v2f4y8r-IVTT-DilutionPlate,ct1frskpxbyc7pv,Container(ct1frs48v2f4y8r-IVTT-DilutionPlate),40,,aq1frsp5y3jbu9f,670.0,,,,,,,,,,,,,,
138,ct1frs48v2f4y8r-IVTT-DilutionPlate,ct1frskpxbyc7pv,Container(ct1frs48v2f4y8r-IVTT-DilutionPlate),41,,aq1frsp5y3kg2dc,670.0,,,,,,,,,,,,,,
139,ct1frs48v2f4y8r-IVTT-DilutionPlate,ct1frskpxbyc7pv,Container(ct1frs48v2f4y8r-IVTT-DilutionPlate),42,,aq1frsp5y3kg2de,670.0,,,,,,,,,,,,,,
140,ct1frs48v2f4y8r-IVTT-DilutionPlate,ct1frskpxbyc7pv,Container(ct1frs48v2f4y8r-IVTT-DilutionPlate),43,,aq1frsp5y3kg2dg,670.0,,,,,,,,,,,,,,
141,ct1frs48v2f4y8r-IVTT-DilutionPlate,ct1frskpxbyc7pv,Container(ct1frs48v2f4y8r-IVTT-DilutionPlate),44,,aq1frsp5y3mm8hc,670.0,,,,,,,,,,,,,,
142,ct1frs48v2f4y8r-IVTT-DilutionPlate,ct1frskpxbyc7pv,Container(ct1frs48v2f4y8r-IVTT-DilutionPlate),45,,aq1frsp5y3mm8he,670.0,,,,,,,,,,,,,,
143,ct1frs48v2f4y8r-IVTT-DilutionPlate,ct1frskpxbyc7pv,Container(ct1frs48v2f4y8r-IVTT-DilutionPlate),46,,aq1frsp5y3mm8hg,670.0,,,,,,,,,,,,,,
144,ct1frs48v2f4y8r-IVTT-DilutionPlate,ct1frskpxbyc7pv,Container(ct1frs48v2f4y8r-IVTT-DilutionPlate),47,,aq1frsp5y3nrend,670.0,,,,,,,,,,,,,,
145,ct1frs48v2f4y8r-IVTT-DilutionPlate,ct1frskpxbyc7pv,Container(ct1frs48v2f4y8r-IVTT-DilutionPlate),48,,aq1frsp5y3nrenf,670.0,,,,,,,,,,,,,,
146,ct1frs48v2f4y8r-IVTT-DilutionPlate,ct1frskpxbyc7pv,Container(ct1frs48v2f4y8r-IVTT-DilutionPlate),49,,aq1frsp5y3nrenh,670.0,,,,,,,,,,,,,,
147,ct1frs48v2f4y8r-IVTT-DilutionPlate,ct1frskpxbyc7pv,Container(ct1frs48v2f4y8r-IVTT-DilutionPlate),50,,aq1frsp5y3nrenk,670.0,,,,,,,,,,,,,,
148,ct1frs48v2f4y8r-IVTT-DilutionPlate,ct1frskpxbyc7pv,Container(ct1frs48v2f4y8r-IVTT-DilutionPlate),51,,aq1frsp5y3pvmsf,670.0,,,,,,,,,,,,,,
149,ct1frs48v2f4y8r-IVTT-DilutionPlate,ct1frskpxbyc7pv,Container(ct1frs48v2f4y8r-IVTT-DilutionPlate),52,,aq1frsp5y3pvmsh,670.0,,,,,,,,,,,,,,
150,ct1frs48v2f4y8r-IVTT-DilutionPlate,ct1frskpxbyc7pv,Container(ct1frs48v2f4y8r-IVTT-DilutionPlate),53,,aq1frsp5y3pvmsk,670.0,,,,,,,,,,,,,,
151,ct1frs48v2f4y8r-IVTT-DilutionPlate,ct1frskpxbyc7pv,Container(ct1frs48v2f4y8r-IVTT-DilutionPlate),54,,aq1frsp5y3qztwg,670.0,,,,,,,,,,,,,,
152,ct1frs48v2f4y8r-IVTT-DilutionPlate,ct1frskpxbyc7pv,Container(ct1frs48v2f4y8r-IVTT-DilutionPlate),55,,aq1frsp5y3qztwj,670.0,,,,,,,,,,,,,,
153,ct1frs48v2f4y8r-IVTT-DilutionPlate,ct1frskpxbyc7pv,Container(ct1frs48v2f4y8r-IVTT-DilutionPlate),56,,aq1frsp5y3qztwm,670.0,,,,,,,,,,,,,,
154,ct1frs48v2f4y8r-IVTT-DilutionPlate,ct1frskpxbyc7pv,Container(ct1frs48v2f4y8r-IVTT-DilutionPlate),57,,aq1frsp5y3s622g,670.0,,,,,,,,,,,,,,
155,ct1frs48v2f4y8r-IVTT-DilutionPlate,ct1frskpxbyc7pv,Container(ct1frs48v2f4y8r-IVTT-DilutionPlate),58,,aq1frsp5y3s622j,670.0,,,,,,,,,,,,,,
156,ct1frs48v2f4y8r-IVTT-DilutionPlate,ct1frskpxbyc7pv,Container(ct1frs48v2f4y8r-IVTT-DilutionPlate),59,,aq1frsp5y3s622m,670.0,,,,,,,,,,,,,,
157,ct1frs48v2f4y8r-IVTT-DilutionPlate,ct1frskpxbyc7pv,Container(ct1frs48v2f4y8r-IVTT-DilutionPlate),60,,aq1frsp5y3ta86h,670.0,,,,,,,,,,,,,,
158,ct1frs48v2f4y8r-IVTT-DilutionPlate,ct1frskpxbyc7pv,Container(ct1frs48v2f4y8r-IVTT-DilutionPlate),61,,aq1frsp5y3ta86k,670.0,,,,,,,,,,,,,,
159,ct1frs48v2f4y8r-IVTT-DilutionPlate,ct1frskpxbyc7pv,Container(ct1frs48v2f4y8r-IVTT-DilutionPlate),62,,aq1frsp5y3ta86n,670.0,,,,,,,,,,,,,,
160,ct1frs48v2f4y8r-IVTT-DilutionPlate,ct1frskpxbyc7pv,Container(ct1frs48v2f4y8r-IVTT-DilutionPlate),63,,aq1frsp5y3ueeaj,670.0,,,,,,,,,,,,,,
161,ct1frs48v2f4y8r-IVTT-DilutionPlate,ct1frskpxbyc7pv,Container(ct1frs48v2f4y8r-IVTT-DilutionPlate),64,,aq1frsp5y3ueeam,670.0,,,,,,,,,,,,,,
162,ct1frs48v2f4y8r-IVTT-DilutionPlate,ct1frskpxbyc7pv,Container(ct1frs48v2f4y8r-IVTT-DilutionPlate),65,,aq1frsp5y3ueeap,670.0,,,,,,,,,,,,,,
163,ct1frs48v2f4y8r-IVTT-DilutionPlate,ct1frskpxbyc7pv,Container(ct1frs48v2f4y8r-IVTT-DilutionPlate),66,,aq1frsp5y3vjmek,670.0,,,,,,,,,,,,,,
164,ct1frs48v2f4y8r-IVTT-DilutionPlate,ct1frskpxbyc7pv,Container(ct1frs48v2f4y8r-IVTT-DilutionPlate),67,,aq1frsp5y3vjmen,670.0,,,,,,,,,,,,,,
165,ct1frs48v2f4y8r-IVTT-DilutionPlate,ct1frskpxbyc7pv,Container(ct1frs48v2f4y8r-IVTT-DilutionPlate),68,,aq1frsp5y3vjmeq,670.0,,,,,,,,,,,,,,
166,ct1frs48v2f4y8r-IVTT-DilutionPlate,ct1frskpxbyc7pv,Container(ct1frs48v2f4y8r-IVTT-DilutionPlate),69,,aq1frsp5y3vjmes,670.0,,,,,,,,,,,,,,
167,ct1frs48v2f4y8r-IVTT-DilutionPlate,ct1frskpxbyc7pv,Container(ct1frs48v2f4y8r-IVTT-DilutionPlate),70,,aq1frsp5y3wptjn,670.0,,,,,,,,,,,,,,
168,ct1frs48v2f4y8r-IVTT-DilutionPlate,ct1frskpxbyc7pv,Container(ct1frs48v2f4y8r-IVTT-DilutionPlate),71,,aq1frsp5y3wptjq,670.0,,,,,,,,,,,,,,
169,ct1frs48v2f4y8r-IVTT-DilutionPlate,ct1frskpxbyc7pv,Container(ct1frs48v2f4y8r-IVTT-DilutionPlate),72,,aq1frsp5y3wptjs,670.0,,,,,,,,,,,,,,
170,ct1frs48v2f4y8r-IVTT-DilutionPlate,ct1frskpxbyc7pv,Container(ct1frs48v2f4y8r-IVTT-DilutionPlate),73,,aq1frsp5y3xtzpp,670.0,,,,,,,,,,,,,,
171,ct1frs48v2f4y8r-IVTT-DilutionPlate,ct1frskpxbyc7pv,Container(ct1frs48v2f4y8r-IVTT-DilutionPlate),74,,aq1frsp5y3xtzpr,670.0,,,,,,,,,,,,,,
172,ct1frs48v2f4y8r-IVTT-DilutionPlate,ct1frskpxbyc7pv,Container(ct1frs48v2f4y8r-IVTT-DilutionPlate),75,,aq1frsp5y3xtzpt,670.0,,,,,,,,,,,,,,
173,ct1frs48v2f4y8r-IVTT-DilutionPlate,ct1frskpxbyc7pv,Container(ct1frs48v2f4y8r-IVTT-DilutionPlate),76,,aq1frsp5y3yy7tq,670.0,,,,,,,,,,,,,,
174,ct1frs48v2f4y8r-IVTT-DilutionPlate,ct1frskpxbyc7pv,Container(ct1frs48v2f4y8r-IVTT-DilutionPlate),77,,aq1frsp5y3yy7ts,670.0,,,,,,,,,,,,,,
175,ct1frs48v2f4y8r-IVTT-DilutionPlate,ct1frskpxbyc7pv,Container(ct1frs48v2f4y8r-IVTT-DilutionPlate),78,,aq1frsp5y3yy7tu,670.0,,,,,,,,,,,,,,
176,ct1frs48v2f4y8r-IVTT-DilutionPlate,ct1frskpxbyc7pv,Container(ct1frs48v2f4y8r-IVTT-DilutionPlate),79,,aq1frsp5y424dxr,670.0,,,,,,,,,,,,,,
177,ct1frs48v2f4y8r-IVTT-DilutionPlate,ct1frskpxbyc7pv,Container(ct1frs48v2f4y8r-IVTT-DilutionPlate),80,,aq1frsp5y424dxt,670.0,,,,,,,,,,,,,,
178,ct1frs48v2f4y8r-IVTT-DilutionPlate,ct1frskpxbyc7pv,Container(ct1frs48v2f4y8r-IVTT-DilutionPlate),81,,aq1frsp5y424dxv,670.0,,,,,,,,,,,,,,
179,ct1frs48v2f4y8r-IVTT-DilutionPlate,ct1frskpxbyc7pv,Container(ct1frs48v2f4y8r-IVTT-DilutionPlate),82,,aq1frsp5y438m3s,670.0,,,,,,,,,,,,,,
180,ct1frs48v2f4y8r-IVTT-DilutionPlate,ct1frskpxbyc7pv,Container(ct1frs48v2f4y8r-IVTT-DilutionPlate),83,,aq1frsp5y438m3u,670.0,,,,,,,,,,,,,,
181,ct1frs48v2f4y8r-IVTT-DilutionPlate,ct1frskpxbyc7pv,Container(ct1frs48v2f4y8r-IVTT-DilutionPlate),84,,aq1frsp5y438m3w,670.0,,,,,,,,,,,,,,
182,ct1frs48v2f4y8r-IVTT-DilutionPlate,ct1frskpxbyc7pv,Container(ct1frs48v2f4y8r-IVTT-DilutionPlate),85,,aq1frsp5y44ct7s,670.0,,,,,,,,,,,,,,
183,ct1frs48v2f4y8r-IVTT-DilutionPlate,ct1frskpxbyc7pv,Container(ct1frs48v2f4y8r-IVTT-DilutionPlate),86,,aq1frsp5y44ct7u,670.0,,,,,,,,,,,,,,
184,ct1frs48v2f4y8r-IVTT-DilutionPlate,ct1frskpxbyc7pv,Container(ct1frs48v2f4y8r-IVTT-DilutionPlate),87,,aq1frsp5y44ct7w,670.0,,,,,,,,,,,,,,
185,ct1frs48v2f4y8r-IVTT-DilutionPlate,ct1frskpxbyc7pv,Container(ct1frs48v2f4y8r-IVTT-DilutionPlate),88,,aq1frsp5y45gzbt,670.0,,,,,,,,,,,,,,
186,ct1frs48v2f4y8r-IVTT-DilutionPlate,ct1frskpxbyc7pv,Container(ct1frs48v2f4y8r-IVTT-DilutionPlate),89,,aq1frsp5y45gzbv,670.0,,,,,,,,,,,,,,
187,ct1frs48v2f4y8r-IVTT-DilutionPlate,ct1frskpxbyc7pv,Container(ct1frs48v2f4y8r-IVTT-DilutionPlate),90,,aq1frsp5y45gzbx,670.0,,,,,,,,,,,,,,
188,ct1frs48v2f4y8r-IVTT-DilutionPlate,ct1frskpxbyc7pv,Container(ct1frs48v2f4y8r-IVTT-DilutionPlate),91,,aq1frsp5y46n7fu,670.0,,,,,,,,,,,,,,
189,ct1frs48v2f4y8r-IVTT-DilutionPlate,ct1frskpxbyc7pv,Container(ct1frs48v2f4y8r-IVTT-DilutionPlate),92,,aq1frsp5y46n7fw,670.0,,,,,,,,,,,,,,
190,ct1frs48v2f4y8r-IVTT-DilutionPlate,ct1frskpxbyc7pv,Container(ct1frs48v2f4y8r-IVTT-DilutionPlate),93,,aq1frsp5y46n7fy,670.0,,,,,,,,,,,,,,
191,ct1frs48v2f4y8r-IVTT-DilutionPlate,ct1frskpxbyc7pv,Container(ct1frs48v2f4y8r-IVTT-DilutionPlate),94,,aq1frsp5y47sdkv,670.0,,,,,,,,,,,,,,
192,ct1frs48v2f4y8r-IVTT-DilutionPlate,ct1frskpxbyc7pv,Container(ct1frs48v2f4y8r-IVTT-DilutionPlate),95,,aq1frsp5y47sdkx,670.0,,,,,,,,,,,,,,
193,1-IVTT-Mix-Tube,ct1frskpxcajyv6,Container(1-IVTT-Mix-Tube),0,,aq1frsmyfkyvupq,150.0,,,,,,,,,,,,,,
194,2-IVTT-Mix-Tube,ct1frskpxcknjwe,Container(2-IVTT-Mix-Tube),0,,aq1frsmygynp979,150.0,,,,,,,,,,,,,,
195,3-IVTT-Mix-Tube,ct1frskpxcvr5xp,Container(3-IVTT-Mix-Tube),0,,aq1frsmyhzhfxpz,150.0,,,,,,,,,,,,,,
196,4-IVTT-Mix-Tube,ct1frskpxd7xx4y,Container(4-IVTT-Mix-Tube),0,,aq1frsmzhmpnu7a,270.0,,,,,,,,,,,,,,
197,ProteinSubstrate-Provisions-Tube,ct1frskpxdh2h68,Container(ProteinSubstrate-Provisions-Tube),0,,aq1frsmsbd5jx28,200.0,,,,,,,,,,,,,,
198,Row:0-ct1frs48v2f4y8r-High-IncubationPlate,ct1frskpxdu9abh,Container(Row:0-ct1frs48v2f4y8r-High-IncubationPlate),0,,aq1frspqyx45uzp,30.0,rs1f47z2uft2kyv,20:microliter,Protein,rs1f47z3qb2zdga,40:microliter,Protein,ct1frpday6eten4:0,,,,75:celsius,,,
199,Row:0-ct1frs48v2f4y8r-High-IncubationPlate,ct1frskpxdu9abh,Container(Row:0-ct1frs48v2f4y8r-High-IncubationPlate),1,,aq1frspqyx5a35q,30.0,rs1f47z2uft2kyv,20:microliter,Protein,rs1f47z3qb2zdga,40:microliter,Protein,ct1frpday6eten4:1,,,,75:celsius,,,
200,Row:0-ct1frs48v2f4y8r-High-IncubationPlate,ct1frskpxdu9abh,Container(Row:0-ct1frs48v2f4y8r-High-IncubationPlate),2,,aq1frspqyx6e99r,30.0,rs1f47z2uft2kyv,20:microliter,Protein,rs1f47z3qb2zdga,40:microliter,Protein,ct1frpday6eten4:2,,,,75:celsius,,,
201,Row:0-ct1frs48v2f4y8r-High-IncubationPlate,ct1frskpxdu9abh,Container(Row:0-ct1frs48v2f4y8r-High-IncubationPlate),3,,aq1frspqyx6e99t,30.0,rs1f47z2uft2kyv,20:microliter,Protein,rs1f47z3qb2zdga,40:microliter,Protein,ct1frpday6eten4:3,,,,75:celsius,,,
202,Row:0-ct1frs48v2f4y8r-High-IncubationPlate,ct1frskpxdu9abh,Container(Row:0-ct1frs48v2f4y8r-High-IncubationPlate),4,,aq1frspqyx7jfdt,30.0,rs1f47z2uft2kyv,20:microliter,Protein,rs1f47z3qb2zdga,40:microliter,Protein,ct1frpday6eten4:4,,,,75:celsius,,,
203,Row:0-ct1frs48v2f4y8r-High-IncubationPlate,ct1frskpxdu9abh,Container(Row:0-ct1frs48v2f4y8r-High-IncubationPlate),5,,aq1frspqyx7jfdv,30.0,rs1f47z2uft2kyv,20:microliter,Protein,rs1f47z3qb2zdga,40:microliter,Protein,ct1frpday6eten4:5,,,,75:celsius,,,
204,Row:0-ct1frs48v2f4y8r-High-IncubationPlate,ct1frskpxdu9abh,Container(Row:0-ct1frs48v2f4y8r-High-IncubationPlate),6,,aq1frspqyx8pnhu,30.0,,,,,,,,,,,75:celsius,,,
205,Row:0-ct1frs48v2f4y8r-High-IncubationPlate,ct1frskpxdu9abh,Container(Row:0-ct1frs48v2f4y8r-High-IncubationPlate),7,,aq1frspqyx9tunv,30.0,,,,,,,,,,,75:celsius,,,
206,Row:0-ct1frs48v2f4y8r-High-IncubationPlate,ct1frskpxdu9abh,Container(Row:0-ct1frs48v2f4y8r-High-IncubationPlate),8,,aq1frspqyxay2sw,30.0,,,,,,,,,,,75:celsius,,,
207,Row:0-ct1frs48v2f4y8r-High-IncubationPlate,ct1frskpxdu9abh,Container(Row:0-ct1frs48v2f4y8r-High-IncubationPlate),9,,aq1frspqyxc48ww,30.0,,,,,,,,,,,75:celsius,,,
208,Row:0-ct1frs48v2f4y8r-High-IncubationPlate,ct1frskpxdu9abh,Container(Row:0-ct1frs48v2f4y8r-High-IncubationPlate),10,,aq1frspqyxc48wy,30.0,,,,,,,,,,,75:celsius,,,
209,Row:0-ct1frs48v2f4y8r-High-IncubationPlate,ct1frskpxdu9abh,Container(Row:0-ct1frs48v2f4y8r-High-IncubationPlate),11,,aq1frspqyxd8f2x,30.0,,,,,,,,,,,75:celsius,,,
210,Row:0-ct1frs48v2f4y8r-High-IncubationPlate,ct1frskpxdu9abh,Container(Row:0-ct1frs48v2f4y8r-High-IncubationPlate),24,,aq1frspqyxgn2f3,30.0,rs1f47z2uft2kyv,20:microliter,Protein,rs1f47z3qb2zdga,40:microliter,Protein,ct1frpday6eten4:0,,,,71.6:celsius,,,
211,Row:0-ct1frs48v2f4y8r-High-IncubationPlate,ct1frskpxdu9abh,Container(Row:0-ct1frs48v2f4y8r-High-IncubationPlate),25,,aq1frspqyxhs8k3,30.0,rs1f47z2uft2kyv,20:microliter,Protein,rs1f47z3qb2zdga,40:microliter,Protein,ct1frpday6eten4:1,,,,71.6:celsius,,,
212,Row:0-ct1frs48v2f4y8r-High-IncubationPlate,ct1frskpxdu9abh,Container(Row:0-ct1frs48v2f4y8r-High-IncubationPlate),26,,aq1frspqyxhs8k5,30.0,rs1f47z2uft2kyv,20:microliter,Protein,rs1f47z3qb2zdga,40:microliter,Protein,ct1frpday6eten4:2,,,,71.6:celsius,,,
213,Row:0-ct1frs48v2f4y8r-High-IncubationPlate,ct1frskpxdu9abh,Container(Row:0-ct1frs48v2f4y8r-High-IncubationPlate),27,,aq1frspqyxjweq5,30.0,rs1f47z2uft2kyv,20:microliter,Protein,rs1f47z3qb2zdga,40:microliter,Protein,ct1frpday6eten4:3,,,,71.6:celsius,,,
214,Row:0-ct1frs48v2f4y8r-High-IncubationPlate,ct1frskpxdu9abh,Container(Row:0-ct1frs48v2f4y8r-High-IncubationPlate),28,,aq1frspqyxjweq7,30.0,rs1f47z2uft2kyv,20:microliter,Protein,rs1f47z3qb2zdga,40:microliter,Protein,ct1frpday6eten4:4,,,,71.6:celsius,,,
215,Row:0-ct1frs48v2f4y8r-High-IncubationPlate,ct1frskpxdu9abh,Container(Row:0-ct1frs48v2f4y8r-High-IncubationPlate),29,,aq1frspqyxm2mu6,30.0,rs1f47z2uft2kyv,20:microliter,Protein,rs1f47z3qb2zdga,40:microliter,Protein,ct1frpday6eten4:5,,,,71.6:celsius,,,
216,Row:0-ct1frs48v2f4y8r-High-IncubationPlate,ct1frskpxdu9abh,Container(Row:0-ct1frs48v2f4y8r-High-IncubationPlate),30,,aq1frspqyxm2mu8,30.0,,,,,,,,,,,71.6:celsius,,,
217,Row:0-ct1frs48v2f4y8r-High-IncubationPlate,ct1frskpxdu9abh,Container(Row:0-ct1frs48v2f4y8r-High-IncubationPlate),31,,aq1frspqyxn6ty6,30.0,,,,,,,,,,,71.6:celsius,,,
218,Row:0-ct1frs48v2f4y8r-High-IncubationPlate,ct1frskpxdu9abh,Container(Row:0-ct1frs48v2f4y8r-High-IncubationPlate),32,,aq1frspqyxn6ty8,30.0,,,,,,,,,,,71.6:celsius,,,
219,Row:0-ct1frs48v2f4y8r-High-IncubationPlate,ct1frskpxdu9abh,Container(Row:0-ct1frs48v2f4y8r-High-IncubationPlate),33,,aq1frspqyxpb247,30.0,,,,,,,,,,,71.6:celsius,,,
220,Row:0-ct1frs48v2f4y8r-High-IncubationPlate,ct1frskpxdu9abh,Container(Row:0-ct1frs48v2f4y8r-High-IncubationPlate),34,,aq1frspqyxpb249,30.0,,,,,,,,,,,71.6:celsius,,,
221,Row:0-ct1frs48v2f4y8r-High-IncubationPlate,ct1frskpxdu9abh,Container(Row:0-ct1frs48v2f4y8r-High-IncubationPlate),35,,aq1frspqyxpb24b,30.0,,,,,,,,,,,71.6:celsius,,,
222,Row:0-ct1frs48v2f4y8r-High-IncubationPlate,ct1frskpxdu9abh,Container(Row:0-ct1frs48v2f4y8r-High-IncubationPlate),48,,aq1frspqyxsqmgd,30.0,rs1f47z2uft2kyv,20:microliter,Protein,rs1f47z3qb2zdga,40:microliter,Protein,ct1frpday6eten4:0,,,,62.8:celsius,,,
223,Row:0-ct1frs48v2f4y8r-High-IncubationPlate,ct1frskpxdu9abh,Container(Row:0-ct1frs48v2f4y8r-High-IncubationPlate),49,,aq1frspqyxtutmc,30.0,rs1f47z2uft2kyv,20:microliter,Protein,rs1f47z3qb2zdga,40:microliter,Protein,ct1frpday6eten4:1,,,,62.8:celsius,,,
224,Row:0-ct1frs48v2f4y8r-High-IncubationPlate,ct1frskpxdu9abh,Container(Row:0-ct1frs48v2f4y8r-High-IncubationPlate),50,,aq1frspqyxtutme,30.0,rs1f47z2uft2kyv,20:microliter,Protein,rs1f47z3qb2zdga,40:microliter,Protein,ct1frpday6eten4:2,,,,62.8:celsius,,,
225,Row:0-ct1frs48v2f4y8r-High-IncubationPlate,ct1frskpxdu9abh,Container(Row:0-ct1frs48v2f4y8r-High-IncubationPlate),51,,aq1frspqyxuyzrd,30.0,rs1f47z2uft2kyv,20:microliter,Protein,rs1f47z3qb2zdga,40:microliter,Protein,ct1frpday6eten4:3,,,,62.8:celsius,,,
226,Row:0-ct1frs48v2f4y8r-High-IncubationPlate,ct1frskpxdu9abh,Container(Row:0-ct1frs48v2f4y8r-High-IncubationPlate),52,,aq1frspqyxuyzrf,30.0,rs1f47z2uft2kyv,20:microliter,Protein,rs1f47z3qb2zdga,40:microliter,Protein,ct1frpday6eten4:4,,,,62.8:celsius,,,
227,Row:0-ct1frs48v2f4y8r-High-IncubationPlate,ct1frskpxdu9abh,Container(Row:0-ct1frs48v2f4y8r-High-IncubationPlate),53,,aq1frspqyxw57ve,30.0,rs1f47z2uft2kyv,20:microliter,Protein,rs1f47z3qb2zdga,40:microliter,Protein,ct1frpday6eten4:5,,,,62.8:celsius,,,
228,Row:0-ct1frs48v2f4y8r-High-IncubationPlate,ct1frskpxdu9abh,Container(Row:0-ct1frs48v2f4y8r-High-IncubationPlate),54,,aq1frspqyxw57vg,30.0,,,,,,,,,,,62.8:celsius,,,
229,Row:0-ct1frs48v2f4y8r-High-IncubationPlate,ct1frskpxdu9abh,Container(Row:0-ct1frs48v2f4y8r-High-IncubationPlate),55,,aq1frspqyxx9dzf,30.0,,,,,,,,,,,62.8:celsius,,,
230,Row:0-ct1frs48v2f4y8r-High-IncubationPlate,ct1frskpxdu9abh,Container(Row:0-ct1frs48v2f4y8r-High-IncubationPlate),56,,aq1frspqyxx9dzh,30.0,,,,,,,,,,,62.8:celsius,,,
231,Row:0-ct1frs48v2f4y8r-High-IncubationPlate,ct1frskpxdu9abh,Container(Row:0-ct1frs48v2f4y8r-High-IncubationPlate),57,,aq1frspqyxydm5g,30.0,,,,,,,,,,,62.8:celsius,,,
232,Row:0-ct1frs48v2f4y8r-High-IncubationPlate,ct1frskpxdu9abh,Container(Row:0-ct1frs48v2f4y8r-High-IncubationPlate),58,,aq1frspqyxydm5j,30.0,,,,,,,,,,,62.8:celsius,,,
233,Row:0-ct1frs48v2f4y8r-High-IncubationPlate,ct1frskpxdu9abh,Container(Row:0-ct1frs48v2f4y8r-High-IncubationPlate),59,,aq1frspqyxzht9g,30.0,,,,,,,,,,,62.8:celsius,,,
234,Row:0-ct1frs48v2f4y8r-Low-IncubationPlate,ct1frskpxe5bvcs,Container(Row:0-ct1frs48v2f4y8r-Low-IncubationPlate),12,,aq1frspzfgczsk9,30.0,rs1f47z2uft2kyv,20:microliter,Protein,rs1f47z3qb2zdga,40:microliter,Protein,ct1frpday6eten4:0,,,,55:celsius,,,
235,Row:0-ct1frs48v2f4y8r-Low-IncubationPlate,ct1frskpxe5bvcs,Container(Row:0-ct1frs48v2f4y8r-Low-IncubationPlate),13,,aq1frspzfge5yqa,30.0,rs1f47z2uft2kyv,20:microliter,Protein,rs1f47z3qb2zdga,40:microliter,Protein,ct1frpday6eten4:1,,,,55:celsius,,,
236,Row:0-ct1frs48v2f4y8r-Low-IncubationPlate,ct1frskpxe5bvcs,Container(Row:0-ct1frs48v2f4y8r-Low-IncubationPlate),14,,aq1frspzfge5yqc,30.0,rs1f47z2uft2kyv,20:microliter,Protein,rs1f47z3qb2zdga,40:microliter,Protein,ct1frpday6eten4:2,,,,55:celsius,,,
237,Row:0-ct1frs48v2f4y8r-Low-IncubationPlate,ct1frskpxe5bvcs,Container(Row:0-ct1frs48v2f4y8r-Low-IncubationPlate),15,,aq1frspzfge5yqe,30.0,rs1f47z2uft2kyv,20:microliter,Protein,rs1f47z3qb2zdga,40:microliter,Protein,ct1frpday6eten4:3,,,,55:celsius,,,
238,Row:0-ct1frs48v2f4y8r-Low-IncubationPlate,ct1frskpxe5bvcs,Container(Row:0-ct1frs48v2f4y8r-Low-IncubationPlate),16,,aq1frspzfge5yqg,30.0,rs1f47z2uft2kyv,20:microliter,Protein,rs1f47z3qb2zdga,40:microliter,Protein,ct1frpday6eten4:4,,,,55:celsius,,,
239,Row:0-ct1frs48v2f4y8r-Low-IncubationPlate,ct1frskpxe5bvcs,Container(Row:0-ct1frs48v2f4y8r-Low-IncubationPlate),17,,aq1frspzfgfa6uc,30.0,rs1f47z2uft2kyv,20:microliter,Protein,rs1f47z3qb2zdga,40:microliter,Protein,ct1frpday6eten4:5,,,,55:celsius,,,
240,Row:0-ct1frs48v2f4y8r-Low-IncubationPlate,ct1frskpxe5bvcs,Container(Row:0-ct1frs48v2f4y8r-Low-IncubationPlate),18,,aq1frspzfgfa6ue,30.0,,,,,,,,,,,55:celsius,,,
241,Row:0-ct1frs48v2f4y8r-Low-IncubationPlate,ct1frskpxe5bvcs,Container(Row:0-ct1frs48v2f4y8r-Low-IncubationPlate),19,,aq1frspzfgfa6ug,30.0,,,,,,,,,,,55:celsius,,,
242,Row:0-ct1frs48v2f4y8r-Low-IncubationPlate,ct1frskpxe5bvcs,Container(Row:0-ct1frs48v2f4y8r-Low-IncubationPlate),20,,aq1frspzfggecyc,30.0,,,,,,,,,,,55:celsius,,,
243,Row:0-ct1frs48v2f4y8r-Low-IncubationPlate,ct1frskpxe5bvcs,Container(Row:0-ct1frs48v2f4y8r-Low-IncubationPlate),21,,aq1frspzfggecye,30.0,,,,,,,,,,,55:celsius,,,
244,Row:0-ct1frs48v2f4y8r-Low-IncubationPlate,ct1frskpxe5bvcs,Container(Row:0-ct1frs48v2f4y8r-Low-IncubationPlate),22,,aq1frspzfggecyg,30.0,,,,,,,,,,,55:celsius,,,
245,Row:0-ct1frs48v2f4y8r-Low-IncubationPlate,ct1frskpxe5bvcs,Container(Row:0-ct1frs48v2f4y8r-Low-IncubationPlate),23,,aq1frspzfggecyj,30.0,,,,,,,,,,,55:celsius,,,
246,Row:0-ct1frs48v2f4y8r-Low-IncubationPlate,ct1frskpxe5bvcs,Container(Row:0-ct1frs48v2f4y8r-Low-IncubationPlate),36,,aq1frspzfgjps8k,30.0,rs1f47z2uft2kyv,20:microliter,Protein,rs1f47z3qb2zdga,40:microliter,Protein,ct1frpday6eten4:0,,,,47.5:celsius,,,
247,Row:0-ct1frs48v2f4y8r-Low-IncubationPlate,ct1frskpxe5bvcs,Container(Row:0-ct1frs48v2f4y8r-Low-IncubationPlate),37,,aq1frspzfgktycf,30.0,rs1f47z2uft2kyv,20:microliter,Protein,rs1f47z3qb2zdga,40:microliter,Protein,ct1frpday6eten4:1,,,,47.5:celsius,,,
248,Row:0-ct1frs48v2f4y8r-Low-IncubationPlate,ct1frskpxe5bvcs,Container(Row:0-ct1frs48v2f4y8r-Low-IncubationPlate),38,,aq1frspzfgktych,30.0,rs1f47z2uft2kyv,20:microliter,Protein,rs1f47z3qb2zdga,40:microliter,Protein,ct1frpday6eten4:2,,,,47.5:celsius,,,
249,Row:0-ct1frs48v2f4y8r-Low-IncubationPlate,ct1frskpxe5bvcs,Container(Row:0-ct1frs48v2f4y8r-Low-IncubationPlate),39,,aq1frspzfgktyck,30.0,rs1f47z2uft2kyv,20:microliter,Protein,rs1f47z3qb2zdga,40:microliter,Protein,ct1frpday6eten4:3,,,,47.5:celsius,,,
250,Row:0-ct1frs48v2f4y8r-Low-IncubationPlate,ct1frskpxe5bvcs,Container(Row:0-ct1frs48v2f4y8r-Low-IncubationPlate),40,,aq1frspzfgktycn,30.0,rs1f47z2uft2kyv,20:microliter,Protein,rs1f47z3qb2zdga,40:microliter,Protein,ct1frpday6eten4:4,,,,47.5:celsius,,,
251,Row:0-ct1frs48v2f4y8r-Low-IncubationPlate,ct1frskpxe5bvcs,Container(Row:0-ct1frs48v2f4y8r-Low-IncubationPlate),41,,aq1frspzfgmy6gh,30.0,rs1f47z2uft2kyv,20:microliter,Protein,rs1f47z3qb2zdga,40:microliter,Protein,ct1frpday6eten4:5,,,,47.5:celsius,,,
252,Row:0-ct1frs48v2f4y8r-Low-IncubationPlate,ct1frskpxe5bvcs,Container(Row:0-ct1frs48v2f4y8r-Low-IncubationPlate),42,,aq1frspzfgmy6gk,30.0,,,,,,,,,,,47.5:celsius,,,
253,Row:0-ct1frs48v2f4y8r-Low-IncubationPlate,ct1frskpxe5bvcs,Container(Row:0-ct1frs48v2f4y8r-Low-IncubationPlate),43,,aq1frspzfgmy6gn,30.0,,,,,,,,,,,47.5:celsius,,,
254,Row:0-ct1frs48v2f4y8r-Low-IncubationPlate,ct1frskpxe5bvcs,Container(Row:0-ct1frs48v2f4y8r-Low-IncubationPlate),44,,aq1frspzfgp4cmh,30.0,,,,,,,,,,,47.5:celsius,,,
255,Row:0-ct1frs48v2f4y8r-Low-IncubationPlate,ct1frskpxe5bvcs,Container(Row:0-ct1frs48v2f4y8r-Low-IncubationPlate),45,,aq1frspzfgp4cmk,30.0,,,,,,,,,,,47.5:celsius,,,
256,Row:0-ct1frs48v2f4y8r-Low-IncubationPlate,ct1frskpxe5bvcs,Container(Row:0-ct1frs48v2f4y8r-Low-IncubationPlate),46,,aq1frspzfgp4cmn,30.0,,,,,,,,,,,47.5:celsius,,,
257,Row:0-ct1frs48v2f4y8r-Low-IncubationPlate,ct1frskpxe5bvcs,Container(Row:0-ct1frs48v2f4y8r-Low-IncubationPlate),47,,aq1frspzfgp4cmq,30.0,,,,,,,,,,,47.5:celsius,,,
258,Row:0-ct1frs48v2f4y8r-Low-IncubationPlate,ct1frskpxe5bvcs,Container(Row:0-ct1frs48v2f4y8r-Low-IncubationPlate),60,,aq1frspzfgrcrvr,30.0,rs1f47z2uft2kyv,20:microliter,Protein,rs1f47z3qb2zdga,40:microliter,Protein,ct1frpday6eten4:0,,,,37:celsius,,,
259,Row:0-ct1frs48v2f4y8r-Low-IncubationPlate,ct1frskpxe5bvcs,Container(Row:0-ct1frs48v2f4y8r-Low-IncubationPlate),61,,aq1frspzfgsgxzm,30.0,rs1f47z2uft2kyv,20:microliter,Protein,rs1f47z3qb2zdga,40:microliter,Protein,ct1frpday6eten4:1,,,,37:celsius,,,
260,Row:0-ct1frs48v2f4y8r-Low-IncubationPlate,ct1frskpxe5bvcs,Container(Row:0-ct1frs48v2f4y8r-Low-IncubationPlate),62,,aq1frspzfgsgxzp,30.0,rs1f47z2uft2kyv,20:microliter,Protein,rs1f47z3qb2zdga,40:microliter,Protein,ct1frpday6eten4:2,,,,37:celsius,,,
261,Row:0-ct1frs48v2f4y8r-Low-IncubationPlate,ct1frskpxe5bvcs,Container(Row:0-ct1frs48v2f4y8r-Low-IncubationPlate),63,,aq1frspzfgsgxzr,30.0,rs1f47z2uft2kyv,20:microliter,Protein,rs1f47z3qb2zdga,40:microliter,Protein,ct1frpday6eten4:3,,,,37:celsius,,,
262,Row:0-ct1frs48v2f4y8r-Low-IncubationPlate,ct1frskpxe5bvcs,Container(Row:0-ct1frs48v2f4y8r-Low-IncubationPlate),64,,aq1frspzfgsgxzt,30.0,rs1f47z2uft2kyv,20:microliter,Protein,rs1f47z3qb2zdga,40:microliter,Protein,ct1frpday6eten4:4,,,,37:celsius,,,
263,Row:0-ct1frs48v2f4y8r-Low-IncubationPlate,ct1frskpxe5bvcs,Container(Row:0-ct1frs48v2f4y8r-Low-IncubationPlate),65,,aq1frspzfgtn65p,30.0,rs1f47z2uft2kyv,20:microliter,Protein,rs1f47z3qb2zdga,40:microliter,Protein,ct1frpday6eten4:5,,,,37:celsius,,,
264,Row:0-ct1frs48v2f4y8r-Low-IncubationPlate,ct1frskpxe5bvcs,Container(Row:0-ct1frs48v2f4y8r-Low-IncubationPlate),66,,aq1frspzfgtn65r,30.0,,,,,,,,,,,37:celsius,,,
265,Row:0-ct1frs48v2f4y8r-Low-IncubationPlate,ct1frskpxe5bvcs,Container(Row:0-ct1frs48v2f4y8r-Low-IncubationPlate),67,,aq1frspzfgtn65t,30.0,,,,,,,,,,,37:celsius,,,
266,Row:0-ct1frs48v2f4y8r-Low-IncubationPlate,ct1frskpxe5bvcs,Container(Row:0-ct1frs48v2f4y8r-Low-IncubationPlate),68,,aq1frspzfgusc9p,30.0,,,,,,,,,,,37:celsius,,,
267,Row:0-ct1frs48v2f4y8r-Low-IncubationPlate,ct1frskpxe5bvcs,Container(Row:0-ct1frs48v2f4y8r-Low-IncubationPlate),69,,aq1frspzfgusc9r,30.0,,,,,,,,,,,37:celsius,,,
268,Row:0-ct1frs48v2f4y8r-Low-IncubationPlate,ct1frskpxe5bvcs,Container(Row:0-ct1frs48v2f4y8r-Low-IncubationPlate),70,,aq1frspzfgusc9t,30.0,,,,,,,,,,,37:celsius,,,
269,Row:0-ct1frs48v2f4y8r-Low-IncubationPlate,ct1frskpxe5bvcs,Container(Row:0-ct1frs48v2f4y8r-Low-IncubationPlate),71,,aq1frspzfgvwjdq,30.0,,,,,,,,,,,37:celsius,,,
270,Row:0-ct1frs48v2f4y8r-Low-IncubationPlate,ct1frskpxe5bvcs,Container(Row:0-ct1frs48v2f4y8r-Low-IncubationPlate),84,,aq1frspzfgx2rhw,30.0,rs1f47z2uft2kyv,20:microliter,Protein,rs1f47z3qb2zdga,40:microliter,Protein,ct1frpday6eten4:0,,,,32.5:celsius,,,
271,Row:0-ct1frs48v2f4y8r-Low-IncubationPlate,ct1frskpxe5bvcs,Container(Row:0-ct1frs48v2f4y8r-Low-IncubationPlate),85,,aq1frspzfgy6xns,30.0,rs1f47z2uft2kyv,20:microliter,Protein,rs1f47z3qb2zdga,40:microliter,Protein,ct1frpday6eten4:1,,,,32.5:celsius,,,
272,Row:0-ct1frs48v2f4y8r-Low-IncubationPlate,ct1frskpxe5bvcs,Container(Row:0-ct1frs48v2f4y8r-Low-IncubationPlate),86,,aq1frspzfgy6xnu,30.0,rs1f47z2uft2kyv,20:microliter,Protein,rs1f47z3qb2zdga,40:microliter,Protein,ct1frpday6eten4:2,,,,32.5:celsius,,,
273,Row:0-ct1frs48v2f4y8r-Low-IncubationPlate,ct1frskpxe5bvcs,Container(Row:0-ct1frs48v2f4y8r-Low-IncubationPlate),87,,aq1frspzfgy6xnw,30.0,rs1f47z2uft2kyv,20:microliter,Protein,rs1f47z3qb2zdga,40:microliter,Protein,ct1frpday6eten4:3,,,,32.5:celsius,,,
274,Row:0-ct1frs48v2f4y8r-Low-IncubationPlate,ct1frskpxe5bvcs,Container(Row:0-ct1frs48v2f4y8r-Low-IncubationPlate),88,,aq1frspzfgzb5st,30.0,rs1f47z2uft2kyv,20:microliter,Protein,rs1f47z3qb2zdga,40:microliter,Protein,ct1frpday6eten4:4,,,,32.5:celsius,,,
275,Row:0-ct1frs48v2f4y8r-Low-IncubationPlate,ct1frskpxe5bvcs,Container(Row:0-ct1frs48v2f4y8r-Low-IncubationPlate),89,,aq1frspzfgzb5sv,30.0,rs1f47z2uft2kyv,20:microliter,Protein,rs1f47z3qb2zdga,40:microliter,Protein,ct1frpday6eten4:5,,,,32.5:celsius,,,
276,Row:0-ct1frs48v2f4y8r-Low-IncubationPlate,ct1frskpxe5bvcs,Container(Row:0-ct1frs48v2f4y8r-Low-IncubationPlate),90,,aq1frspzfgzb5sx,30.0,,,,,,,,,,,32.5:celsius,,,
277,Row:0-ct1frs48v2f4y8r-Low-IncubationPlate,ct1frskpxe5bvcs,Container(Row:0-ct1frs48v2f4y8r-Low-IncubationPlate),91,,aq1frspzfgzb5sz,30.0,,,,,,,,,,,32.5:celsius,,,
278,Row:0-ct1frs48v2f4y8r-Low-IncubationPlate,ct1frskpxe5bvcs,Container(Row:0-ct1frs48v2f4y8r-Low-IncubationPlate),92,,aq1frspzfh2fbwv,30.0,,,,,,,,,,,32.5:celsius,,,
279,Row:0-ct1frs48v2f4y8r-Low-IncubationPlate,ct1frskpxe5bvcs,Container(Row:0-ct1frs48v2f4y8r-Low-IncubationPlate),93,,aq1frspzfh2fbwx,30.0,,,,,,,,,,,32.5:celsius,,,
280,Row:0-ct1frs48v2f4y8r-Low-IncubationPlate,ct1frskpxe5bvcs,Container(Row:0-ct1frs48v2f4y8r-Low-IncubationPlate),94,,aq1frspzfh2fbwz,30.0,,,,,,,,,,,32.5:celsius,,,
281,Row:0-ct1frs48v2f4y8r-Low-IncubationPlate,ct1frskpxe5bvcs,Container(Row:0-ct1frs48v2f4y8r-Low-IncubationPlate),95,,aq1frspzfh3kj2v,30.0,,,,,,,,,,,32.5:celsius,,,
282,Row:0-ct1frs48v2f4y8r-ProteinActivity-Plate,ct1frskpxeeefe2,Container(Row:0-ct1frs48v2f4y8r-ProteinActivity-Plate),0,ProteinActivityReaction,aq1frsq3m4erzc2,100.0,rs1f47z2uft2kyv,20:microliter,Protein,rs1f47z3qb2zdga,40:microliter,Protein,ct1frpday6eten4:0,,,,75:celsius,rs1fbyyzjd6ptbz,90:microliter,LigandMix
283,Row:0-ct1frs48v2f4y8r-ProteinActivity-Plate,ct1frskpxeeefe2,Container(Row:0-ct1frs48v2f4y8r-ProteinActivity-Plate),1,ProteinActivityReaction,aq1frsq3m4kasvb,100.0,rs1f47z2uft2kyv,20:microliter,Protein,rs1f47z3qb2zdga,40:microliter,Protein,ct1frpday6eten4:1,,,,75:celsius,rs1fbyyzjd6ptbz,90:microliter,LigandMix
284,Row:0-ct1frs48v2f4y8r-ProteinActivity-Plate,ct1frskpxeeefe2,Container(Row:0-ct1frs48v2f4y8r-ProteinActivity-Plate),2,ProteinActivityReaction,aq1frsqpkc57awx,100.0,rs1f47z2uft2kyv,20:microliter,Protein,rs1f47z3qb2zdga,40:microliter,Protein,ct1frpday6eten4:2,,,,75:celsius,rs1fbyyzjd6ptbz,90:microliter,LigandMix
285,Row:0-ct1frs48v2f4y8r-ProteinActivity-Plate,ct1frskpxeeefe2,Container(Row:0-ct1frs48v2f4y8r-ProteinActivity-Plate),3,ProteinActivityReaction,aq1frsqpkc9r4f6,100.0,rs1f47z2uft2kyv,20:microliter,Protein,rs1f47z3qb2zdga,40:microliter,Protein,ct1frpday6eten4:3,,,,75:celsius,rs1fbyyzjd6ptbz,90:microliter,LigandMix
286,Row:0-ct1frs48v2f4y8r-ProteinActivity-Plate,ct1frskpxeeefe2,Container(Row:0-ct1frs48v2f4y8r-ProteinActivity-Plate),4,ProteinActivityReaction,aq1frsrahrsbzzu,100.0,rs1f47z2uft2kyv,20:microliter,Protein,rs1f47z3qb2zdga,40:microliter,Protein,ct1frpday6eten4:4,,,,75:celsius,rs1fbyyzjd6ptbz,90:microliter,LigandMix
287,Row:0-ct1frs48v2f4y8r-ProteinActivity-Plate,ct1frskpxeeefe2,Container(Row:0-ct1frs48v2f4y8r-ProteinActivity-Plate),5,ProteinActivityReaction,aq1frsrahrwvtj3,100.0,rs1f47z2uft2kyv,20:microliter,Protein,rs1f47z3qb2zdga,40:microliter,Protein,ct1frpday6eten4:5,,,,75:celsius,rs1fbyyzjd6ptbz,90:microliter,LigandMix
288,Row:0-ct1frs48v2f4y8r-ProteinActivity-Plate,ct1frskpxeeefe2,Container(Row:0-ct1frs48v2f4y8r-ProteinActivity-Plate),6,ProteinActivityReaction,aq1frsstpk8f48v,10.0,,,,,,,,,,,,rs1fbyyzjd6ptbz,90:microliter,LigandMix
289,Row:0-ct1frs48v2f4y8r-ProteinActivity-Plate,ct1frskpxeeefe2,Container(Row:0-ct1frs48v2f4y8r-ProteinActivity-Plate),7,ProteinActivityReaction,aq1frsstpk9kact,10.0,,,,,,,,,,,,rs1fbyyzjd6ptbz,90:microliter,LigandMix
290,Row:0-ct1frs48v2f4y8r-ProteinActivity-Plate,ct1frskpxeeefe2,Container(Row:0-ct1frs48v2f4y8r-ProteinActivity-Plate),8,ProteinActivityReaction,aq1frsstpk9kacv,10.0,,,,,,,,,,,,rs1fbyyzjd6ptbz,90:microliter,LigandMix
291,Row:0-ct1frs48v2f4y8r-ProteinActivity-Plate,ct1frskpxeeefe2,Container(Row:0-ct1frs48v2f4y8r-ProteinActivity-Plate),9,ProteinActivityReaction,aq1frsstpk9kacx,10.0,,,,,,,,,,,,rs1fbyyzjd6ptbz,90:microliter,LigandMix
292,Row:0-ct1frs48v2f4y8r-ProteinActivity-Plate,ct1frskpxeeefe2,Container(Row:0-ct1frs48v2f4y8r-ProteinActivity-Plate),10,ProteinActivityReaction,aq1frsstpkaqggu,10.0,,,,,,,,,,,,rs1fbyyzjd6ptbz,90:microliter,LigandMix
293,Row:0-ct1frs48v2f4y8r-ProteinActivity-Plate,ct1frskpxeeefe2,Container(Row:0-ct1frs48v2f4y8r-ProteinActivity-Plate),11,ProteinActivityReaction,aq1frsstpkaqggw,10.0,,,,,,,,,,,,rs1fbyyzjd6ptbz,90:microliter,LigandMix
294,Row:0-ct1frs48v2f4y8r-ProteinActivity-Plate,ct1frskpxeeefe2,Container(Row:0-ct1frs48v2f4y8r-ProteinActivity-Plate),12,ProteinActivityReaction,aq1frsq3m4fw7g4,100.0,rs1f47z2uft2kyv,20:microliter,Protein,rs1f47z3qb2zdga,40:microliter,Protein,ct1frpday6eten4:0,,,,71.6:celsius,rs1fbyyzjd6ptbz,90:microliter,LigandMix
295,Row:0-ct1frs48v2f4y8r-ProteinActivity-Plate,ct1frskpxeeefe2,Container(Row:0-ct1frs48v2f4y8r-ProteinActivity-Plate),13,ProteinActivityReaction,aq1frsq3m4meyz9,100.0,rs1f47z2uft2kyv,20:microliter,Protein,rs1f47z3qb2zdga,40:microliter,Protein,ct1frpday6eten4:1,,,,71.6:celsius,rs1fbyyzjd6ptbz,90:microliter,LigandMix
296,Row:0-ct1frs48v2f4y8r-ProteinActivity-Plate,ct1frskpxeeefe2,Container(Row:0-ct1frs48v2f4y8r-ProteinActivity-Plate),14,ProteinActivityReaction,aq1frsqpkc57ax2,100.0,rs1f47z2uft2kyv,20:microliter,Protein,rs1f47z3qb2zdga,40:microliter,Protein,ct1frpday6eten4:2,,,,71.6:celsius,rs1fbyyzjd6ptbz,90:microliter,LigandMix
297,Row:0-ct1frs48v2f4y8r-ProteinActivity-Plate,ct1frskpxeeefe2,Container(Row:0-ct1frs48v2f4y8r-ProteinActivity-Plate),15,ProteinActivityReaction,aq1frsqpkcavak4,100.0,rs1f47z2uft2kyv,20:microliter,Protein,rs1f47z3qb2zdga,40:microliter,Protein,ct1frpday6eten4:3,,,,71.6:celsius,rs1fbyyzjd6ptbz,90:microliter,LigandMix
298,Row:0-ct1frs48v2f4y8r-ProteinActivity-Plate,ct1frskpxeeefe2,Container(Row:0-ct1frs48v2f4y8r-ProteinActivity-Plate),16,ProteinActivityReaction,aq1frsrahrsbzzx,100.0,rs1f47z2uft2kyv,20:microliter,Protein,rs1f47z3qb2zdga,40:microliter,Protein,ct1frpday6eten4:4,,,,71.6:celsius,rs1fbyyzjd6ptbz,90:microliter,LigandMix
299,Row:0-ct1frs48v2f4y8r-ProteinActivity-Plate,ct1frskpxeeefe2,Container(Row:0-ct1frs48v2f4y8r-ProteinActivity-Plate),17,ProteinActivityReaction,aq1frsrahrxzznz,100.0,rs1f47z2uft2kyv,20:microliter,Protein,rs1f47z3qb2zdga,40:microliter,Protein,ct1frpday6eten4:5,,,,71.6:celsius,rs1fbyyzjd6ptbz,90:microliter,LigandMix
300,Row:0-ct1frs48v2f4y8r-ProteinActivity-Plate,ct1frskpxeeefe2,Container(Row:0-ct1frs48v2f4y8r-ProteinActivity-Plate),18,ProteinActivityReaction,aq1frssvexwm3qj,10.0,,,,,,,,,,,,rs1fbyyzjd6ptbz,90:microliter,LigandMix
301,Row:0-ct1frs48v2f4y8r-ProteinActivity-Plate,ct1frskpxeeefe2,Container(Row:0-ct1frs48v2f4y8r-ProteinActivity-Plate),19,ProteinActivityReaction,aq1frssvexxr9uf,10.0,,,,,,,,,,,,rs1fbyyzjd6ptbz,90:microliter,LigandMix
302,Row:0-ct1frs48v2f4y8r-ProteinActivity-Plate,ct1frskpxeeefe2,Container(Row:0-ct1frs48v2f4y8r-ProteinActivity-Plate),20,ProteinActivityReaction,aq1frssvexxr9uh,10.0,,,,,,,,,,,,rs1fbyyzjd6ptbz,90:microliter,LigandMix
303,Row:0-ct1frs48v2f4y8r-ProteinActivity-Plate,ct1frskpxeeefe2,Container(Row:0-ct1frs48v2f4y8r-ProteinActivity-Plate),21,ProteinActivityReaction,aq1frssvexxr9uk,10.0,,,,,,,,,,,,rs1fbyyzjd6ptbz,90:microliter,LigandMix
304,Row:0-ct1frs48v2f4y8r-ProteinActivity-Plate,ct1frskpxeeefe2,Container(Row:0-ct1frs48v2f4y8r-ProteinActivity-Plate),22,ProteinActivityReaction,aq1frssvexyvfyg,10.0,,,,,,,,,,,,rs1fbyyzjd6ptbz,90:microliter,LigandMix
305,Row:0-ct1frs48v2f4y8r-ProteinActivity-Plate,ct1frskpxeeefe2,Container(Row:0-ct1frs48v2f4y8r-ProteinActivity-Plate),23,ProteinActivityReaction,aq1frssvexyvfyj,10.0,,,,,,,,,,,,rs1fbyyzjd6ptbz,90:microliter,LigandMix
306,Row:0-ct1frs48v2f4y8r-ProteinActivity-Plate,ct1frskpxeeefe2,Container(Row:0-ct1frs48v2f4y8r-ProteinActivity-Plate),24,ProteinActivityReaction,aq1frsq3m4fw7g7,100.0,rs1f47z2uft2kyv,20:microliter,Protein,rs1f47z3qb2zdga,40:microliter,Protein,ct1frpday6eten4:0,,,,62.8:celsius,rs1fbyyzjd6ptbz,90:microliter,LigandMix
307,Row:0-ct1frs48v2f4y8r-ProteinActivity-Plate,ct1frskpxeeefe2,Container(Row:0-ct1frs48v2f4y8r-ProteinActivity-Plate),25,ProteinActivityReaction,aq1frsq3m4meyzc,100.0,rs1f47z2uft2kyv,20:microliter,Protein,rs1f47z3qb2zdga,40:microliter,Protein,ct1frpday6eten4:1,,,,62.8:celsius,rs1fbyyzjd6ptbz,90:microliter,LigandMix
308,Row:0-ct1frs48v2f4y8r-ProteinActivity-Plate,ct1frskpxeeefe2,Container(Row:0-ct1frs48v2f4y8r-ProteinActivity-Plate),26,ProteinActivityReaction,aq1frsqpkc6bh2z,100.0,rs1f47z2uft2kyv,20:microliter,Protein,rs1f47z3qb2zdga,40:microliter,Protein,ct1frpday6eten4:2,,,,62.8:celsius,rs1fbyyzjd6ptbz,90:microliter,LigandMix
309,Row:0-ct1frs48v2f4y8r-ProteinActivity-Plate,ct1frskpxeeefe2,Container(Row:0-ct1frs48v2f4y8r-ProteinActivity-Plate),27,ProteinActivityReaction,aq1frsqpkcavak7,100.0,rs1f47z2uft2kyv,20:microliter,Protein,rs1f47z3qb2zdga,40:microliter,Protein,ct1frpday6eten4:3,,,,62.8:celsius,rs1fbyyzjd6ptbz,90:microliter,LigandMix
310,Row:0-ct1frs48v2f4y8r-ProteinActivity-Plate,ct1frskpxeeefe2,Container(Row:0-ct1frs48v2f4y8r-ProteinActivity-Plate),28,ProteinActivityReaction,aq1frsrahrtg85w,100.0,rs1f47z2uft2kyv,20:microliter,Protein,rs1f47z3qb2zdga,40:microliter,Protein,ct1frpday6eten4:4,,,,62.8:celsius,rs1fbyyzjd6ptbz,90:microliter,LigandMix
311,Row:0-ct1frs48v2f4y8r-ProteinActivity-Plate,ct1frskpxeeefe2,Container(Row:0-ct1frs48v2f4y8r-ProteinActivity-Plate),29,ProteinActivityReaction,aq1frsrahrxzzp4,100.0,rs1f47z2uft2kyv,20:microliter,Protein,rs1f47z3qb2zdga,40:microliter,Protein,ct1frpday6eten4:5,,,,62.8:celsius,rs1fbyyzjd6ptbz,90:microliter,LigandMix
312,Row:0-ct1frs48v2f4y8r-ProteinActivity-Plate,ct1frskpxeeefe2,Container(Row:0-ct1frs48v2f4y8r-ProteinActivity-Plate),30,ProteinActivityReaction,aq1frssx7azkw4p,10.0,,,,,,,,,,,,rs1fbyyzjd6ptbz,90:microliter,LigandMix
313,Row:0-ct1frs48v2f4y8r-ProteinActivity-Plate,ct1frskpxeeefe2,Container(Row:0-ct1frs48v2f4y8r-ProteinActivity-Plate),31,ProteinActivityReaction,aq1frssx7b2r48k,10.0,,,,,,,,,,,,rs1fbyyzjd6ptbz,90:microliter,LigandMix
314,Row:0-ct1frs48v2f4y8r-ProteinActivity-Plate,ct1frskpxeeefe2,Container(Row:0-ct1frs48v2f4y8r-ProteinActivity-Plate),32,ProteinActivityReaction,aq1frssx7b2r48n,10.0,,,,,,,,,,,,rs1fbyyzjd6ptbz,90:microliter,LigandMix
315,Row:0-ct1frs48v2f4y8r-ProteinActivity-Plate,ct1frskpxeeefe2,Container(Row:0-ct1frs48v2f4y8r-ProteinActivity-Plate),33,ProteinActivityReaction,aq1frssx7b2r48q,10.0,,,,,,,,,,,,rs1fbyyzjd6ptbz,90:microliter,LigandMix
316,Row:0-ct1frs48v2f4y8r-ProteinActivity-Plate,ct1frskpxeeefe2,Container(Row:0-ct1frs48v2f4y8r-ProteinActivity-Plate),34,ProteinActivityReaction,aq1frssx7b3vacn,10.0,,,,,,,,,,,,rs1fbyyzjd6ptbz,90:microliter,LigandMix
317,Row:0-ct1frs48v2f4y8r-ProteinActivity-Plate,ct1frskpxeeefe2,Container(Row:0-ct1frs48v2f4y8r-ProteinActivity-Plate),35,ProteinActivityReaction,aq1frssx7b3vacq,10.0,,,,,,,,,,,,rs1fbyyzjd6ptbz,90:microliter,LigandMix
318,Row:0-ct1frs48v2f4y8r-ProteinActivity-Plate,ct1frskpxeeefe2,Container(Row:0-ct1frs48v2f4y8r-ProteinActivity-Plate),36,ProteinActivityReaction,aq1frsq3m4h2dm5,100.0,rs1f47z2uft2kyv,20:microliter,Protein,rs1f47z3qb2zdga,40:microliter,Protein,ct1frpday6eten4:0,,,,55:celsius,rs1fbyyzjd6ptbz,90:microliter,LigandMix
319,Row:0-ct1frs48v2f4y8r-ProteinActivity-Plate,ct1frskpxeeefe2,Container(Row:0-ct1frs48v2f4y8r-ProteinActivity-Plate),37,ProteinActivityReaction,aq1frsq3m4nk75a,100.0,rs1f47z2uft2kyv,20:microliter,Protein,rs1f47z3qb2zdga,40:microliter,Protein,ct1frpday6eten4:1,,,,55:celsius,rs1fbyyzjd6ptbz,90:microliter,LigandMix
320,Row:0-ct1frs48v2f4y8r-ProteinActivity-Plate,ct1frskpxeeefe2,Container(Row:0-ct1frs48v2f4y8r-ProteinActivity-Plate),38,ProteinActivityReaction,aq1frsqpkc7fq6y,100.0,rs1f47z2uft2kyv,20:microliter,Protein,rs1f47z3qb2zdga,40:microliter,Protein,ct1frpday6eten4:2,,,,55:celsius,rs1fbyyzjd6ptbz,90:microliter,LigandMix
321,Row:0-ct1frs48v2f4y8r-ProteinActivity-Plate,ct1frskpxeeefe2,Container(Row:0-ct1frs48v2f4y8r-ProteinActivity-Plate),39,ProteinActivityReaction,aq1frsqpkcbzgq6,100.0,rs1f47z2uft2kyv,20:microliter,Protein,rs1f47z3qb2zdga,40:microliter,Protein,ct1frpday6eten4:3,,,,55:celsius,rs1fbyyzjd6ptbz,90:microliter,LigandMix
322,Row:0-ct1frs48v2f4y8r-ProteinActivity-Plate,ct1frskpxeeefe2,Container(Row:0-ct1frs48v2f4y8r-ProteinActivity-Plate),40,ProteinActivityReaction,aq1frsrahrtg85z,100.0,rs1f47z2uft2kyv,20:microliter,Protein,rs1f47z3qb2zdga,40:microliter,Protein,ct1frpday6eten4:4,,,,55:celsius,rs1fbyyzjd6ptbz,90:microliter,LigandMix
323,Row:0-ct1frs48v2f4y8r-ProteinActivity-Plate,ct1frskpxeeefe2,Container(Row:0-ct1frs48v2f4y8r-ProteinActivity-Plate),41,ProteinActivityReaction,aq1frsrahrz67t3,100.0,rs1f47z2uft2kyv,20:microliter,Protein,rs1f47z3qb2zdga,40:microliter,Protein,ct1frpday6eten4:5,,,,55:celsius,rs1fbyyzjd6ptbz,90:microliter,LigandMix
324,Row:0-ct1frs48v2f4y8r-ProteinActivity-Plate,ct1frskpxeeefe2,Container(Row:0-ct1frs48v2f4y8r-ProteinActivity-Plate),42,ProteinActivityReaction,aq1frsrtbweqtsg,10.0,,,,,,,,,,,,rs1fbyyzjd6ptbz,90:microliter,LigandMix
325,Row:0-ct1frs48v2f4y8r-ProteinActivity-Plate,ct1frskpxeeefe2,Container(Row:0-ct1frs48v2f4y8r-ProteinActivity-Plate),43,ProteinActivityReaction,aq1frsrtbwfuzwd,10.0,,,,,,,,,,,,rs1fbyyzjd6ptbz,90:microliter,LigandMix
326,Row:0-ct1frs48v2f4y8r-ProteinActivity-Plate,ct1frskpxeeefe2,Container(Row:0-ct1frs48v2f4y8r-ProteinActivity-Plate),44,ProteinActivityReaction,aq1frsrtbwfuzwf,10.0,,,,,,,,,,,,rs1fbyyzjd6ptbz,90:microliter,LigandMix
327,Row:0-ct1frs48v2f4y8r-ProteinActivity-Plate,ct1frskpxeeefe2,Container(Row:0-ct1frs48v2f4y8r-ProteinActivity-Plate),45,ProteinActivityReaction,aq1frsrtbwfuzwh,10.0,,,,,,,,,,,,rs1fbyyzjd6ptbz,90:microliter,LigandMix
328,Row:0-ct1frs48v2f4y8r-ProteinActivity-Plate,ct1frskpxeeefe2,Container(Row:0-ct1frs48v2f4y8r-ProteinActivity-Plate),46,ProteinActivityReaction,aq1frsrtbwfuzwk,10.0,,,,,,,,,,,,rs1fbyyzjd6ptbz,90:microliter,LigandMix
329,Row:0-ct1frs48v2f4y8r-ProteinActivity-Plate,ct1frskpxeeefe2,Container(Row:0-ct1frs48v2f4y8r-ProteinActivity-Plate),47,ProteinActivityReaction,aq1frsrtbwgz82f,10.0,,,,,,,,,,,,rs1fbyyzjd6ptbz,90:microliter,LigandMix
330,Row:0-ct1frs48v2f4y8r-ProteinActivity-Plate,ct1frskpxeeefe2,Container(Row:0-ct1frs48v2f4y8r-ProteinActivity-Plate),48,,aq1frsq3m4h2dm8,100.0,rs1f47z2uft2kyv,20:microliter,Protein,rs1f47z3qb2zdga,40:microliter,Protein,ct1frpday6eten4:0,,,,47.5:celsius,,,
331,Row:0-ct1frs48v2f4y8r-ProteinActivity-Plate,ct1frskpxeeefe2,Container(Row:0-ct1frs48v2f4y8r-ProteinActivity-Plate),49,,aq1frsq3m4pqd99,100.0,rs1f47z2uft2kyv,20:microliter,Protein,rs1f47z3qb2zdga,40:microliter,Protein,ct1frpday6eten4:1,,,,47.5:celsius,,,
332,Row:0-ct1frs48v2f4y8r-ProteinActivity-Plate,ct1frskpxeeefe2,Container(Row:0-ct1frs48v2f4y8r-ProteinActivity-Plate),50,,aq1frsqpkc7fq73,100.0,rs1f47z2uft2kyv,20:microliter,Protein,rs1f47z3qb2zdga,40:microliter,Protein,ct1frpday6eten4:2,,,,47.5:celsius,,,
333,Row:0-ct1frs48v2f4y8r-ProteinActivity-Plate,ct1frskpxeeefe2,Container(Row:0-ct1frs48v2f4y8r-ProteinActivity-Plate),51,,aq1frsqpkcd5pu5,100.0,rs1f47z2uft2kyv,20:microliter,Protein,rs1f47z3qb2zdga,40:microliter,Protein,ct1frpday6eten4:3,,,,47.5:celsius,,,
334,Row:0-ct1frs48v2f4y8r-ProteinActivity-Plate,ct1frskpxeeefe2,Container(Row:0-ct1frs48v2f4y8r-ProteinActivity-Plate),52,,aq1frsrahrume9x,100.0,rs1f47z2uft2kyv,20:microliter,Protein,rs1f47z3qb2zdga,40:microliter,Protein,ct1frpday6eten4:4,,,,47.5:celsius,,,
335,Row:0-ct1frs48v2f4y8r-ProteinActivity-Plate,ct1frskpxeeefe2,Container(Row:0-ct1frs48v2f4y8r-ProteinActivity-Plate),53,,aq1frsrahrz67t6,100.0,rs1f47z2uft2kyv,20:microliter,Protein,rs1f47z3qb2zdga,40:microliter,Protein,ct1frpday6eten4:5,,,,47.5:celsius,,,
336,Row:0-ct1frs48v2f4y8r-ProteinActivity-Plate,ct1frskpxeeefe2,Container(Row:0-ct1frs48v2f4y8r-ProteinActivity-Plate),54,,aq1frsrv4gut76x,10.0,,,,,,,,,,,,,,
337,Row:0-ct1frs48v2f4y8r-ProteinActivity-Plate,ct1frskpxeeefe2,Container(Row:0-ct1frs48v2f4y8r-ProteinActivity-Plate),55,,aq1frsrv4gut76z,10.0,,,,,,,,,,,,,,
338,Row:0-ct1frs48v2f4y8r-ProteinActivity-Plate,ct1frskpxeeefe2,Container(Row:0-ct1frs48v2f4y8r-ProteinActivity-Plate),56,,aq1frsrv4gut773,10.0,,,,,,,,,,,,,,
339,Row:0-ct1frs48v2f4y8r-ProteinActivity-Plate,ct1frskpxeeefe2,Container(Row:0-ct1frs48v2f4y8r-ProteinActivity-Plate),57,,aq1frsrv4gvxday,10.0,,,,,,,,,,,,,,
340,Row:0-ct1frs48v2f4y8r-ProteinActivity-Plate,ct1frskpxeeefe2,Container(Row:0-ct1frs48v2f4y8r-ProteinActivity-Plate),58,,aq1frsrv4gvxdb2,10.0,,,,,,,,,,,,,,
341,Row:0-ct1frs48v2f4y8r-ProteinActivity-Plate,ct1frskpxeeefe2,Container(Row:0-ct1frs48v2f4y8r-ProteinActivity-Plate),59,,aq1frsrv4gvxdb4,10.0,,,,,,,,,,,,,,
342,Row:0-ct1frs48v2f4y8r-ProteinActivity-Plate,ct1frskpxeeefe2,Container(Row:0-ct1frs48v2f4y8r-ProteinActivity-Plate),60,,aq1frsq3m4j6kr7,100.0,rs1f47z2uft2kyv,20:microliter,Protein,rs1f47z3qb2zdga,40:microliter,Protein,ct1frpday6eten4:0,,,,37:celsius,,,
343,Row:0-ct1frs48v2f4y8r-ProteinActivity-Plate,ct1frskpxeeefe2,Container(Row:0-ct1frs48v2f4y8r-ProteinActivity-Plate),61,,aq1frsq3m4pqd9c,100.0,rs1f47z2uft2kyv,20:microliter,Protein,rs1f47z3qb2zdga,40:microliter,Protein,ct1frpday6eten4:1,,,,37:celsius,,,
344,Row:0-ct1frs48v2f4y8r-ProteinActivity-Plate,ct1frskpxeeefe2,Container(Row:0-ct1frs48v2f4y8r-ProteinActivity-Plate),62,,aq1frsqpkc8kwaz,100.0,rs1f47z2uft2kyv,20:microliter,Protein,rs1f47z3qb2zdga,40:microliter,Protein,ct1frpday6eten4:2,,,,37:celsius,,,
345,Row:0-ct1frs48v2f4y8r-ProteinActivity-Plate,ct1frskpxeeefe2,Container(Row:0-ct1frs48v2f4y8r-ProteinActivity-Plate),63,,aq1frsqpkcd5pu8,100.0,rs1f47z2uft2kyv,20:microliter,Protein,rs1f47z3qb2zdga,40:microliter,Protein,ct1frpday6eten4:3,,,,37:celsius,,,
346,Row:0-ct1frs48v2f4y8r-ProteinActivity-Plate,ct1frskpxeeefe2,Container(Row:0-ct1frs48v2f4y8r-ProteinActivity-Plate),64,,aq1frsrahrumea2,100.0,rs1f47z2uft2kyv,20:microliter,Protein,rs1f47z3qb2zdga,40:microliter,Protein,ct1frpday6eten4:4,,,,37:celsius,,,
347,Row:0-ct1frs48v2f4y8r-ProteinActivity-Plate,ct1frskpxeeefe2,Container(Row:0-ct1frs48v2f4y8r-ProteinActivity-Plate),65,,aq1frsreske4r64,100.0,rs1f47z2uft2kyv,20:microliter,Protein,rs1f47z3qb2zdga,40:microliter,Protein,ct1frpday6eten4:5,,,,37:celsius,,,
348,Row:0-ct1frs48v2f4y8r-ProteinActivity-Plate,ct1frskpxeeefe2,Container(Row:0-ct1frs48v2f4y8r-ProteinActivity-Plate),66,,aq1frsrwv2msnr4,10.0,,,,,,,,,,,,,,
349,Row:0-ct1frs48v2f4y8r-ProteinActivity-Plate,ct1frskpxeeefe2,Container(Row:0-ct1frs48v2f4y8r-ProteinActivity-Plate),67,,aq1frsrwv2msnr6,10.0,,,,,,,,,,,,,,
350,Row:0-ct1frs48v2f4y8r-ProteinActivity-Plate,ct1frskpxeeefe2,Container(Row:0-ct1frs48v2f4y8r-ProteinActivity-Plate),68,,aq1frsrwv2msnr8,10.0,,,,,,,,,,,,,,
351,Row:0-ct1frs48v2f4y8r-ProteinActivity-Plate,ct1frskpxeeefe2,Container(Row:0-ct1frs48v2f4y8r-ProteinActivity-Plate),69,,aq1frsrwv2nwuv5,10.0,,,,,,,,,,,,,,
352,Row:0-ct1frs48v2f4y8r-ProteinActivity-Plate,ct1frskpxeeefe2,Container(Row:0-ct1frs48v2f4y8r-ProteinActivity-Plate),70,,aq1frsrwv2nwuv7,10.0,,,,,,,,,,,,,,
353,Row:0-ct1frs48v2f4y8r-ProteinActivity-Plate,ct1frskpxeeefe2,Container(Row:0-ct1frs48v2f4y8r-ProteinActivity-Plate),71,,aq1frsrwv2nwuv9,10.0,,,,,,,,,,,,,,
354,Row:0-ct1frs48v2f4y8r-ProteinActivity-Plate,ct1frskpxeeefe2,Container(Row:0-ct1frs48v2f4y8r-ProteinActivity-Plate),72,,aq1frsq3m4j6kra,100.0,rs1f47z2uft2kyv,20:microliter,Protein,rs1f47z3qb2zdga,40:microliter,Protein,ct1frpday6eten4:0,,,,32.5:celsius,,,
355,Row:0-ct1frs48v2f4y8r-ProteinActivity-Plate,ct1frskpxeeefe2,Container(Row:0-ct1frs48v2f4y8r-ProteinActivity-Plate),73,,aq1frsq3m4qukda,100.0,rs1f47z2uft2kyv,20:microliter,Protein,rs1f47z3qb2zdga,40:microliter,Protein,ct1frpday6eten4:1,,,,32.5:celsius,,,
356,Row:0-ct1frs48v2f4y8r-ProteinActivity-Plate,ct1frskpxeeefe2,Container(Row:0-ct1frs48v2f4y8r-ProteinActivity-Plate),74,,aq1frsqpkc8kwb4,100.0,rs1f47z2uft2kyv,20:microliter,Protein,rs1f47z3qb2zdga,40:microliter,Protein,ct1frpday6eten4:2,,,,32.5:celsius,,,
357,Row:0-ct1frs48v2f4y8r-ProteinActivity-Plate,ct1frskpxeeefe2,Container(Row:0-ct1frs48v2f4y8r-ProteinActivity-Plate),75,,aq1frsrahrq3mrs,100.0,rs1f47z2uft2kyv,20:microliter,Protein,rs1f47z3qb2zdga,40:microliter,Protein,ct1frpday6eten4:3,,,,32.5:celsius,,,
358,Row:0-ct1frs48v2f4y8r-ProteinActivity-Plate,ct1frskpxeeefe2,Container(Row:0-ct1frs48v2f4y8r-ProteinActivity-Plate),76,,aq1frsrahrvrmdz,100.0,rs1f47z2uft2kyv,20:microliter,Protein,rs1f47z3qb2zdga,40:microliter,Protein,ct1frpday6eten4:4,,,,32.5:celsius,,,
359,Row:0-ct1frs48v2f4y8r-ProteinActivity-Plate,ct1frskpxeeefe2,Container(Row:0-ct1frs48v2f4y8r-ProteinActivity-Plate),77,,aq1frsreske4r67,100.0,rs1f47z2uft2kyv,20:microliter,Protein,rs1f47z3qb2zdga,40:microliter,Protein,ct1frpday6eten4:5,,,,32.5:celsius,,,
360,Row:0-ct1frs48v2f4y8r-ProteinActivity-Plate,ct1frskpxeeefe2,Container(Row:0-ct1frs48v2f4y8r-ProteinActivity-Plate),78,,aq1frsrymmwb8mh,10.0,,,,,,,,,,,,,,
361,Row:0-ct1frs48v2f4y8r-ProteinActivity-Plate,ct1frskpxeeefe2,Container(Row:0-ct1frs48v2f4y8r-ProteinActivity-Plate),79,,aq1frsrymmwb8mk,10.0,,,,,,,,,,,,,,
362,Row:0-ct1frs48v2f4y8r-ProteinActivity-Plate,ct1frskpxeeefe2,Container(Row:0-ct1frs48v2f4y8r-ProteinActivity-Plate),80,,aq1frsrymmwb8mn,10.0,,,,,,,,,,,,,,
363,Row:0-ct1frs48v2f4y8r-ProteinActivity-Plate,ct1frskpxeeefe2,Container(Row:0-ct1frs48v2f4y8r-ProteinActivity-Plate),81,,aq1frsrymmxferj,10.0,,,,,,,,,,,,,,
364,Row:0-ct1frs48v2f4y8r-ProteinActivity-Plate,ct1frskpxeeefe2,Container(Row:0-ct1frs48v2f4y8r-ProteinActivity-Plate),82,,aq1frsrymmxferm,10.0,,,,,,,,,,,,,,
365,Row:0-ct1frs48v2f4y8r-ProteinActivity-Plate,ct1frskpxeeefe2,Container(Row:0-ct1frs48v2f4y8r-ProteinActivity-Plate),83,,aq1frsrymmxferp,10.0,,,,,,,,,,,,,,
366,Row:0-ct1frs48v2f4y8r-ProteinActivity-Plate,ct1frskpxeeefe2,Container(Row:0-ct1frs48v2f4y8r-ProteinActivity-Plate),84,,aq1frsq3m4kasv8,100.0,,,,,,,,,,,25:celsius,,,
367,Row:0-ct1frs48v2f4y8r-ProteinActivity-Plate,ct1frskpxeeefe2,Container(Row:0-ct1frs48v2f4y8r-ProteinActivity-Plate),85,,aq1frsqpkc434sv,100.0,,,,,,,,,,,25:celsius,,,
368,Row:0-ct1frs48v2f4y8r-ProteinActivity-Plate,ct1frskpxeeefe2,Container(Row:0-ct1frs48v2f4y8r-ProteinActivity-Plate),86,,aq1frsqpkc9r4f3,100.0,,,,,,,,,,,25:celsius,,,
369,Row:0-ct1frs48v2f4y8r-ProteinActivity-Plate,ct1frskpxeeefe2,Container(Row:0-ct1frs48v2f4y8r-ProteinActivity-Plate),87,,aq1frsrahrr7tvv,100.0,,,,,,,,,,,25:celsius,,,
370,Row:0-ct1frs48v2f4y8r-ProteinActivity-Plate,ct1frskpxeeefe2,Container(Row:0-ct1frs48v2f4y8r-ProteinActivity-Plate),88,,aq1frsrahrwvthy,100.0,,,,,,,,,,,25:celsius,,,
371,Row:0-ct1frs48v2f4y8r-ProteinActivity-Plate,ct1frskpxeeefe2,Container(Row:0-ct1frs48v2f4y8r-ProteinActivity-Plate),89,,aq1frsreskf8xa7,100.0,,,,,,,,,,,25:celsius,,,
372,Row:0-ct1frs48v2f4y8r-ProteinActivity-Plate,ct1frskpxeeefe2,Container(Row:0-ct1frs48v2f4y8r-ProteinActivity-Plate),90,,aq1frsrkmebxnz4,10.0,,,,,,,,,,,25:celsius,,,
373,Row:0-ct1frs48v2f4y8r-ProteinActivity-Plate,ct1frskpxeeefe2,Container(Row:0-ct1frs48v2f4y8r-ProteinActivity-Plate),91,,aq1frsrkmebxnz6,10.0,,,,,,,,,,,25:celsius,,,
374,Row:0-ct1frs48v2f4y8r-ProteinActivity-Plate,ct1frskpxeeefe2,Container(Row:0-ct1frs48v2f4y8r-ProteinActivity-Plate),92,,aq1frsrkmed3v54,10.0,,,,,,,,,,,25:celsius,,,
375,Row:0-ct1frs48v2f4y8r-ProteinActivity-Plate,ct1frskpxeeefe2,Container(Row:0-ct1frs48v2f4y8r-ProteinActivity-Plate),93,,aq1frsrkmed3v56,10.0,,,,,,,,,,,25:celsius,,,
376,Row:0-ct1frs48v2f4y8r-ProteinActivity-Plate,ct1frskpxeeefe2,Container(Row:0-ct1frs48v2f4y8r-ProteinActivity-Plate),94,,aq1frsrkmed3v58,10.0,,,,,,,,,,,25:celsius,,,
377,Row:0-ct1frs48v2f4y8r-ProteinActivity-Plate,ct1frskpxeeefe2,Container(Row:0-ct1frs48v2f4y8r-ProteinActivity-Plate),95,,aq1frsrkmee8395,10.0,,,,,,,,,,,25:celsius,,,
378,Row:0-ct1frs48v2f4y8r-Incubated-IVTT-Storage-Plate,ct1frskpxeqh2fa,Container(Row:0-ct1frs48v2f4y8r-Incubated-IVTT-Storage-Plate),0,,aq1frst62edjbpr,30.0,rs1f47z2uft2kyv,20:microliter,Protein,rs1f47z3qb2zdga,40:microliter,Protein,ct1frpday6eten4:0,,,,75:celsius,,,
379,Row:0-ct1frs48v2f4y8r-Incubated-IVTT-Storage-Plate,ct1frskpxeqh2fa,Container(Row:0-ct1frs48v2f4y8r-Incubated-IVTT-Storage-Plate),1,,aq1frst62eephts,30.0,rs1f47z2uft2kyv,20:microliter,Protein,rs1f47z3qb2zdga,40:microliter,Protein,ct1frpday6eten4:1,,,,75:celsius,,,
380,Row:0-ct1frs48v2f4y8r-Incubated-IVTT-Storage-Plate,ct1frskpxeqh2fa,Container(Row:0-ct1frs48v2f4y8r-Incubated-IVTT-Storage-Plate),2,,aq1frst62eephtu,30.0,rs1f47z2uft2kyv,20:microliter,Protein,rs1f47z3qb2zdga,40:microliter,Protein,ct1frpday6eten4:2,,,,75:celsius,,,
381,Row:0-ct1frs48v2f4y8r-Incubated-IVTT-Storage-Plate,ct1frskpxeqh2fa,Container(Row:0-ct1frs48v2f4y8r-Incubated-IVTT-Storage-Plate),3,,aq1frst62eephtw,30.0,rs1f47z2uft2kyv,20:microliter,Protein,rs1f47z3qb2zdga,40:microliter,Protein,ct1frpday6eten4:3,,,,75:celsius,,,
382,Row:0-ct1frs48v2f4y8r-Incubated-IVTT-Storage-Plate,ct1frskpxeqh2fa,Container(Row:0-ct1frs48v2f4y8r-Incubated-IVTT-Storage-Plate),4,,aq1frst62eftqxt,30.0,rs1f47z2uft2kyv,20:microliter,Protein,rs1f47z3qb2zdga,40:microliter,Protein,ct1frpday6eten4:4,,,,75:celsius,,,
383,Row:0-ct1frs48v2f4y8r-Incubated-IVTT-Storage-Plate,ct1frskpxeqh2fa,Container(Row:0-ct1frs48v2f4y8r-Incubated-IVTT-Storage-Plate),5,,aq1frst62eftqxv,30.0,rs1f47z2uft2kyv,20:microliter,Protein,rs1f47z3qb2zdga,40:microliter,Protein,ct1frpday6eten4:5,,,,75:celsius,,,
384,Row:0-ct1frs48v2f4y8r-Incubated-IVTT-Storage-Plate,ct1frskpxeqh2fa,Container(Row:0-ct1frs48v2f4y8r-Incubated-IVTT-Storage-Plate),6,,aq1frst62eftqxx,30.0,,,,,,,,,,,,,,
385,Row:0-ct1frs48v2f4y8r-Incubated-IVTT-Storage-Plate,ct1frskpxeqh2fa,Container(Row:0-ct1frs48v2f4y8r-Incubated-IVTT-Storage-Plate),7,,aq1frst62egxx3u,30.0,,,,,,,,,,,,,,
386,Row:0-ct1frs48v2f4y8r-Incubated-IVTT-Storage-Plate,ct1frskpxeqh2fa,Container(Row:0-ct1frs48v2f4y8r-Incubated-IVTT-Storage-Plate),8,,aq1frst62egxx3w,30.0,,,,,,,,,,,,,,
387,Row:0-ct1frs48v2f4y8r-Incubated-IVTT-Storage-Plate,ct1frskpxeqh2fa,Container(Row:0-ct1frs48v2f4y8r-Incubated-IVTT-Storage-Plate),9,,aq1frst62egxx3y,30.0,,,,,,,,,,,,,,
388,Row:0-ct1frs48v2f4y8r-Incubated-IVTT-Storage-Plate,ct1frskpxeqh2fa,Container(Row:0-ct1frs48v2f4y8r-Incubated-IVTT-Storage-Plate),10,,aq1frst62egxx42,30.0,,,,,,,,,,,,,,
389,Row:0-ct1frs48v2f4y8r-Incubated-IVTT-Storage-Plate,ct1frskpxeqh2fa,Container(Row:0-ct1frs48v2f4y8r-Incubated-IVTT-Storage-Plate),11,,aq1frst62ej457w,30.0,,,,,,,,,,,,,,
390,Row:0-ct1frs48v2f4y8r-Incubated-IVTT-Storage-Plate,ct1frskpxeqh2fa,Container(Row:0-ct1frs48v2f4y8r-Incubated-IVTT-Storage-Plate),12,,aq1frst7tvahp5n,30.0,rs1f47z2uft2kyv,20:microliter,Protein,rs1f47z3qb2zdga,40:microliter,Protein,ct1frpday6eten4:0,,,,71.6:celsius,,,
391,Row:0-ct1frs48v2f4y8r-Incubated-IVTT-Storage-Plate,ct1frskpxeqh2fa,Container(Row:0-ct1frs48v2f4y8r-Incubated-IVTT-Storage-Plate),13,,aq1frst7tvahp5q,30.0,rs1f47z2uft2kyv,20:microliter,Protein,rs1f47z3qb2zdga,40:microliter,Protein,ct1frpday6eten4:1,,,,71.6:celsius,,,
392,Row:0-ct1frs48v2f4y8r-Incubated-IVTT-Storage-Plate,ct1frskpxeqh2fa,Container(Row:0-ct1frs48v2f4y8r-Incubated-IVTT-Storage-Plate),14,,aq1frst7tvahp5s,30.0,rs1f47z2uft2kyv,20:microliter,Protein,rs1f47z3qb2zdga,40:microliter,Protein,ct1frpday6eten4:2,,,,71.6:celsius,,,
393,Row:0-ct1frs48v2f4y8r-Incubated-IVTT-Storage-Plate,ct1frskpxeqh2fa,Container(Row:0-ct1frs48v2f4y8r-Incubated-IVTT-Storage-Plate),15,,aq1frst7tvbnv9p,30.0,rs1f47z2uft2kyv,20:microliter,Protein,rs1f47z3qb2zdga,40:microliter,Protein,ct1frpday6eten4:3,,,,71.6:celsius,,,
394,Row:0-ct1frs48v2f4y8r-Incubated-IVTT-Storage-Plate,ct1frskpxeqh2fa,Container(Row:0-ct1frs48v2f4y8r-Incubated-IVTT-Storage-Plate),16,,aq1frst7tvbnv9r,30.0,rs1f47z2uft2kyv,20:microliter,Protein,rs1f47z3qb2zdga,40:microliter,Protein,ct1frpday6eten4:4,,,,71.6:celsius,,,
395,Row:0-ct1frs48v2f4y8r-Incubated-IVTT-Storage-Plate,ct1frskpxeqh2fa,Container(Row:0-ct1frs48v2f4y8r-Incubated-IVTT-Storage-Plate),17,,aq1frst7tvbnv9t,30.0,rs1f47z2uft2kyv,20:microliter,Protein,rs1f47z3qb2zdga,40:microliter,Protein,ct1frpday6eten4:5,,,,71.6:celsius,,,
396,Row:0-ct1frs48v2f4y8r-Incubated-IVTT-Storage-Plate,ct1frskpxeqh2fa,Container(Row:0-ct1frs48v2f4y8r-Incubated-IVTT-Storage-Plate),18,,aq1frst7tvct3dq,30.0,,,,,,,,,,,,,,
397,Row:0-ct1frs48v2f4y8r-Incubated-IVTT-Storage-Plate,ct1frskpxeqh2fa,Container(Row:0-ct1frs48v2f4y8r-Incubated-IVTT-Storage-Plate),19,,aq1frst7tvct3ds,30.0,,,,,,,,,,,,,,
398,Row:0-ct1frs48v2f4y8r-Incubated-IVTT-Storage-Plate,ct1frskpxeqh2fa,Container(Row:0-ct1frs48v2f4y8r-Incubated-IVTT-Storage-Plate),20,,aq1frst7tvct3du,30.0,,,,,,,,,,,,,,
399,Row:0-ct1frs48v2f4y8r-Incubated-IVTT-Storage-Plate,ct1frskpxeqh2fa,Container(Row:0-ct1frs48v2f4y8r-Incubated-IVTT-Storage-Plate),21,,aq1frst7tvct3dw,30.0,,,,,,,,,,,,,,
400,Row:0-ct1frs48v2f4y8r-Incubated-IVTT-Storage-Plate,ct1frskpxeqh2fa,Container(Row:0-ct1frs48v2f4y8r-Incubated-IVTT-Storage-Plate),22,,aq1frst7tvdx9hs,30.0,,,,,,,,,,,,,,
401,Row:0-ct1frs48v2f4y8r-Incubated-IVTT-Storage-Plate,ct1frskpxeqh2fa,Container(Row:0-ct1frs48v2f4y8r-Incubated-IVTT-Storage-Plate),23,,aq1frst7tvdx9hu,30.0,,,,,,,,,,,,,,
402,Row:0-ct1frs48v2f4y8r-Incubated-IVTT-Storage-Plate,ct1frskpxeqh2fa,Container(Row:0-ct1frs48v2f4y8r-Incubated-IVTT-Storage-Plate),24,,aq1frst9m9735es,30.0,rs1f47z2uft2kyv,20:microliter,Protein,rs1f47z3qb2zdga,40:microliter,Protein,ct1frpday6eten4:0,,,,62.8:celsius,,,
403,Row:0-ct1frs48v2f4y8r-Incubated-IVTT-Storage-Plate,ct1frskpxeqh2fa,Container(Row:0-ct1frs48v2f4y8r-Incubated-IVTT-Storage-Plate),25,,aq1frst9m9735eu,30.0,rs1f47z2uft2kyv,20:microliter,Protein,rs1f47z3qb2zdga,40:microliter,Protein,ct1frpday6eten4:1,,,,62.8:celsius,,,
404,Row:0-ct1frs48v2f4y8r-Incubated-IVTT-Storage-Plate,ct1frskpxeqh2fa,Container(Row:0-ct1frs48v2f4y8r-Incubated-IVTT-Storage-Plate),26,,aq1frst9m9735ew,30.0,rs1f47z2uft2kyv,20:microliter,Protein,rs1f47z3qb2zdga,40:microliter,Protein,ct1frpday6eten4:2,,,,62.8:celsius,,,
405,Row:0-ct1frs48v2f4y8r-Incubated-IVTT-Storage-Plate,ct1frskpxeqh2fa,Container(Row:0-ct1frs48v2f4y8r-Incubated-IVTT-Storage-Plate),27,,aq1frst9m987bju,30.0,rs1f47z2uft2kyv,20:microliter,Protein,rs1f47z3qb2zdga,40:microliter,Protein,ct1frpday6eten4:3,,,,62.8:celsius,,,
406,Row:0-ct1frs48v2f4y8r-Incubated-IVTT-Storage-Plate,ct1frskpxeqh2fa,Container(Row:0-ct1frs48v2f4y8r-Incubated-IVTT-Storage-Plate),28,,aq1frst9m987bjw,30.0,rs1f47z2uft2kyv,20:microliter,Protein,rs1f47z3qb2zdga,40:microliter,Protein,ct1frpday6eten4:4,,,,62.8:celsius,,,
407,Row:0-ct1frs48v2f4y8r-Incubated-IVTT-Storage-Plate,ct1frskpxeqh2fa,Container(Row:0-ct1frs48v2f4y8r-Incubated-IVTT-Storage-Plate),29,,aq1frst9m987bjy,30.0,rs1f47z2uft2kyv,20:microliter,Protein,rs1f47z3qb2zdga,40:microliter,Protein,ct1frpday6eten4:5,,,,62.8:celsius,,,
408,Row:0-ct1frs48v2f4y8r-Incubated-IVTT-Storage-Plate,ct1frskpxeqh2fa,Container(Row:0-ct1frs48v2f4y8r-Incubated-IVTT-Storage-Plate),30,,aq1frst9m99bhpu,30.0,,,,,,,,,,,,,,
409,Row:0-ct1frs48v2f4y8r-Incubated-IVTT-Storage-Plate,ct1frskpxeqh2fa,Container(Row:0-ct1frs48v2f4y8r-Incubated-IVTT-Storage-Plate),31,,aq1frst9m99bhpw,30.0,,,,,,,,,,,,,,
410,Row:0-ct1frs48v2f4y8r-Incubated-IVTT-Storage-Plate,ct1frskpxeqh2fa,Container(Row:0-ct1frs48v2f4y8r-Incubated-IVTT-Storage-Plate),32,,aq1frst9m99bhpy,30.0,,,,,,,,,,,,,,
411,Row:0-ct1frs48v2f4y8r-Incubated-IVTT-Storage-Plate,ct1frskpxeqh2fa,Container(Row:0-ct1frs48v2f4y8r-Incubated-IVTT-Storage-Plate),33,,aq1frst9m9afqtv,30.0,,,,,,,,,,,,,,
412,Row:0-ct1frs48v2f4y8r-Incubated-IVTT-Storage-Plate,ct1frskpxeqh2fa,Container(Row:0-ct1frs48v2f4y8r-Incubated-IVTT-Storage-Plate),34,,aq1frst9m9afqtx,30.0,,,,,,,,,,,,,,
413,Row:0-ct1frs48v2f4y8r-Incubated-IVTT-Storage-Plate,ct1frskpxeqh2fa,Container(Row:0-ct1frs48v2f4y8r-Incubated-IVTT-Storage-Plate),35,,aq1frst9m9afqtz,30.0,,,,,,,,,,,,,,
414,Row:0-ct1frs48v2f4y8r-Incubated-IVTT-Storage-Plate,ct1frskpxeqh2fa,Container(Row:0-ct1frs48v2f4y8r-Incubated-IVTT-Storage-Plate),36,,aq1frss73pdz4ee,30.0,rs1f47z2uft2kyv,20:microliter,Protein,rs1f47z3qb2zdga,40:microliter,Protein,ct1frpday6eten4:0,,,,55:celsius,,,
415,Row:0-ct1frs48v2f4y8r-Incubated-IVTT-Storage-Plate,ct1frskpxeqh2fa,Container(Row:0-ct1frs48v2f4y8r-Incubated-IVTT-Storage-Plate),37,,aq1frss73pf5ajg,30.0,rs1f47z2uft2kyv,20:microliter,Protein,rs1f47z3qb2zdga,40:microliter,Protein,ct1frpday6eten4:1,,,,55:celsius,,,
416,Row:0-ct1frs48v2f4y8r-Incubated-IVTT-Storage-Plate,ct1frskpxeqh2fa,Container(Row:0-ct1frs48v2f4y8r-Incubated-IVTT-Storage-Plate),38,,aq1frss73pf5ajj,30.0,rs1f47z2uft2kyv,20:microliter,Protein,rs1f47z3qb2zdga,40:microliter,Protein,ct1frpday6eten4:2,,,,55:celsius,,,
417,Row:0-ct1frs48v2f4y8r-Incubated-IVTT-Storage-Plate,ct1frskpxeqh2fa,Container(Row:0-ct1frs48v2f4y8r-Incubated-IVTT-Storage-Plate),39,,aq1frss73pf5ajm,30.0,rs1f47z2uft2kyv,20:microliter,Protein,rs1f47z3qb2zdga,40:microliter,Protein,ct1frpday6eten4:3,,,,55:celsius,,,
418,Row:0-ct1frs48v2f4y8r-Incubated-IVTT-Storage-Plate,ct1frskpxeqh2fa,Container(Row:0-ct1frs48v2f4y8r-Incubated-IVTT-Storage-Plate),40,,aq1frss73pg9gph,30.0,rs1f47z2uft2kyv,20:microliter,Protein,rs1f47z3qb2zdga,40:microliter,Protein,ct1frpday6eten4:4,,,,55:celsius,,,
419,Row:0-ct1frs48v2f4y8r-Incubated-IVTT-Storage-Plate,ct1frskpxeqh2fa,Container(Row:0-ct1frs48v2f4y8r-Incubated-IVTT-Storage-Plate),41,,aq1frss73pg9gpk,30.0,rs1f47z2uft2kyv,20:microliter,Protein,rs1f47z3qb2zdga,40:microliter,Protein,ct1frpday6eten4:5,,,,55:celsius,,,
420,Row:0-ct1frs48v2f4y8r-Incubated-IVTT-Storage-Plate,ct1frskpxeqh2fa,Container(Row:0-ct1frs48v2f4y8r-Incubated-IVTT-Storage-Plate),42,,aq1frss73pg9gpn,30.0,,,,,,,,,,,,,,
421,Row:0-ct1frs48v2f4y8r-Incubated-IVTT-Storage-Plate,ct1frskpxeqh2fa,Container(Row:0-ct1frs48v2f4y8r-Incubated-IVTT-Storage-Plate),43,,aq1frss73phdpth,30.0,,,,,,,,,,,,,,
422,Row:0-ct1frs48v2f4y8r-Incubated-IVTT-Storage-Plate,ct1frskpxeqh2fa,Container(Row:0-ct1frs48v2f4y8r-Incubated-IVTT-Storage-Plate),44,,aq1frss73phdptk,30.0,,,,,,,,,,,,,,
423,Row:0-ct1frs48v2f4y8r-Incubated-IVTT-Storage-Plate,ct1frskpxeqh2fa,Container(Row:0-ct1frs48v2f4y8r-Incubated-IVTT-Storage-Plate),45,,aq1frss73phdptn,30.0,,,,,,,,,,,,,,
424,Row:0-ct1frs48v2f4y8r-Incubated-IVTT-Storage-Plate,ct1frskpxeqh2fa,Container(Row:0-ct1frs48v2f4y8r-Incubated-IVTT-Storage-Plate),46,,aq1frss73pjhvxj,30.0,,,,,,,,,,,,,,
425,Row:0-ct1frs48v2f4y8r-Incubated-IVTT-Storage-Plate,ct1frskpxeqh2fa,Container(Row:0-ct1frs48v2f4y8r-Incubated-IVTT-Storage-Plate),47,,aq1frss73pjhvxm,30.0,,,,,,,,,,,,,,
426,Row:0-ct1frs48v2f4y8r-Incubated-IVTT-Storage-Plate,ct1frskpxeqh2fa,Container(Row:0-ct1frs48v2f4y8r-Incubated-IVTT-Storage-Plate),48,,aq1frss8v5ed29e,30.0,rs1f47z2uft2kyv,20:microliter,Protein,rs1f47z3qb2zdga,40:microliter,Protein,ct1frpday6eten4:0,,,,47.5:celsius,,,
427,Row:0-ct1frs48v2f4y8r-Incubated-IVTT-Storage-Plate,ct1frskpxeqh2fa,Container(Row:0-ct1frs48v2f4y8r-Incubated-IVTT-Storage-Plate),49,,aq1frss8v5ed29g,30.0,rs1f47z2uft2kyv,20:microliter,Protein,rs1f47z3qb2zdga,40:microliter,Protein,ct1frpday6eten4:1,,,,47.5:celsius,,,
428,Row:0-ct1frs48v2f4y8r-Incubated-IVTT-Storage-Plate,ct1frskpxeqh2fa,Container(Row:0-ct1frs48v2f4y8r-Incubated-IVTT-Storage-Plate),50,,aq1frss8v5ed29j,30.0,rs1f47z2uft2kyv,20:microliter,Protein,rs1f47z3qb2zdga,40:microliter,Protein,ct1frpday6eten4:2,,,,47.5:celsius,,,
429,Row:0-ct1frs48v2f4y8r-Incubated-IVTT-Storage-Plate,ct1frskpxeqh2fa,Container(Row:0-ct1frs48v2f4y8r-Incubated-IVTT-Storage-Plate),51,,aq1frss8v5fh8dg,30.0,rs1f47z2uft2kyv,20:microliter,Protein,rs1f47z3qb2zdga,40:microliter,Protein,ct1frpday6eten4:3,,,,47.5:celsius,,,
430,Row:0-ct1frs48v2f4y8r-Incubated-IVTT-Storage-Plate,ct1frskpxeqh2fa,Container(Row:0-ct1frs48v2f4y8r-Incubated-IVTT-Storage-Plate),52,,aq1frss8v5fh8dj,30.0,rs1f47z2uft2kyv,20:microliter,Protein,rs1f47z3qb2zdga,40:microliter,Protein,ct1frpday6eten4:4,,,,47.5:celsius,,,
431,Row:0-ct1frs48v2f4y8r-Incubated-IVTT-Storage-Plate,ct1frskpxeqh2fa,Container(Row:0-ct1frs48v2f4y8r-Incubated-IVTT-Storage-Plate),53,,aq1frss8v5fh8dm,30.0,rs1f47z2uft2kyv,20:microliter,Protein,rs1f47z3qb2zdga,40:microliter,Protein,ct1frpday6eten4:5,,,,47.5:celsius,,,
432,Row:0-ct1frs48v2f4y8r-Incubated-IVTT-Storage-Plate,ct1frskpxeqh2fa,Container(Row:0-ct1frs48v2f4y8r-Incubated-IVTT-Storage-Plate),54,,aq1frss8v5gnehh,30.0,,,,,,,,,,,,,,
433,Row:0-ct1frs48v2f4y8r-Incubated-IVTT-Storage-Plate,ct1frskpxeqh2fa,Container(Row:0-ct1frs48v2f4y8r-Incubated-IVTT-Storage-Plate),55,,aq1frss8v5gnehk,30.0,,,,,,,,,,,,,,
434,Row:0-ct1frs48v2f4y8r-Incubated-IVTT-Storage-Plate,ct1frskpxeqh2fa,Container(Row:0-ct1frs48v2f4y8r-Incubated-IVTT-Storage-Plate),56,,aq1frss8v5gnehn,30.0,,,,,,,,,,,,,,
435,Row:0-ct1frs48v2f4y8r-Incubated-IVTT-Storage-Plate,ct1frskpxeqh2fa,Container(Row:0-ct1frs48v2f4y8r-Incubated-IVTT-Storage-Plate),57,,aq1frss8v5hsmnh,30.0,,,,,,,,,,,,,,
436,Row:0-ct1frs48v2f4y8r-Incubated-IVTT-Storage-Plate,ct1frskpxeqh2fa,Container(Row:0-ct1frs48v2f4y8r-Incubated-IVTT-Storage-Plate),58,,aq1frss8v5hsmnk,30.0,,,,,,,,,,,,,,
437,Row:0-ct1frs48v2f4y8r-Incubated-IVTT-Storage-Plate,ct1frskpxeqh2fa,Container(Row:0-ct1frs48v2f4y8r-Incubated-IVTT-Storage-Plate),59,,aq1frss8v5hsmnn,30.0,,,,,,,,,,,,,,
438,Row:0-ct1frs48v2f4y8r-Incubated-IVTT-Storage-Plate,ct1frskpxeqh2fa,Container(Row:0-ct1frs48v2f4y8r-Incubated-IVTT-Storage-Plate),60,,aq1frssanhuxfh2,30.0,rs1f47z2uft2kyv,20:microliter,Protein,rs1f47z3qb2zdga,40:microliter,Protein,ct1frpday6eten4:0,,,,37:celsius,,,
439,Row:0-ct1frs48v2f4y8r-Incubated-IVTT-Storage-Plate,ct1frskpxeqh2fa,Container(Row:0-ct1frs48v2f4y8r-Incubated-IVTT-Storage-Plate),61,,aq1frssanhuxfh4,30.0,rs1f47z2uft2kyv,20:microliter,Protein,rs1f47z3qb2zdga,40:microliter,Protein,ct1frpday6eten4:1,,,,37:celsius,,,
440,Row:0-ct1frs48v2f4y8r-Incubated-IVTT-Storage-Plate,ct1frskpxeqh2fa,Container(Row:0-ct1frs48v2f4y8r-Incubated-IVTT-Storage-Plate),62,,aq1frssanhuxfh6,30.0,rs1f47z2uft2kyv,20:microliter,Protein,rs1f47z3qb2zdga,40:microliter,Protein,ct1frpday6eten4:2,,,,37:celsius,,,
441,Row:0-ct1frs48v2f4y8r-Incubated-IVTT-Storage-Plate,ct1frskpxeqh2fa,Container(Row:0-ct1frs48v2f4y8r-Incubated-IVTT-Storage-Plate),63,,aq1frssanhw3nn4,30.0,rs1f47z2uft2kyv,20:microliter,Protein,rs1f47z3qb2zdga,40:microliter,Protein,ct1frpday6eten4:3,,,,37:celsius,,,
442,Row:0-ct1frs48v2f4y8r-Incubated-IVTT-Storage-Plate,ct1frskpxeqh2fa,Container(Row:0-ct1frs48v2f4y8r-Incubated-IVTT-Storage-Plate),64,,aq1frssanhw3nn6,30.0,rs1f47z2uft2kyv,20:microliter,Protein,rs1f47z3qb2zdga,40:microliter,Protein,ct1frpday6eten4:4,,,,37:celsius,,,
443,Row:0-ct1frs48v2f4y8r-Incubated-IVTT-Storage-Plate,ct1frskpxeqh2fa,Container(Row:0-ct1frs48v2f4y8r-Incubated-IVTT-Storage-Plate),65,,aq1frssanhw3nn8,30.0,rs1f47z2uft2kyv,20:microliter,Protein,rs1f47z3qb2zdga,40:microliter,Protein,ct1frpday6eten4:5,,,,37:celsius,,,
444,Row:0-ct1frs48v2f4y8r-Incubated-IVTT-Storage-Plate,ct1frskpxeqh2fa,Container(Row:0-ct1frs48v2f4y8r-Incubated-IVTT-Storage-Plate),66,,aq1frssanhx7us4,30.0,,,,,,,,,,,,,,
445,Row:0-ct1frs48v2f4y8r-Incubated-IVTT-Storage-Plate,ct1frskpxeqh2fa,Container(Row:0-ct1frs48v2f4y8r-Incubated-IVTT-Storage-Plate),67,,aq1frssanhx7us6,30.0,,,,,,,,,,,,,,
446,Row:0-ct1frs48v2f4y8r-Incubated-IVTT-Storage-Plate,ct1frskpxeqh2fa,Container(Row:0-ct1frs48v2f4y8r-Incubated-IVTT-Storage-Plate),68,,aq1frssanhx7us8,30.0,,,,,,,,,,,,,,
447,Row:0-ct1frs48v2f4y8r-Incubated-IVTT-Storage-Plate,ct1frskpxeqh2fa,Container(Row:0-ct1frs48v2f4y8r-Incubated-IVTT-Storage-Plate),69,,aq1frssanhyc2w5,30.0,,,,,,,,,,,,,,
448,Row:0-ct1frs48v2f4y8r-Incubated-IVTT-Storage-Plate,ct1frskpxeqh2fa,Container(Row:0-ct1frs48v2f4y8r-Incubated-IVTT-Storage-Plate),70,,aq1frssanhyc2w7,30.0,,,,,,,,,,,,,,
449,Row:0-ct1frs48v2f4y8r-Incubated-IVTT-Storage-Plate,ct1frskpxeqh2fa,Container(Row:0-ct1frs48v2f4y8r-Incubated-IVTT-Storage-Plate),71,,aq1frssanhyc2w9,30.0,,,,,,,,,,,,,,
450,Row:0-ct1frs48v2f4y8r-Incubated-IVTT-Storage-Plate,ct1frskpxeqh2fa,Container(Row:0-ct1frs48v2f4y8r-Incubated-IVTT-Storage-Plate),72,,aq1frsscezhrxpm,30.0,rs1f47z2uft2kyv,20:microliter,Protein,rs1f47z3qb2zdga,40:microliter,Protein,ct1frpday6eten4:0,,,,32.5:celsius,,,
451,Row:0-ct1frs48v2f4y8r-Incubated-IVTT-Storage-Plate,ct1frskpxeqh2fa,Container(Row:0-ct1frs48v2f4y8r-Incubated-IVTT-Storage-Plate),73,,aq1frsscezjw5tn,30.0,rs1f47z2uft2kyv,20:microliter,Protein,rs1f47z3qb2zdga,40:microliter,Protein,ct1frpday6eten4:1,,,,32.5:celsius,,,
452,Row:0-ct1frs48v2f4y8r-Incubated-IVTT-Storage-Plate,ct1frskpxeqh2fa,Container(Row:0-ct1frs48v2f4y8r-Incubated-IVTT-Storage-Plate),74,,aq1frsscezjw5tq,30.0,rs1f47z2uft2kyv,20:microliter,Protein,rs1f47z3qb2zdga,40:microliter,Protein,ct1frpday6eten4:2,,,,32.5:celsius,,,
453,Row:0-ct1frs48v2f4y8r-Incubated-IVTT-Storage-Plate,ct1frskpxeqh2fa,Container(Row:0-ct1frs48v2f4y8r-Incubated-IVTT-Storage-Plate),75,,aq1frsscezjw5ts,30.0,rs1f47z2uft2kyv,20:microliter,Protein,rs1f47z3qb2zdga,40:microliter,Protein,ct1frpday6eten4:3,,,,32.5:celsius,,,
454,Row:0-ct1frs48v2f4y8r-Incubated-IVTT-Storage-Plate,ct1frskpxeqh2fa,Container(Row:0-ct1frs48v2f4y8r-Incubated-IVTT-Storage-Plate),76,,aq1frsscezm2bxp,30.0,rs1f47z2uft2kyv,20:microliter,Protein,rs1f47z3qb2zdga,40:microliter,Protein,ct1frpday6eten4:4,,,,32.5:celsius,,,
455,Row:0-ct1frs48v2f4y8r-Incubated-IVTT-Storage-Plate,ct1frskpxeqh2fa,Container(Row:0-ct1frs48v2f4y8r-Incubated-IVTT-Storage-Plate),77,,aq1frsscezm2bxr,30.0,rs1f47z2uft2kyv,20:microliter,Protein,rs1f47z3qb2zdga,40:microliter,Protein,ct1frpday6eten4:5,,,,32.5:celsius,,,
456,Row:0-ct1frs48v2f4y8r-Incubated-IVTT-Storage-Plate,ct1frskpxeqh2fa,Container(Row:0-ct1frs48v2f4y8r-Incubated-IVTT-Storage-Plate),78,,aq1frsscezm2bxt,30.0,,,,,,,,,,,,,,
457,Row:0-ct1frs48v2f4y8r-Incubated-IVTT-Storage-Plate,ct1frskpxeqh2fa,Container(Row:0-ct1frs48v2f4y8r-Incubated-IVTT-Storage-Plate),79,,aq1frsscezm2bxv,30.0,,,,,,,,,,,,,,
458,Row:0-ct1frs48v2f4y8r-Incubated-IVTT-Storage-Plate,ct1frskpxeqh2fa,Container(Row:0-ct1frs48v2f4y8r-Incubated-IVTT-Storage-Plate),80,,aq1frsscezn6j3r,30.0,,,,,,,,,,,,,,
459,Row:0-ct1frs48v2f4y8r-Incubated-IVTT-Storage-Plate,ct1frskpxeqh2fa,Container(Row:0-ct1frs48v2f4y8r-Incubated-IVTT-Storage-Plate),81,,aq1frsscezn6j3t,30.0,,,,,,,,,,,,,,
460,Row:0-ct1frs48v2f4y8r-Incubated-IVTT-Storage-Plate,ct1frskpxeqh2fa,Container(Row:0-ct1frs48v2f4y8r-Incubated-IVTT-Storage-Plate),82,,aq1frsscezn6j3v,30.0,,,,,,,,,,,,,,
461,Row:0-ct1frs48v2f4y8r-Incubated-IVTT-Storage-Plate,ct1frskpxeqh2fa,Container(Row:0-ct1frs48v2f4y8r-Incubated-IVTT-Storage-Plate),83,,aq1frsscezpar7r,30.0,,,,,,,,,,,,,,
