,ContainerName,ContainerId,Containers,Well Index,Name,Aliquot ID,Volume,incubation_temp,AccuRapid-Ecoli-Extract-Mix:MasterMix,AccuRapid-Ecoli-Extract-Mix:Volume,AccuRapid-Ecoli-Extract-Mix:Kind,AccuRapid-Master-Mix:MasterMix,AccuRapid-Master-Mix:Volume,AccuRapid-Master-Mix:Kind,source,Activity-Assay-Master-Mix:LigandMix,Activity-Assay-Master-Mix:Volume,Activity-Assay-Master-Mix:Kind,PCR-H2O:Water,PCR-H2O:Volume,PCR-H2O:Kind
0,Row:0-ct1frs48v2f4y8r-Incubated-IVTT-Storage-Plate,ct1frskpxeqh2fa,Container(Row:0-ct1frs48v2f4y8r-Incubated-IVTT-Storage-Plate),0,,aq1frst62edjbpr,30.0,75:celsius,rs1f47z2uft2kyv,20:microliter,Protein,rs1f47z3qb2zdga,40:microliter,Protein,ct1frpday6eten4:0,,,,,,
1,Row:0-ct1frs48v2f4y8r-Incubated-IVTT-Storage-Plate,ct1frskpxeqh2fa,Container(Row:0-ct1frs48v2f4y8r-Incubated-IVTT-Storage-Plate),1,,aq1frst62eephts,30.0,75:celsius,rs1f47z2uft2kyv,20:microliter,Protein,rs1f47z3qb2zdga,40:microliter,Protein,ct1frpday6eten4:1,,,,,,
2,Row:0-ct1frs48v2f4y8r-Incubated-IVTT-Storage-Plate,ct1frskpxeqh2fa,Container(Row:0-ct1frs48v2f4y8r-Incubated-IVTT-Storage-Plate),2,,aq1frst62eephtu,30.0,75:celsius,rs1f47z2uft2kyv,20:microliter,Protein,rs1f47z3qb2zdga,40:microliter,Protein,ct1frpday6eten4:2,,,,,,
3,Row:0-ct1frs48v2f4y8r-Incubated-IVTT-Storage-Plate,ct1frskpxeqh2fa,Container(Row:0-ct1frs48v2f4y8r-Incubated-IVTT-Storage-Plate),3,,aq1frst62eephtw,30.0,75:celsius,rs1f47z2uft2kyv,20:microliter,Protein,rs1f47z3qb2zdga,40:microliter,Protein,ct1frpday6eten4:3,,,,,,
4,Row:0-ct1frs48v2f4y8r-Incubated-IVTT-Storage-Plate,ct1frskpxeqh2fa,Container(Row:0-ct1frs48v2f4y8r-Incubated-IVTT-Storage-Plate),4,,aq1frst62eftqxt,30.0,75:celsius,rs1f47z2uft2kyv,20:microliter,Protein,rs1f47z3qb2zdga,40:microliter,Protein,ct1frpday6eten4:4,,,,,,
5,Row:0-ct1frs48v2f4y8r-Incubated-IVTT-Storage-Plate,ct1frskpxeqh2fa,Container(Row:0-ct1frs48v2f4y8r-Incubated-IVTT-Storage-Plate),5,,aq1frst62eftqxv,30.0,75:celsius,rs1f47z2uft2kyv,20:microliter,Protein,rs1f47z3qb2zdga,40:microliter,Protein,ct1frpday6eten4:5,,,,,,
6,Row:0-ct1frs48v2f4y8r-Incubated-IVTT-Storage-Plate,ct1frskpxeqh2fa,Container(Row:0-ct1frs48v2f4y8r-Incubated-IVTT-Storage-Plate),6,,aq1frst62eftqxx,30.0,,,,,,,,,,,,,,
7,Row:0-ct1frs48v2f4y8r-Incubated-IVTT-Storage-Plate,ct1frskpxeqh2fa,Container(Row:0-ct1frs48v2f4y8r-Incubated-IVTT-Storage-Plate),7,,aq1frst62egxx3u,30.0,,,,,,,,,,,,,,
8,Row:0-ct1frs48v2f4y8r-Incubated-IVTT-Storage-Plate,ct1frskpxeqh2fa,Container(Row:0-ct1frs48v2f4y8r-Incubated-IVTT-Storage-Plate),8,,aq1frst62egxx3w,30.0,,,,,,,,,,,,,,
9,Row:0-ct1frs48v2f4y8r-Incubated-IVTT-Storage-Plate,ct1frskpxeqh2fa,Container(Row:0-ct1frs48v2f4y8r-Incubated-IVTT-Storage-Plate),9,,aq1frst62egxx3y,30.0,,,,,,,,,,,,,,
10,Row:0-ct1frs48v2f4y8r-Incubated-IVTT-Storage-Plate,ct1frskpxeqh2fa,Container(Row:0-ct1frs48v2f4y8r-Incubated-IVTT-Storage-Plate),10,,aq1frst62egxx42,30.0,,,,,,,,,,,,,,
11,Row:0-ct1frs48v2f4y8r-Incubated-IVTT-Storage-Plate,ct1frskpxeqh2fa,Container(Row:0-ct1frs48v2f4y8r-Incubated-IVTT-Storage-Plate),11,,aq1frst62ej457w,30.0,,,,,,,,,,,,,,
12,Row:0-ct1frs48v2f4y8r-Incubated-IVTT-Storage-Plate,ct1frskpxeqh2fa,Container(Row:0-ct1frs48v2f4y8r-Incubated-IVTT-Storage-Plate),12,,aq1frst7tvahp5n,30.0,71.6:celsius,rs1f47z2uft2kyv,20:microliter,Protein,rs1f47z3qb2zdga,40:microliter,Protein,ct1frpday6eten4:0,,,,,,
13,Row:0-ct1frs48v2f4y8r-Incubated-IVTT-Storage-Plate,ct1frskpxeqh2fa,Container(Row:0-ct1frs48v2f4y8r-Incubated-IVTT-Storage-Plate),13,,aq1frst7tvahp5q,30.0,71.6:celsius,rs1f47z2uft2kyv,20:microliter,Protein,rs1f47z3qb2zdga,40:microliter,Protein,ct1frpday6eten4:1,,,,,,
14,Row:0-ct1frs48v2f4y8r-Incubated-IVTT-Storage-Plate,ct1frskpxeqh2fa,Container(Row:0-ct1frs48v2f4y8r-Incubated-IVTT-Storage-Plate),14,,aq1frst7tvahp5s,30.0,71.6:celsius,rs1f47z2uft2kyv,20:microliter,Protein,rs1f47z3qb2zdga,40:microliter,Protein,ct1frpday6eten4:2,,,,,,
15,Row:0-ct1frs48v2f4y8r-Incubated-IVTT-Storage-Plate,ct1frskpxeqh2fa,Container(Row:0-ct1frs48v2f4y8r-Incubated-IVTT-Storage-Plate),15,,aq1frst7tvbnv9p,30.0,71.6:celsius,rs1f47z2uft2kyv,20:microliter,Protein,rs1f47z3qb2zdga,40:microliter,Protein,ct1frpday6eten4:3,,,,,,
16,Row:0-ct1frs48v2f4y8r-Incubated-IVTT-Storage-Plate,ct1frskpxeqh2fa,Container(Row:0-ct1frs48v2f4y8r-Incubated-IVTT-Storage-Plate),16,,aq1frst7tvbnv9r,30.0,71.6:celsius,rs1f47z2uft2kyv,20:microliter,Protein,rs1f47z3qb2zdga,40:microliter,Protein,ct1frpday6eten4:4,,,,,,
17,Row:0-ct1frs48v2f4y8r-Incubated-IVTT-Storage-Plate,ct1frskpxeqh2fa,Container(Row:0-ct1frs48v2f4y8r-Incubated-IVTT-Storage-Plate),17,,aq1frst7tvbnv9t,30.0,71.6:celsius,rs1f47z2uft2kyv,20:microliter,Protein,rs1f47z3qb2zdga,40:microliter,Protein,ct1frpday6eten4:5,,,,,,
18,Row:0-ct1frs48v2f4y8r-Incubated-IVTT-Storage-Plate,ct1frskpxeqh2fa,Container(Row:0-ct1frs48v2f4y8r-Incubated-IVTT-Storage-Plate),18,,aq1frst7tvct3dq,30.0,,,,,,,,,,,,,,
19,Row:0-ct1frs48v2f4y8r-Incubated-IVTT-Storage-Plate,ct1frskpxeqh2fa,Container(Row:0-ct1frs48v2f4y8r-Incubated-IVTT-Storage-Plate),19,,aq1frst7tvct3ds,30.0,,,,,,,,,,,,,,
20,Row:0-ct1frs48v2f4y8r-Incubated-IVTT-Storage-Plate,ct1frskpxeqh2fa,Container(Row:0-ct1frs48v2f4y8r-Incubated-IVTT-Storage-Plate),20,,aq1frst7tvct3du,30.0,,,,,,,,,,,,,,
21,Row:0-ct1frs48v2f4y8r-Incubated-IVTT-Storage-Plate,ct1frskpxeqh2fa,Container(Row:0-ct1frs48v2f4y8r-Incubated-IVTT-Storage-Plate),21,,aq1frst7tvct3dw,30.0,,,,,,,,,,,,,,
22,Row:0-ct1frs48v2f4y8r-Incubated-IVTT-Storage-Plate,ct1frskpxeqh2fa,Container(Row:0-ct1frs48v2f4y8r-Incubated-IVTT-Storage-Plate),22,,aq1frst7tvdx9hs,30.0,,,,,,,,,,,,,,
23,Row:0-ct1frs48v2f4y8r-Incubated-IVTT-Storage-Plate,ct1frskpxeqh2fa,Container(Row:0-ct1frs48v2f4y8r-Incubated-IVTT-Storage-Plate),23,,aq1frst7tvdx9hu,30.0,,,,,,,,,,,,,,
24,Row:0-ct1frs48v2f4y8r-Incubated-IVTT-Storage-Plate,ct1frskpxeqh2fa,Container(Row:0-ct1frs48v2f4y8r-Incubated-IVTT-Storage-Plate),24,,aq1frst9m9735es,30.0,62.8:celsius,rs1f47z2uft2kyv,20:microliter,Protein,rs1f47z3qb2zdga,40:microliter,Protein,ct1frpday6eten4:0,,,,,,
25,Row:0-ct1frs48v2f4y8r-Incubated-IVTT-Storage-Plate,ct1frskpxeqh2fa,Container(Row:0-ct1frs48v2f4y8r-Incubated-IVTT-Storage-Plate),25,,aq1frst9m9735eu,30.0,62.8:celsius,rs1f47z2uft2kyv,20:microliter,Protein,rs1f47z3qb2zdga,40:microliter,Protein,ct1frpday6eten4:1,,,,,,
26,Row:0-ct1frs48v2f4y8r-Incubated-IVTT-Storage-Plate,ct1frskpxeqh2fa,Container(Row:0-ct1frs48v2f4y8r-Incubated-IVTT-Storage-Plate),26,,aq1frst9m9735ew,30.0,62.8:celsius,rs1f47z2uft2kyv,20:microliter,Protein,rs1f47z3qb2zdga,40:microliter,Protein,ct1frpday6eten4:2,,,,,,
27,Row:0-ct1frs48v2f4y8r-Incubated-IVTT-Storage-Plate,ct1frskpxeqh2fa,Container(Row:0-ct1frs48v2f4y8r-Incubated-IVTT-Storage-Plate),27,,aq1frst9m987bju,30.0,62.8:celsius,rs1f47z2uft2kyv,20:microliter,Protein,rs1f47z3qb2zdga,40:microliter,Protein,ct1frpday6eten4:3,,,,,,
28,Row:0-ct1frs48v2f4y8r-Incubated-IVTT-Storage-Plate,ct1frskpxeqh2fa,Container(Row:0-ct1frs48v2f4y8r-Incubated-IVTT-Storage-Plate),28,,aq1frst9m987bjw,30.0,62.8:celsius,rs1f47z2uft2kyv,20:microliter,Protein,rs1f47z3qb2zdga,40:microliter,Protein,ct1frpday6eten4:4,,,,,,
29,Row:0-ct1frs48v2f4y8r-Incubated-IVTT-Storage-Plate,ct1frskpxeqh2fa,Container(Row:0-ct1frs48v2f4y8r-Incubated-IVTT-Storage-Plate),29,,aq1frst9m987bjy,30.0,62.8:celsius,rs1f47z2uft2kyv,20:microliter,Protein,rs1f47z3qb2zdga,40:microliter,Protein,ct1frpday6eten4:5,,,,,,
30,Row:0-ct1frs48v2f4y8r-Incubated-IVTT-Storage-Plate,ct1frskpxeqh2fa,Container(Row:0-ct1frs48v2f4y8r-Incubated-IVTT-Storage-Plate),30,,aq1frst9m99bhpu,30.0,,,,,,,,,,,,,,
31,Row:0-ct1frs48v2f4y8r-Incubated-IVTT-Storage-Plate,ct1frskpxeqh2fa,Container(Row:0-ct1frs48v2f4y8r-Incubated-IVTT-Storage-Plate),31,,aq1frst9m99bhpw,30.0,,,,,,,,,,,,,,
32,Row:0-ct1frs48v2f4y8r-Incubated-IVTT-Storage-Plate,ct1frskpxeqh2fa,Container(Row:0-ct1frs48v2f4y8r-Incubated-IVTT-Storage-Plate),32,,aq1frst9m99bhpy,30.0,,,,,,,,,,,,,,
33,Row:0-ct1frs48v2f4y8r-Incubated-IVTT-Storage-Plate,ct1frskpxeqh2fa,Container(Row:0-ct1frs48v2f4y8r-Incubated-IVTT-Storage-Plate),33,,aq1frst9m9afqtv,30.0,,,,,,,,,,,,,,
34,Row:0-ct1frs48v2f4y8r-Incubated-IVTT-Storage-Plate,ct1frskpxeqh2fa,Container(Row:0-ct1frs48v2f4y8r-Incubated-IVTT-Storage-Plate),34,,aq1frst9m9afqtx,30.0,,,,,,,,,,,,,,
35,Row:0-ct1frs48v2f4y8r-Incubated-IVTT-Storage-Plate,ct1frskpxeqh2fa,Container(Row:0-ct1frs48v2f4y8r-Incubated-IVTT-Storage-Plate),35,,aq1frst9m9afqtz,30.0,,,,,,,,,,,,,,
36,Row:0-ct1frs48v2f4y8r-Incubated-IVTT-Storage-Plate,ct1frskpxeqh2fa,Container(Row:0-ct1frs48v2f4y8r-Incubated-IVTT-Storage-Plate),36,,aq1frss73pdz4ee,30.0,55:celsius,rs1f47z2uft2kyv,20:microliter,Protein,rs1f47z3qb2zdga,40:microliter,Protein,ct1frpday6eten4:0,,,,,,
37,Row:0-ct1frs48v2f4y8r-Incubated-IVTT-Storage-Plate,ct1frskpxeqh2fa,Container(Row:0-ct1frs48v2f4y8r-Incubated-IVTT-Storage-Plate),37,,aq1frss73pf5ajg,30.0,55:celsius,rs1f47z2uft2kyv,20:microliter,Protein,rs1f47z3qb2zdga,40:microliter,Protein,ct1frpday6eten4:1,,,,,,
38,Row:0-ct1frs48v2f4y8r-Incubated-IVTT-Storage-Plate,ct1frskpxeqh2fa,Container(Row:0-ct1frs48v2f4y8r-Incubated-IVTT-Storage-Plate),38,,aq1frss73pf5ajj,30.0,55:celsius,rs1f47z2uft2kyv,20:microliter,Protein,rs1f47z3qb2zdga,40:microliter,Protein,ct1frpday6eten4:2,,,,,,
39,Row:0-ct1frs48v2f4y8r-Incubated-IVTT-Storage-Plate,ct1frskpxeqh2fa,Container(Row:0-ct1frs48v2f4y8r-Incubated-IVTT-Storage-Plate),39,,aq1frss73pf5ajm,30.0,55:celsius,rs1f47z2uft2kyv,20:microliter,Protein,rs1f47z3qb2zdga,40:microliter,Protein,ct1frpday6eten4:3,,,,,,
40,Row:0-ct1frs48v2f4y8r-Incubated-IVTT-Storage-Plate,ct1frskpxeqh2fa,Container(Row:0-ct1frs48v2f4y8r-Incubated-IVTT-Storage-Plate),40,,aq1frss73pg9gph,30.0,55:celsius,rs1f47z2uft2kyv,20:microliter,Protein,rs1f47z3qb2zdga,40:microliter,Protein,ct1frpday6eten4:4,,,,,,
41,Row:0-ct1frs48v2f4y8r-Incubated-IVTT-Storage-Plate,ct1frskpxeqh2fa,Container(Row:0-ct1frs48v2f4y8r-Incubated-IVTT-Storage-Plate),41,,aq1frss73pg9gpk,30.0,55:celsius,rs1f47z2uft2kyv,20:microliter,Protein,rs1f47z3qb2zdga,40:microliter,Protein,ct1frpday6eten4:5,,,,,,
42,Row:0-ct1frs48v2f4y8r-Incubated-IVTT-Storage-Plate,ct1frskpxeqh2fa,Container(Row:0-ct1frs48v2f4y8r-Incubated-IVTT-Storage-Plate),42,,aq1frss73pg9gpn,30.0,,,,,,,,,,,,,,
43,Row:0-ct1frs48v2f4y8r-Incubated-IVTT-Storage-Plate,ct1frskpxeqh2fa,Container(Row:0-ct1frs48v2f4y8r-Incubated-IVTT-Storage-Plate),43,,aq1frss73phdpth,30.0,,,,,,,,,,,,,,
44,Row:0-ct1frs48v2f4y8r-Incubated-IVTT-Storage-Plate,ct1frskpxeqh2fa,Container(Row:0-ct1frs48v2f4y8r-Incubated-IVTT-Storage-Plate),44,,aq1frss73phdptk,30.0,,,,,,,,,,,,,,
45,Row:0-ct1frs48v2f4y8r-Incubated-IVTT-Storage-Plate,ct1frskpxeqh2fa,Container(Row:0-ct1frs48v2f4y8r-Incubated-IVTT-Storage-Plate),45,,aq1frss73phdptn,30.0,,,,,,,,,,,,,,
46,Row:0-ct1frs48v2f4y8r-Incubated-IVTT-Storage-Plate,ct1frskpxeqh2fa,Container(Row:0-ct1frs48v2f4y8r-Incubated-IVTT-Storage-Plate),46,,aq1frss73pjhvxj,30.0,,,,,,,,,,,,,,
47,Row:0-ct1frs48v2f4y8r-Incubated-IVTT-Storage-Plate,ct1frskpxeqh2fa,Container(Row:0-ct1frs48v2f4y8r-Incubated-IVTT-Storage-Plate),47,,aq1frss73pjhvxm,30.0,,,,,,,,,,,,,,
48,Row:0-ct1frs48v2f4y8r-Incubated-IVTT-Storage-Plate,ct1frskpxeqh2fa,Container(Row:0-ct1frs48v2f4y8r-Incubated-IVTT-Storage-Plate),48,,aq1frss8v5ed29e,30.0,47.5:celsius,rs1f47z2uft2kyv,20:microliter,Protein,rs1f47z3qb2zdga,40:microliter,Protein,ct1frpday6eten4:0,,,,,,
49,Row:0-ct1frs48v2f4y8r-Incubated-IVTT-Storage-Plate,ct1frskpxeqh2fa,Container(Row:0-ct1frs48v2f4y8r-Incubated-IVTT-Storage-Plate),49,,aq1frss8v5ed29g,30.0,47.5:celsius,rs1f47z2uft2kyv,20:microliter,Protein,rs1f47z3qb2zdga,40:microliter,Protein,ct1frpday6eten4:1,,,,,,
50,Row:0-ct1frs48v2f4y8r-Incubated-IVTT-Storage-Plate,ct1frskpxeqh2fa,Container(Row:0-ct1frs48v2f4y8r-Incubated-IVTT-Storage-Plate),50,,aq1frss8v5ed29j,30.0,47.5:celsius,rs1f47z2uft2kyv,20:microliter,Protein,rs1f47z3qb2zdga,40:microliter,Protein,ct1frpday6eten4:2,,,,,,
51,Row:0-ct1frs48v2f4y8r-Incubated-IVTT-Storage-Plate,ct1frskpxeqh2fa,Container(Row:0-ct1frs48v2f4y8r-Incubated-IVTT-Storage-Plate),51,,aq1frss8v5fh8dg,30.0,47.5:celsius,rs1f47z2uft2kyv,20:microliter,Protein,rs1f47z3qb2zdga,40:microliter,Protein,ct1frpday6eten4:3,,,,,,
52,Row:0-ct1frs48v2f4y8r-Incubated-IVTT-Storage-Plate,ct1frskpxeqh2fa,Container(Row:0-ct1frs48v2f4y8r-Incubated-IVTT-Storage-Plate),52,,aq1frss8v5fh8dj,30.0,47.5:celsius,rs1f47z2uft2kyv,20:microliter,Protein,rs1f47z3qb2zdga,40:microliter,Protein,ct1frpday6eten4:4,,,,,,
53,Row:0-ct1frs48v2f4y8r-Incubated-IVTT-Storage-Plate,ct1frskpxeqh2fa,Container(Row:0-ct1frs48v2f4y8r-Incubated-IVTT-Storage-Plate),53,,aq1frss8v5fh8dm,30.0,47.5:celsius,rs1f47z2uft2kyv,20:microliter,Protein,rs1f47z3qb2zdga,40:microliter,Protein,ct1frpday6eten4:5,,,,,,
54,Row:0-ct1frs48v2f4y8r-Incubated-IVTT-Storage-Plate,ct1frskpxeqh2fa,Container(Row:0-ct1frs48v2f4y8r-Incubated-IVTT-Storage-Plate),54,,aq1frss8v5gnehh,30.0,,,,,,,,,,,,,,
55,Row:0-ct1frs48v2f4y8r-Incubated-IVTT-Storage-Plate,ct1frskpxeqh2fa,Container(Row:0-ct1frs48v2f4y8r-Incubated-IVTT-Storage-Plate),55,,aq1frss8v5gnehk,30.0,,,,,,,,,,,,,,
56,Row:0-ct1frs48v2f4y8r-Incubated-IVTT-Storage-Plate,ct1frskpxeqh2fa,Container(Row:0-ct1frs48v2f4y8r-Incubated-IVTT-Storage-Plate),56,,aq1frss8v5gnehn,30.0,,,,,,,,,,,,,,
57,Row:0-ct1frs48v2f4y8r-Incubated-IVTT-Storage-Plate,ct1frskpxeqh2fa,Container(Row:0-ct1frs48v2f4y8r-Incubated-IVTT-Storage-Plate),57,,aq1frss8v5hsmnh,30.0,,,,,,,,,,,,,,
58,Row:0-ct1frs48v2f4y8r-Incubated-IVTT-Storage-Plate,ct1frskpxeqh2fa,Container(Row:0-ct1frs48v2f4y8r-Incubated-IVTT-Storage-Plate),58,,aq1frss8v5hsmnk,30.0,,,,,,,,,,,,,,
59,Row:0-ct1frs48v2f4y8r-Incubated-IVTT-Storage-Plate,ct1frskpxeqh2fa,Container(Row:0-ct1frs48v2f4y8r-Incubated-IVTT-Storage-Plate),59,,aq1frss8v5hsmnn,30.0,,,,,,,,,,,,,,
60,Row:0-ct1frs48v2f4y8r-Incubated-IVTT-Storage-Plate,ct1frskpxeqh2fa,Container(Row:0-ct1frs48v2f4y8r-Incubated-IVTT-Storage-Plate),60,,aq1frssanhuxfh2,30.0,37:celsius,rs1f47z2uft2kyv,20:microliter,Protein,rs1f47z3qb2zdga,40:microliter,Protein,ct1frpday6eten4:0,,,,,,
61,Row:0-ct1frs48v2f4y8r-Incubated-IVTT-Storage-Plate,ct1frskpxeqh2fa,Container(Row:0-ct1frs48v2f4y8r-Incubated-IVTT-Storage-Plate),61,,aq1frssanhuxfh4,30.0,37:celsius,rs1f47z2uft2kyv,20:microliter,Protein,rs1f47z3qb2zdga,40:microliter,Protein,ct1frpday6eten4:1,,,,,,
62,Row:0-ct1frs48v2f4y8r-Incubated-IVTT-Storage-Plate,ct1frskpxeqh2fa,Container(Row:0-ct1frs48v2f4y8r-Incubated-IVTT-Storage-Plate),62,,aq1frssanhuxfh6,30.0,37:celsius,rs1f47z2uft2kyv,20:microliter,Protein,rs1f47z3qb2zdga,40:microliter,Protein,ct1frpday6eten4:2,,,,,,
63,Row:0-ct1frs48v2f4y8r-Incubated-IVTT-Storage-Plate,ct1frskpxeqh2fa,Container(Row:0-ct1frs48v2f4y8r-Incubated-IVTT-Storage-Plate),63,,aq1frssanhw3nn4,30.0,37:celsius,rs1f47z2uft2kyv,20:microliter,Protein,rs1f47z3qb2zdga,40:microliter,Protein,ct1frpday6eten4:3,,,,,,
64,Row:0-ct1frs48v2f4y8r-Incubated-IVTT-Storage-Plate,ct1frskpxeqh2fa,Container(Row:0-ct1frs48v2f4y8r-Incubated-IVTT-Storage-Plate),64,,aq1frssanhw3nn6,30.0,37:celsius,rs1f47z2uft2kyv,20:microliter,Protein,rs1f47z3qb2zdga,40:microliter,Protein,ct1frpday6eten4:4,,,,,,
65,Row:0-ct1frs48v2f4y8r-Incubated-IVTT-Storage-Plate,ct1frskpxeqh2fa,Container(Row:0-ct1frs48v2f4y8r-Incubated-IVTT-Storage-Plate),65,,aq1frssanhw3nn8,30.0,37:celsius,rs1f47z2uft2kyv,20:microliter,Protein,rs1f47z3qb2zdga,40:microliter,Protein,ct1frpday6eten4:5,,,,,,
66,Row:0-ct1frs48v2f4y8r-Incubated-IVTT-Storage-Plate,ct1frskpxeqh2fa,Container(Row:0-ct1frs48v2f4y8r-Incubated-IVTT-Storage-Plate),66,,aq1frssanhx7us4,30.0,,,,,,,,,,,,,,
67,Row:0-ct1frs48v2f4y8r-Incubated-IVTT-Storage-Plate,ct1frskpxeqh2fa,Container(Row:0-ct1frs48v2f4y8r-Incubated-IVTT-Storage-Plate),67,,aq1frssanhx7us6,30.0,,,,,,,,,,,,,,
68,Row:0-ct1frs48v2f4y8r-Incubated-IVTT-Storage-Plate,ct1frskpxeqh2fa,Container(Row:0-ct1frs48v2f4y8r-Incubated-IVTT-Storage-Plate),68,,aq1frssanhx7us8,30.0,,,,,,,,,,,,,,
69,Row:0-ct1frs48v2f4y8r-Incubated-IVTT-Storage-Plate,ct1frskpxeqh2fa,Container(Row:0-ct1frs48v2f4y8r-Incubated-IVTT-Storage-Plate),69,,aq1frssanhyc2w5,30.0,,,,,,,,,,,,,,
70,Row:0-ct1frs48v2f4y8r-Incubated-IVTT-Storage-Plate,ct1frskpxeqh2fa,Container(Row:0-ct1frs48v2f4y8r-Incubated-IVTT-Storage-Plate),70,,aq1frssanhyc2w7,30.0,,,,,,,,,,,,,,
71,Row:0-ct1frs48v2f4y8r-Incubated-IVTT-Storage-Plate,ct1frskpxeqh2fa,Container(Row:0-ct1frs48v2f4y8r-Incubated-IVTT-Storage-Plate),71,,aq1frssanhyc2w9,30.0,,,,,,,,,,,,,,
72,Row:0-ct1frs48v2f4y8r-Incubated-IVTT-Storage-Plate,ct1frskpxeqh2fa,Container(Row:0-ct1frs48v2f4y8r-Incubated-IVTT-Storage-Plate),72,,aq1frsscezhrxpm,30.0,32.5:celsius,rs1f47z2uft2kyv,20:microliter,Protein,rs1f47z3qb2zdga,40:microliter,Protein,ct1frpday6eten4:0,,,,,,
73,Row:0-ct1frs48v2f4y8r-Incubated-IVTT-Storage-Plate,ct1frskpxeqh2fa,Container(Row:0-ct1frs48v2f4y8r-Incubated-IVTT-Storage-Plate),73,,aq1frsscezjw5tn,30.0,32.5:celsius,rs1f47z2uft2kyv,20:microliter,Protein,rs1f47z3qb2zdga,40:microliter,Protein,ct1frpday6eten4:1,,,,,,
74,Row:0-ct1frs48v2f4y8r-Incubated-IVTT-Storage-Plate,ct1frskpxeqh2fa,Container(Row:0-ct1frs48v2f4y8r-Incubated-IVTT-Storage-Plate),74,,aq1frsscezjw5tq,30.0,32.5:celsius,rs1f47z2uft2kyv,20:microliter,Protein,rs1f47z3qb2zdga,40:microliter,Protein,ct1frpday6eten4:2,,,,,,
75,Row:0-ct1frs48v2f4y8r-Incubated-IVTT-Storage-Plate,ct1frskpxeqh2fa,Container(Row:0-ct1frs48v2f4y8r-Incubated-IVTT-Storage-Plate),75,,aq1frsscezjw5ts,30.0,32.5:celsius,rs1f47z2uft2kyv,20:microliter,Protein,rs1f47z3qb2zdga,40:microliter,Protein,ct1frpday6eten4:3,,,,,,
76,Row:0-ct1frs48v2f4y8r-Incubated-IVTT-Storage-Plate,ct1frskpxeqh2fa,Container(Row:0-ct1frs48v2f4y8r-Incubated-IVTT-Storage-Plate),76,,aq1frsscezm2bxp,30.0,32.5:celsius,rs1f47z2uft2kyv,20:microliter,Protein,rs1f47z3qb2zdga,40:microliter,Protein,ct1frpday6eten4:4,,,,,,
77,Row:0-ct1frs48v2f4y8r-Incubated-IVTT-Storage-Plate,ct1frskpxeqh2fa,Container(Row:0-ct1frs48v2f4y8r-Incubated-IVTT-Storage-Plate),77,,aq1frsscezm2bxr,30.0,32.5:celsius,rs1f47z2uft2kyv,20:microliter,Protein,rs1f47z3qb2zdga,40:microliter,Protein,ct1frpday6eten4:5,,,,,,
78,Row:0-ct1frs48v2f4y8r-Incubated-IVTT-Storage-Plate,ct1frskpxeqh2fa,Container(Row:0-ct1frs48v2f4y8r-Incubated-IVTT-Storage-Plate),78,,aq1frsscezm2bxt,30.0,,,,,,,,,,,,,,
79,Row:0-ct1frs48v2f4y8r-Incubated-IVTT-Storage-Plate,ct1frskpxeqh2fa,Container(Row:0-ct1frs48v2f4y8r-Incubated-IVTT-Storage-Plate),79,,aq1frsscezm2bxv,30.0,,,,,,,,,,,,,,
80,Row:0-ct1frs48v2f4y8r-Incubated-IVTT-Storage-Plate,ct1frskpxeqh2fa,Container(Row:0-ct1frs48v2f4y8r-Incubated-IVTT-Storage-Plate),80,,aq1frsscezn6j3r,30.0,,,,,,,,,,,,,,
81,Row:0-ct1frs48v2f4y8r-Incubated-IVTT-Storage-Plate,ct1frskpxeqh2fa,Container(Row:0-ct1frs48v2f4y8r-Incubated-IVTT-Storage-Plate),81,,aq1frsscezn6j3t,30.0,,,,,,,,,,,,,,
82,Row:0-ct1frs48v2f4y8r-Incubated-IVTT-Storage-Plate,ct1frskpxeqh2fa,Container(Row:0-ct1frs48v2f4y8r-Incubated-IVTT-Storage-Plate),82,,aq1frsscezn6j3v,30.0,,,,,,,,,,,,,,
83,Row:0-ct1frs48v2f4y8r-Incubated-IVTT-Storage-Plate,ct1frskpxeqh2fa,Container(Row:0-ct1frs48v2f4y8r-Incubated-IVTT-Storage-Plate),83,,aq1frsscezpar7r,30.0,,,,,,,,,,,,,,
84,Row:0-ct1frs48v2f4y8r-ProteinActivity-Plate,ct1frskpxeeefe2,Container(Row:0-ct1frs48v2f4y8r-ProteinActivity-Plate),0,ProteinActivityReaction,aq1frsq3m4erzc2,100.0,75:celsius,rs1f47z2uft2kyv,20:microliter,Protein,rs1f47z3qb2zdga,40:microliter,Protein,ct1frpday6eten4:0,rs1fbyyzjd6ptbz,90:microliter,LigandMix,,,
85,Row:0-ct1frs48v2f4y8r-ProteinActivity-Plate,ct1frskpxeeefe2,Container(Row:0-ct1frs48v2f4y8r-ProteinActivity-Plate),1,ProteinActivityReaction,aq1frsq3m4kasvb,100.0,75:celsius,rs1f47z2uft2kyv,20:microliter,Protein,rs1f47z3qb2zdga,40:microliter,Protein,ct1frpday6eten4:1,rs1fbyyzjd6ptbz,90:microliter,LigandMix,,,
86,Row:0-ct1frs48v2f4y8r-ProteinActivity-Plate,ct1frskpxeeefe2,Container(Row:0-ct1frs48v2f4y8r-ProteinActivity-Plate),2,ProteinActivityReaction,aq1frsqpkc57awx,100.0,75:celsius,rs1f47z2uft2kyv,20:microliter,Protein,rs1f47z3qb2zdga,40:microliter,Protein,ct1frpday6eten4:2,rs1fbyyzjd6ptbz,90:microliter,LigandMix,,,
87,Row:0-ct1frs48v2f4y8r-ProteinActivity-Plate,ct1frskpxeeefe2,Container(Row:0-ct1frs48v2f4y8r-ProteinActivity-Plate),3,ProteinActivityReaction,aq1frsqpkc9r4f6,100.0,75:celsius,rs1f47z2uft2kyv,20:microliter,Protein,rs1f47z3qb2zdga,40:microliter,Protein,ct1frpday6eten4:3,rs1fbyyzjd6ptbz,90:microliter,LigandMix,,,
88,Row:0-ct1frs48v2f4y8r-ProteinActivity-Plate,ct1frskpxeeefe2,Container(Row:0-ct1frs48v2f4y8r-ProteinActivity-Plate),4,ProteinActivityReaction,aq1frsrahrsbzzu,100.0,75:celsius,rs1f47z2uft2kyv,20:microliter,Protein,rs1f47z3qb2zdga,40:microliter,Protein,ct1frpday6eten4:4,rs1fbyyzjd6ptbz,90:microliter,LigandMix,,,
89,Row:0-ct1frs48v2f4y8r-ProteinActivity-Plate,ct1frskpxeeefe2,Container(Row:0-ct1frs48v2f4y8r-ProteinActivity-Plate),5,ProteinActivityReaction,aq1frsrahrwvtj3,100.0,75:celsius,rs1f47z2uft2kyv,20:microliter,Protein,rs1f47z3qb2zdga,40:microliter,Protein,ct1frpday6eten4:5,rs1fbyyzjd6ptbz,90:microliter,LigandMix,,,
90,Row:0-ct1frs48v2f4y8r-ProteinActivity-Plate,ct1frskpxeeefe2,Container(Row:0-ct1frs48v2f4y8r-ProteinActivity-Plate),6,ProteinActivityReaction,aq1frsstpk8f48v,10.0,,,,,,,,,rs1fbyyzjd6ptbz,90:microliter,LigandMix,,,
91,Row:0-ct1frs48v2f4y8r-ProteinActivity-Plate,ct1frskpxeeefe2,Container(Row:0-ct1frs48v2f4y8r-ProteinActivity-Plate),7,ProteinActivityReaction,aq1frsstpk9kact,10.0,,,,,,,,,rs1fbyyzjd6ptbz,90:microliter,LigandMix,,,
92,Row:0-ct1frs48v2f4y8r-ProteinActivity-Plate,ct1frskpxeeefe2,Container(Row:0-ct1frs48v2f4y8r-ProteinActivity-Plate),8,ProteinActivityReaction,aq1frsstpk9kacv,10.0,,,,,,,,,rs1fbyyzjd6ptbz,90:microliter,LigandMix,,,
93,Row:0-ct1frs48v2f4y8r-ProteinActivity-Plate,ct1frskpxeeefe2,Container(Row:0-ct1frs48v2f4y8r-ProteinActivity-Plate),9,ProteinActivityReaction,aq1frsstpk9kacx,10.0,,,,,,,,,rs1fbyyzjd6ptbz,90:microliter,LigandMix,,,
94,Row:0-ct1frs48v2f4y8r-ProteinActivity-Plate,ct1frskpxeeefe2,Container(Row:0-ct1frs48v2f4y8r-ProteinActivity-Plate),10,ProteinActivityReaction,aq1frsstpkaqggu,10.0,,,,,,,,,rs1fbyyzjd6ptbz,90:microliter,LigandMix,,,
95,Row:0-ct1frs48v2f4y8r-ProteinActivity-Plate,ct1frskpxeeefe2,Container(Row:0-ct1frs48v2f4y8r-ProteinActivity-Plate),11,ProteinActivityReaction,aq1frsstpkaqggw,10.0,,,,,,,,,rs1fbyyzjd6ptbz,90:microliter,LigandMix,,,
96,Row:0-ct1frs48v2f4y8r-ProteinActivity-Plate,ct1frskpxeeefe2,Container(Row:0-ct1frs48v2f4y8r-ProteinActivity-Plate),12,ProteinActivityReaction,aq1frsq3m4fw7g4,100.0,71.6:celsius,rs1f47z2uft2kyv,20:microliter,Protein,rs1f47z3qb2zdga,40:microliter,Protein,ct1frpday6eten4:0,rs1fbyyzjd6ptbz,90:microliter,LigandMix,,,
97,Row:0-ct1frs48v2f4y8r-ProteinActivity-Plate,ct1frskpxeeefe2,Container(Row:0-ct1frs48v2f4y8r-ProteinActivity-Plate),13,ProteinActivityReaction,aq1frsq3m4meyz9,100.0,71.6:celsius,rs1f47z2uft2kyv,20:microliter,Protein,rs1f47z3qb2zdga,40:microliter,Protein,ct1frpday6eten4:1,rs1fbyyzjd6ptbz,90:microliter,LigandMix,,,
98,Row:0-ct1frs48v2f4y8r-ProteinActivity-Plate,ct1frskpxeeefe2,Container(Row:0-ct1frs48v2f4y8r-ProteinActivity-Plate),14,ProteinActivityReaction,aq1frsqpkc57ax2,100.0,71.6:celsius,rs1f47z2uft2kyv,20:microliter,Protein,rs1f47z3qb2zdga,40:microliter,Protein,ct1frpday6eten4:2,rs1fbyyzjd6ptbz,90:microliter,LigandMix,,,
99,Row:0-ct1frs48v2f4y8r-ProteinActivity-Plate,ct1frskpxeeefe2,Container(Row:0-ct1frs48v2f4y8r-ProteinActivity-Plate),15,ProteinActivityReaction,aq1frsqpkcavak4,100.0,71.6:celsius,rs1f47z2uft2kyv,20:microliter,Protein,rs1f47z3qb2zdga,40:microliter,Protein,ct1frpday6eten4:3,rs1fbyyzjd6ptbz,90:microliter,LigandMix,,,
100,Row:0-ct1frs48v2f4y8r-ProteinActivity-Plate,ct1frskpxeeefe2,Container(Row:0-ct1frs48v2f4y8r-ProteinActivity-Plate),16,ProteinActivityReaction,aq1frsrahrsbzzx,100.0,71.6:celsius,rs1f47z2uft2kyv,20:microliter,Protein,rs1f47z3qb2zdga,40:microliter,Protein,ct1frpday6eten4:4,rs1fbyyzjd6ptbz,90:microliter,LigandMix,,,
101,Row:0-ct1frs48v2f4y8r-ProteinActivity-Plate,ct1frskpxeeefe2,Container(Row:0-ct1frs48v2f4y8r-ProteinActivity-Plate),17,ProteinActivityReaction,aq1frsrahrxzznz,100.0,71.6:celsius,rs1f47z2uft2kyv,20:microliter,Protein,rs1f47z3qb2zdga,40:microliter,Protein,ct1frpday6eten4:5,rs1fbyyzjd6ptbz,90:microliter,LigandMix,,,
102,Row:0-ct1frs48v2f4y8r-ProteinActivity-Plate,ct1frskpxeeefe2,Container(Row:0-ct1frs48v2f4y8r-ProteinActivity-Plate),18,ProteinActivityReaction,aq1frssvexwm3qj,10.0,,,,,,,,,rs1fbyyzjd6ptbz,90:microliter,LigandMix,,,
103,Row:0-ct1frs48v2f4y8r-ProteinActivity-Plate,ct1frskpxeeefe2,Container(Row:0-ct1frs48v2f4y8r-ProteinActivity-Plate),19,ProteinActivityReaction,aq1frssvexxr9uf,10.0,,,,,,,,,rs1fbyyzjd6ptbz,90:microliter,LigandMix,,,
104,Row:0-ct1frs48v2f4y8r-ProteinActivity-Plate,ct1frskpxeeefe2,Container(Row:0-ct1frs48v2f4y8r-ProteinActivity-Plate),20,ProteinActivityReaction,aq1frssvexxr9uh,10.0,,,,,,,,,rs1fbyyzjd6ptbz,90:microliter,LigandMix,,,
105,Row:0-ct1frs48v2f4y8r-ProteinActivity-Plate,ct1frskpxeeefe2,Container(Row:0-ct1frs48v2f4y8r-ProteinActivity-Plate),21,ProteinActivityReaction,aq1frssvexxr9uk,10.0,,,,,,,,,rs1fbyyzjd6ptbz,90:microliter,LigandMix,,,
106,Row:0-ct1frs48v2f4y8r-ProteinActivity-Plate,ct1frskpxeeefe2,Container(Row:0-ct1frs48v2f4y8r-ProteinActivity-Plate),22,ProteinActivityReaction,aq1frssvexyvfyg,10.0,,,,,,,,,rs1fbyyzjd6ptbz,90:microliter,LigandMix,,,
107,Row:0-ct1frs48v2f4y8r-ProteinActivity-Plate,ct1frskpxeeefe2,Container(Row:0-ct1frs48v2f4y8r-ProteinActivity-Plate),23,ProteinActivityReaction,aq1frssvexyvfyj,10.0,,,,,,,,,rs1fbyyzjd6ptbz,90:microliter,LigandMix,,,
108,Row:0-ct1frs48v2f4y8r-ProteinActivity-Plate,ct1frskpxeeefe2,Container(Row:0-ct1frs48v2f4y8r-ProteinActivity-Plate),24,ProteinActivityReaction,aq1frsq3m4fw7g7,100.0,62.8:celsius,rs1f47z2uft2kyv,20:microliter,Protein,rs1f47z3qb2zdga,40:microliter,Protein,ct1frpday6eten4:0,rs1fbyyzjd6ptbz,90:microliter,LigandMix,,,
109,Row:0-ct1frs48v2f4y8r-ProteinActivity-Plate,ct1frskpxeeefe2,Container(Row:0-ct1frs48v2f4y8r-ProteinActivity-Plate),25,ProteinActivityReaction,aq1frsq3m4meyzc,100.0,62.8:celsius,rs1f47z2uft2kyv,20:microliter,Protein,rs1f47z3qb2zdga,40:microliter,Protein,ct1frpday6eten4:1,rs1fbyyzjd6ptbz,90:microliter,LigandMix,,,
110,Row:0-ct1frs48v2f4y8r-ProteinActivity-Plate,ct1frskpxeeefe2,Container(Row:0-ct1frs48v2f4y8r-ProteinActivity-Plate),26,ProteinActivityReaction,aq1frsqpkc6bh2z,100.0,62.8:celsius,rs1f47z2uft2kyv,20:microliter,Protein,rs1f47z3qb2zdga,40:microliter,Protein,ct1frpday6eten4:2,rs1fbyyzjd6ptbz,90:microliter,LigandMix,,,
111,Row:0-ct1frs48v2f4y8r-ProteinActivity-Plate,ct1frskpxeeefe2,Container(Row:0-ct1frs48v2f4y8r-ProteinActivity-Plate),27,ProteinActivityReaction,aq1frsqpkcavak7,100.0,62.8:celsius,rs1f47z2uft2kyv,20:microliter,Protein,rs1f47z3qb2zdga,40:microliter,Protein,ct1frpday6eten4:3,rs1fbyyzjd6ptbz,90:microliter,LigandMix,,,
112,Row:0-ct1frs48v2f4y8r-ProteinActivity-Plate,ct1frskpxeeefe2,Container(Row:0-ct1frs48v2f4y8r-ProteinActivity-Plate),28,ProteinActivityReaction,aq1frsrahrtg85w,100.0,62.8:celsius,rs1f47z2uft2kyv,20:microliter,Protein,rs1f47z3qb2zdga,40:microliter,Protein,ct1frpday6eten4:4,rs1fbyyzjd6ptbz,90:microliter,LigandMix,,,
113,Row:0-ct1frs48v2f4y8r-ProteinActivity-Plate,ct1frskpxeeefe2,Container(Row:0-ct1frs48v2f4y8r-ProteinActivity-Plate),29,ProteinActivityReaction,aq1frsrahrxzzp4,100.0,62.8:celsius,rs1f47z2uft2kyv,20:microliter,Protein,rs1f47z3qb2zdga,40:microliter,Protein,ct1frpday6eten4:5,rs1fbyyzjd6ptbz,90:microliter,LigandMix,,,
114,Row:0-ct1frs48v2f4y8r-ProteinActivity-Plate,ct1frskpxeeefe2,Container(Row:0-ct1frs48v2f4y8r-ProteinActivity-Plate),30,ProteinActivityReaction,aq1frssx7azkw4p,10.0,,,,,,,,,rs1fbyyzjd6ptbz,90:microliter,LigandMix,,,
115,Row:0-ct1frs48v2f4y8r-ProteinActivity-Plate,ct1frskpxeeefe2,Container(Row:0-ct1frs48v2f4y8r-ProteinActivity-Plate),31,ProteinActivityReaction,aq1frssx7b2r48k,10.0,,,,,,,,,rs1fbyyzjd6ptbz,90:microliter,LigandMix,,,
116,Row:0-ct1frs48v2f4y8r-ProteinActivity-Plate,ct1frskpxeeefe2,Container(Row:0-ct1frs48v2f4y8r-ProteinActivity-Plate),32,ProteinActivityReaction,aq1frssx7b2r48n,10.0,,,,,,,,,rs1fbyyzjd6ptbz,90:microliter,LigandMix,,,
117,Row:0-ct1frs48v2f4y8r-ProteinActivity-Plate,ct1frskpxeeefe2,Container(Row:0-ct1frs48v2f4y8r-ProteinActivity-Plate),33,ProteinActivityReaction,aq1frssx7b2r48q,10.0,,,,,,,,,rs1fbyyzjd6ptbz,90:microliter,LigandMix,,,
118,Row:0-ct1frs48v2f4y8r-ProteinActivity-Plate,ct1frskpxeeefe2,Container(Row:0-ct1frs48v2f4y8r-ProteinActivity-Plate),34,ProteinActivityReaction,aq1frssx7b3vacn,10.0,,,,,,,,,rs1fbyyzjd6ptbz,90:microliter,LigandMix,,,
119,Row:0-ct1frs48v2f4y8r-ProteinActivity-Plate,ct1frskpxeeefe2,Container(Row:0-ct1frs48v2f4y8r-ProteinActivity-Plate),35,ProteinActivityReaction,aq1frssx7b3vacq,10.0,,,,,,,,,rs1fbyyzjd6ptbz,90:microliter,LigandMix,,,
120,Row:0-ct1frs48v2f4y8r-ProteinActivity-Plate,ct1frskpxeeefe2,Container(Row:0-ct1frs48v2f4y8r-ProteinActivity-Plate),36,ProteinActivityReaction,aq1frsq3m4h2dm5,100.0,55:celsius,rs1f47z2uft2kyv,20:microliter,Protein,rs1f47z3qb2zdga,40:microliter,Protein,ct1frpday6eten4:0,rs1fbyyzjd6ptbz,90:microliter,LigandMix,,,
121,Row:0-ct1frs48v2f4y8r-ProteinActivity-Plate,ct1frskpxeeefe2,Container(Row:0-ct1frs48v2f4y8r-ProteinActivity-Plate),37,ProteinActivityReaction,aq1frsq3m4nk75a,100.0,55:celsius,rs1f47z2uft2kyv,20:microliter,Protein,rs1f47z3qb2zdga,40:microliter,Protein,ct1frpday6eten4:1,rs1fbyyzjd6ptbz,90:microliter,LigandMix,,,
122,Row:0-ct1frs48v2f4y8r-ProteinActivity-Plate,ct1frskpxeeefe2,Container(Row:0-ct1frs48v2f4y8r-ProteinActivity-Plate),38,ProteinActivityReaction,aq1frsqpkc7fq6y,100.0,55:celsius,rs1f47z2uft2kyv,20:microliter,Protein,rs1f47z3qb2zdga,40:microliter,Protein,ct1frpday6eten4:2,rs1fbyyzjd6ptbz,90:microliter,LigandMix,,,
123,Row:0-ct1frs48v2f4y8r-ProteinActivity-Plate,ct1frskpxeeefe2,Container(Row:0-ct1frs48v2f4y8r-ProteinActivity-Plate),39,ProteinActivityReaction,aq1frsqpkcbzgq6,100.0,55:celsius,rs1f47z2uft2kyv,20:microliter,Protein,rs1f47z3qb2zdga,40:microliter,Protein,ct1frpday6eten4:3,rs1fbyyzjd6ptbz,90:microliter,LigandMix,,,
124,Row:0-ct1frs48v2f4y8r-ProteinActivity-Plate,ct1frskpxeeefe2,Container(Row:0-ct1frs48v2f4y8r-ProteinActivity-Plate),40,ProteinActivityReaction,aq1frsrahrtg85z,100.0,55:celsius,rs1f47z2uft2kyv,20:microliter,Protein,rs1f47z3qb2zdga,40:microliter,Protein,ct1frpday6eten4:4,rs1fbyyzjd6ptbz,90:microliter,LigandMix,,,
125,Row:0-ct1frs48v2f4y8r-ProteinActivity-Plate,ct1frskpxeeefe2,Container(Row:0-ct1frs48v2f4y8r-ProteinActivity-Plate),41,ProteinActivityReaction,aq1frsrahrz67t3,100.0,55:celsius,rs1f47z2uft2kyv,20:microliter,Protein,rs1f47z3qb2zdga,40:microliter,Protein,ct1frpday6eten4:5,rs1fbyyzjd6ptbz,90:microliter,LigandMix,,,
126,Row:0-ct1frs48v2f4y8r-ProteinActivity-Plate,ct1frskpxeeefe2,Container(Row:0-ct1frs48v2f4y8r-ProteinActivity-Plate),42,ProteinActivityReaction,aq1frsrtbweqtsg,10.0,,,,,,,,,rs1fbyyzjd6ptbz,90:microliter,LigandMix,,,
127,Row:0-ct1frs48v2f4y8r-ProteinActivity-Plate,ct1frskpxeeefe2,Container(Row:0-ct1frs48v2f4y8r-ProteinActivity-Plate),43,ProteinActivityReaction,aq1frsrtbwfuzwd,10.0,,,,,,,,,rs1fbyyzjd6ptbz,90:microliter,LigandMix,,,
128,Row:0-ct1frs48v2f4y8r-ProteinActivity-Plate,ct1frskpxeeefe2,Container(Row:0-ct1frs48v2f4y8r-ProteinActivity-Plate),44,ProteinActivityReaction,aq1frsrtbwfuzwf,10.0,,,,,,,,,rs1fbyyzjd6ptbz,90:microliter,LigandMix,,,
129,Row:0-ct1frs48v2f4y8r-ProteinActivity-Plate,ct1frskpxeeefe2,Container(Row:0-ct1frs48v2f4y8r-ProteinActivity-Plate),45,ProteinActivityReaction,aq1frsrtbwfuzwh,10.0,,,,,,,,,rs1fbyyzjd6ptbz,90:microliter,LigandMix,,,
130,Row:0-ct1frs48v2f4y8r-ProteinActivity-Plate,ct1frskpxeeefe2,Container(Row:0-ct1frs48v2f4y8r-ProteinActivity-Plate),46,ProteinActivityReaction,aq1frsrtbwfuzwk,10.0,,,,,,,,,rs1fbyyzjd6ptbz,90:microliter,LigandMix,,,
131,Row:0-ct1frs48v2f4y8r-ProteinActivity-Plate,ct1frskpxeeefe2,Container(Row:0-ct1frs48v2f4y8r-ProteinActivity-Plate),47,ProteinActivityReaction,aq1frsrtbwgz82f,10.0,,,,,,,,,rs1fbyyzjd6ptbz,90:microliter,LigandMix,,,
132,Row:0-ct1frs48v2f4y8r-ProteinActivity-Plate,ct1frskpxeeefe2,Container(Row:0-ct1frs48v2f4y8r-ProteinActivity-Plate),48,,aq1frsq3m4h2dm8,100.0,47.5:celsius,rs1f47z2uft2kyv,20:microliter,Protein,rs1f47z3qb2zdga,40:microliter,Protein,ct1frpday6eten4:0,,,,,,
133,Row:0-ct1frs48v2f4y8r-ProteinActivity-Plate,ct1frskpxeeefe2,Container(Row:0-ct1frs48v2f4y8r-ProteinActivity-Plate),49,,aq1frsq3m4pqd99,100.0,47.5:celsius,rs1f47z2uft2kyv,20:microliter,Protein,rs1f47z3qb2zdga,40:microliter,Protein,ct1frpday6eten4:1,,,,,,
134,Row:0-ct1frs48v2f4y8r-ProteinActivity-Plate,ct1frskpxeeefe2,Container(Row:0-ct1frs48v2f4y8r-ProteinActivity-Plate),50,,aq1frsqpkc7fq73,100.0,47.5:celsius,rs1f47z2uft2kyv,20:microliter,Protein,rs1f47z3qb2zdga,40:microliter,Protein,ct1frpday6eten4:2,,,,,,
135,Row:0-ct1frs48v2f4y8r-ProteinActivity-Plate,ct1frskpxeeefe2,Container(Row:0-ct1frs48v2f4y8r-ProteinActivity-Plate),51,,aq1frsqpkcd5pu5,100.0,47.5:celsius,rs1f47z2uft2kyv,20:microliter,Protein,rs1f47z3qb2zdga,40:microliter,Protein,ct1frpday6eten4:3,,,,,,
136,Row:0-ct1frs48v2f4y8r-ProteinActivity-Plate,ct1frskpxeeefe2,Container(Row:0-ct1frs48v2f4y8r-ProteinActivity-Plate),52,,aq1frsrahrume9x,100.0,47.5:celsius,rs1f47z2uft2kyv,20:microliter,Protein,rs1f47z3qb2zdga,40:microliter,Protein,ct1frpday6eten4:4,,,,,,
137,Row:0-ct1frs48v2f4y8r-ProteinActivity-Plate,ct1frskpxeeefe2,Container(Row:0-ct1frs48v2f4y8r-ProteinActivity-Plate),53,,aq1frsrahrz67t6,100.0,47.5:celsius,rs1f47z2uft2kyv,20:microliter,Protein,rs1f47z3qb2zdga,40:microliter,Protein,ct1frpday6eten4:5,,,,,,
138,Row:0-ct1frs48v2f4y8r-ProteinActivity-Plate,ct1frskpxeeefe2,Container(Row:0-ct1frs48v2f4y8r-ProteinActivity-Plate),54,,aq1frsrv4gut76x,10.0,,,,,,,,,,,,,,
139,Row:0-ct1frs48v2f4y8r-ProteinActivity-Plate,ct1frskpxeeefe2,Container(Row:0-ct1frs48v2f4y8r-ProteinActivity-Plate),55,,aq1frsrv4gut76z,10.0,,,,,,,,,,,,,,
140,Row:0-ct1frs48v2f4y8r-ProteinActivity-Plate,ct1frskpxeeefe2,Container(Row:0-ct1frs48v2f4y8r-ProteinActivity-Plate),56,,aq1frsrv4gut773,10.0,,,,,,,,,,,,,,
141,Row:0-ct1frs48v2f4y8r-ProteinActivity-Plate,ct1frskpxeeefe2,Container(Row:0-ct1frs48v2f4y8r-ProteinActivity-Plate),57,,aq1frsrv4gvxday,10.0,,,,,,,,,,,,,,
142,Row:0-ct1frs48v2f4y8r-ProteinActivity-Plate,ct1frskpxeeefe2,Container(Row:0-ct1frs48v2f4y8r-ProteinActivity-Plate),58,,aq1frsrv4gvxdb2,10.0,,,,,,,,,,,,,,
143,Row:0-ct1frs48v2f4y8r-ProteinActivity-Plate,ct1frskpxeeefe2,Container(Row:0-ct1frs48v2f4y8r-ProteinActivity-Plate),59,,aq1frsrv4gvxdb4,10.0,,,,,,,,,,,,,,
144,Row:0-ct1frs48v2f4y8r-ProteinActivity-Plate,ct1frskpxeeefe2,Container(Row:0-ct1frs48v2f4y8r-ProteinActivity-Plate),60,,aq1frsq3m4j6kr7,100.0,37:celsius,rs1f47z2uft2kyv,20:microliter,Protein,rs1f47z3qb2zdga,40:microliter,Protein,ct1frpday6eten4:0,,,,,,
145,Row:0-ct1frs48v2f4y8r-ProteinActivity-Plate,ct1frskpxeeefe2,Container(Row:0-ct1frs48v2f4y8r-ProteinActivity-Plate),61,,aq1frsq3m4pqd9c,100.0,37:celsius,rs1f47z2uft2kyv,20:microliter,Protein,rs1f47z3qb2zdga,40:microliter,Protein,ct1frpday6eten4:1,,,,,,
146,Row:0-ct1frs48v2f4y8r-ProteinActivity-Plate,ct1frskpxeeefe2,Container(Row:0-ct1frs48v2f4y8r-ProteinActivity-Plate),62,,aq1frsqpkc8kwaz,100.0,37:celsius,rs1f47z2uft2kyv,20:microliter,Protein,rs1f47z3qb2zdga,40:microliter,Protein,ct1frpday6eten4:2,,,,,,
147,Row:0-ct1frs48v2f4y8r-ProteinActivity-Plate,ct1frskpxeeefe2,Container(Row:0-ct1frs48v2f4y8r-ProteinActivity-Plate),63,,aq1frsqpkcd5pu8,100.0,37:celsius,rs1f47z2uft2kyv,20:microliter,Protein,rs1f47z3qb2zdga,40:microliter,Protein,ct1frpday6eten4:3,,,,,,
148,Row:0-ct1frs48v2f4y8r-ProteinActivity-Plate,ct1frskpxeeefe2,Container(Row:0-ct1frs48v2f4y8r-ProteinActivity-Plate),64,,aq1frsrahrumea2,100.0,37:celsius,rs1f47z2uft2kyv,20:microliter,Protein,rs1f47z3qb2zdga,40:microliter,Protein,ct1frpday6eten4:4,,,,,,
149,Row:0-ct1frs48v2f4y8r-ProteinActivity-Plate,ct1frskpxeeefe2,Container(Row:0-ct1frs48v2f4y8r-ProteinActivity-Plate),65,,aq1frsreske4r64,100.0,37:celsius,rs1f47z2uft2kyv,20:microliter,Protein,rs1f47z3qb2zdga,40:microliter,Protein,ct1frpday6eten4:5,,,,,,
150,Row:0-ct1frs48v2f4y8r-ProteinActivity-Plate,ct1frskpxeeefe2,Container(Row:0-ct1frs48v2f4y8r-ProteinActivity-Plate),66,,aq1frsrwv2msnr4,10.0,,,,,,,,,,,,,,
151,Row:0-ct1frs48v2f4y8r-ProteinActivity-Plate,ct1frskpxeeefe2,Container(Row:0-ct1frs48v2f4y8r-ProteinActivity-Plate),67,,aq1frsrwv2msnr6,10.0,,,,,,,,,,,,,,
152,Row:0-ct1frs48v2f4y8r-ProteinActivity-Plate,ct1frskpxeeefe2,Container(Row:0-ct1frs48v2f4y8r-ProteinActivity-Plate),68,,aq1frsrwv2msnr8,10.0,,,,,,,,,,,,,,
153,Row:0-ct1frs48v2f4y8r-ProteinActivity-Plate,ct1frskpxeeefe2,Container(Row:0-ct1frs48v2f4y8r-ProteinActivity-Plate),69,,aq1frsrwv2nwuv5,10.0,,,,,,,,,,,,,,
154,Row:0-ct1frs48v2f4y8r-ProteinActivity-Plate,ct1frskpxeeefe2,Container(Row:0-ct1frs48v2f4y8r-ProteinActivity-Plate),70,,aq1frsrwv2nwuv7,10.0,,,,,,,,,,,,,,
155,Row:0-ct1frs48v2f4y8r-ProteinActivity-Plate,ct1frskpxeeefe2,Container(Row:0-ct1frs48v2f4y8r-ProteinActivity-Plate),71,,aq1frsrwv2nwuv9,10.0,,,,,,,,,,,,,,
156,Row:0-ct1frs48v2f4y8r-ProteinActivity-Plate,ct1frskpxeeefe2,Container(Row:0-ct1frs48v2f4y8r-ProteinActivity-Plate),72,,aq1frsq3m4j6kra,100.0,32.5:celsius,rs1f47z2uft2kyv,20:microliter,Protein,rs1f47z3qb2zdga,40:microliter,Protein,ct1frpday6eten4:0,,,,,,
157,Row:0-ct1frs48v2f4y8r-ProteinActivity-Plate,ct1frskpxeeefe2,Container(Row:0-ct1frs48v2f4y8r-ProteinActivity-Plate),73,,aq1frsq3m4qukda,100.0,32.5:celsius,rs1f47z2uft2kyv,20:microliter,Protein,rs1f47z3qb2zdga,40:microliter,Protein,ct1frpday6eten4:1,,,,,,
158,Row:0-ct1frs48v2f4y8r-ProteinActivity-Plate,ct1frskpxeeefe2,Container(Row:0-ct1frs48v2f4y8r-ProteinActivity-Plate),74,,aq1frsqpkc8kwb4,100.0,32.5:celsius,rs1f47z2uft2kyv,20:microliter,Protein,rs1f47z3qb2zdga,40:microliter,Protein,ct1frpday6eten4:2,,,,,,
159,Row:0-ct1frs48v2f4y8r-ProteinActivity-Plate,ct1frskpxeeefe2,Container(Row:0-ct1frs48v2f4y8r-ProteinActivity-Plate),75,,aq1frsrahrq3mrs,100.0,32.5:celsius,rs1f47z2uft2kyv,20:microliter,Protein,rs1f47z3qb2zdga,40:microliter,Protein,ct1frpday6eten4:3,,,,,,
160,Row:0-ct1frs48v2f4y8r-ProteinActivity-Plate,ct1frskpxeeefe2,Container(Row:0-ct1frs48v2f4y8r-ProteinActivity-Plate),76,,aq1frsrahrvrmdz,100.0,32.5:celsius,rs1f47z2uft2kyv,20:microliter,Protein,rs1f47z3qb2zdga,40:microliter,Protein,ct1frpday6eten4:4,,,,,,
161,Row:0-ct1frs48v2f4y8r-ProteinActivity-Plate,ct1frskpxeeefe2,Container(Row:0-ct1frs48v2f4y8r-ProteinActivity-Plate),77,,aq1frsreske4r67,100.0,32.5:celsius,rs1f47z2uft2kyv,20:microliter,Protein,rs1f47z3qb2zdga,40:microliter,Protein,ct1frpday6eten4:5,,,,,,
162,Row:0-ct1frs48v2f4y8r-ProteinActivity-Plate,ct1frskpxeeefe2,Container(Row:0-ct1frs48v2f4y8r-ProteinActivity-Plate),78,,aq1frsrymmwb8mh,10.0,,,,,,,,,,,,,,
163,Row:0-ct1frs48v2f4y8r-ProteinActivity-Plate,ct1frskpxeeefe2,Container(Row:0-ct1frs48v2f4y8r-ProteinActivity-Plate),79,,aq1frsrymmwb8mk,10.0,,,,,,,,,,,,,,
164,Row:0-ct1frs48v2f4y8r-ProteinActivity-Plate,ct1frskpxeeefe2,Container(Row:0-ct1frs48v2f4y8r-ProteinActivity-Plate),80,,aq1frsrymmwb8mn,10.0,,,,,,,,,,,,,,
165,Row:0-ct1frs48v2f4y8r-ProteinActivity-Plate,ct1frskpxeeefe2,Container(Row:0-ct1frs48v2f4y8r-ProteinActivity-Plate),81,,aq1frsrymmxferj,10.0,,,,,,,,,,,,,,
166,Row:0-ct1frs48v2f4y8r-ProteinActivity-Plate,ct1frskpxeeefe2,Container(Row:0-ct1frs48v2f4y8r-ProteinActivity-Plate),82,,aq1frsrymmxferm,10.0,,,,,,,,,,,,,,
167,Row:0-ct1frs48v2f4y8r-ProteinActivity-Plate,ct1frskpxeeefe2,Container(Row:0-ct1frs48v2f4y8r-ProteinActivity-Plate),83,,aq1frsrymmxferp,10.0,,,,,,,,,,,,,,
168,Row:0-ct1frs48v2f4y8r-ProteinActivity-Plate,ct1frskpxeeefe2,Container(Row:0-ct1frs48v2f4y8r-ProteinActivity-Plate),84,,aq1frsq3m4kasv8,100.0,25:celsius,,,,,,,,,,,,,
169,Row:0-ct1frs48v2f4y8r-ProteinActivity-Plate,ct1frskpxeeefe2,Container(Row:0-ct1frs48v2f4y8r-ProteinActivity-Plate),85,,aq1frsqpkc434sv,100.0,25:celsius,,,,,,,,,,,,,
170,Row:0-ct1frs48v2f4y8r-ProteinActivity-Plate,ct1frskpxeeefe2,Container(Row:0-ct1frs48v2f4y8r-ProteinActivity-Plate),86,,aq1frsqpkc9r4f3,100.0,25:celsius,,,,,,,,,,,,,
171,Row:0-ct1frs48v2f4y8r-ProteinActivity-Plate,ct1frskpxeeefe2,Container(Row:0-ct1frs48v2f4y8r-ProteinActivity-Plate),87,,aq1frsrahrr7tvv,100.0,25:celsius,,,,,,,,,,,,,
172,Row:0-ct1frs48v2f4y8r-ProteinActivity-Plate,ct1frskpxeeefe2,Container(Row:0-ct1frs48v2f4y8r-ProteinActivity-Plate),88,,aq1frsrahrwvthy,100.0,25:celsius,,,,,,,,,,,,,
173,Row:0-ct1frs48v2f4y8r-ProteinActivity-Plate,ct1frskpxeeefe2,Container(Row:0-ct1frs48v2f4y8r-ProteinActivity-Plate),89,,aq1frsreskf8xa7,100.0,25:celsius,,,,,,,,,,,,,
174,Row:0-ct1frs48v2f4y8r-ProteinActivity-Plate,ct1frskpxeeefe2,Container(Row:0-ct1frs48v2f4y8r-ProteinActivity-Plate),90,,aq1frsrkmebxnz4,10.0,25:celsius,,,,,,,,,,,,,
175,Row:0-ct1frs48v2f4y8r-ProteinActivity-Plate,ct1frskpxeeefe2,Container(Row:0-ct1frs48v2f4y8r-ProteinActivity-Plate),91,,aq1frsrkmebxnz6,10.0,25:celsius,,,,,,,,,,,,,
176,Row:0-ct1frs48v2f4y8r-ProteinActivity-Plate,ct1frskpxeeefe2,Container(Row:0-ct1frs48v2f4y8r-ProteinActivity-Plate),92,,aq1frsrkmed3v54,10.0,25:celsius,,,,,,,,,,,,,
177,Row:0-ct1frs48v2f4y8r-ProteinActivity-Plate,ct1frskpxeeefe2,Container(Row:0-ct1frs48v2f4y8r-ProteinActivity-Plate),93,,aq1frsrkmed3v56,10.0,25:celsius,,,,,,,,,,,,,
178,Row:0-ct1frs48v2f4y8r-ProteinActivity-Plate,ct1frskpxeeefe2,Container(Row:0-ct1frs48v2f4y8r-ProteinActivity-Plate),94,,aq1frsrkmed3v58,10.0,25:celsius,,,,,,,,,,,,,
179,Row:0-ct1frs48v2f4y8r-ProteinActivity-Plate,ct1frskpxeeefe2,Container(Row:0-ct1frs48v2f4y8r-ProteinActivity-Plate),95,,aq1frsrkmee8395,10.0,25:celsius,,,,,,,,,,,,,
180,Row:0-ct1frs48v2f4y8r-Low-IncubationPlate,ct1frskpxe5bvcs,Container(Row:0-ct1frs48v2f4y8r-Low-IncubationPlate),12,,aq1frspzfgczsk9,30.0,55:celsius,rs1f47z2uft2kyv,20:microliter,Protein,rs1f47z3qb2zdga,40:microliter,Protein,ct1frpday6eten4:0,,,,,,
181,Row:0-ct1frs48v2f4y8r-Low-IncubationPlate,ct1frskpxe5bvcs,Container(Row:0-ct1frs48v2f4y8r-Low-IncubationPlate),13,,aq1frspzfge5yqa,30.0,55:celsius,rs1f47z2uft2kyv,20:microliter,Protein,rs1f47z3qb2zdga,40:microliter,Protein,ct1frpday6eten4:1,,,,,,
182,Row:0-ct1frs48v2f4y8r-Low-IncubationPlate,ct1frskpxe5bvcs,Container(Row:0-ct1frs48v2f4y8r-Low-IncubationPlate),14,,aq1frspzfge5yqc,30.0,55:celsius,rs1f47z2uft2kyv,20:microliter,Protein,rs1f47z3qb2zdga,40:microliter,Protein,ct1frpday6eten4:2,,,,,,
183,Row:0-ct1frs48v2f4y8r-Low-IncubationPlate,ct1frskpxe5bvcs,Container(Row:0-ct1frs48v2f4y8r-Low-IncubationPlate),15,,aq1frspzfge5yqe,30.0,55:celsius,rs1f47z2uft2kyv,20:microliter,Protein,rs1f47z3qb2zdga,40:microliter,Protein,ct1frpday6eten4:3,,,,,,
184,Row:0-ct1frs48v2f4y8r-Low-IncubationPlate,ct1frskpxe5bvcs,Container(Row:0-ct1frs48v2f4y8r-Low-IncubationPlate),16,,aq1frspzfge5yqg,30.0,55:celsius,rs1f47z2uft2kyv,20:microliter,Protein,rs1f47z3qb2zdga,40:microliter,Protein,ct1frpday6eten4:4,,,,,,
185,Row:0-ct1frs48v2f4y8r-Low-IncubationPlate,ct1frskpxe5bvcs,Container(Row:0-ct1frs48v2f4y8r-Low-IncubationPlate),17,,aq1frspzfgfa6uc,30.0,55:celsius,rs1f47z2uft2kyv,20:microliter,Protein,rs1f47z3qb2zdga,40:microliter,Protein,ct1frpday6eten4:5,,,,,,
186,Row:0-ct1frs48v2f4y8r-Low-IncubationPlate,ct1frskpxe5bvcs,Container(Row:0-ct1frs48v2f4y8r-Low-IncubationPlate),18,,aq1frspzfgfa6ue,30.0,55:celsius,,,,,,,,,,,,,
187,Row:0-ct1frs48v2f4y8r-Low-IncubationPlate,ct1frskpxe5bvcs,Container(Row:0-ct1frs48v2f4y8r-Low-IncubationPlate),19,,aq1frspzfgfa6ug,30.0,55:celsius,,,,,,,,,,,,,
188,Row:0-ct1frs48v2f4y8r-Low-IncubationPlate,ct1frskpxe5bvcs,Container(Row:0-ct1frs48v2f4y8r-Low-IncubationPlate),20,,aq1frspzfggecyc,30.0,55:celsius,,,,,,,,,,,,,
189,Row:0-ct1frs48v2f4y8r-Low-IncubationPlate,ct1frskpxe5bvcs,Container(Row:0-ct1frs48v2f4y8r-Low-IncubationPlate),21,,aq1frspzfggecye,30.0,55:celsius,,,,,,,,,,,,,
190,Row:0-ct1frs48v2f4y8r-Low-IncubationPlate,ct1frskpxe5bvcs,Container(Row:0-ct1frs48v2f4y8r-Low-IncubationPlate),22,,aq1frspzfggecyg,30.0,55:celsius,,,,,,,,,,,,,
191,Row:0-ct1frs48v2f4y8r-Low-IncubationPlate,ct1frskpxe5bvcs,Container(Row:0-ct1frs48v2f4y8r-Low-IncubationPlate),23,,aq1frspzfggecyj,30.0,55:celsius,,,,,,,,,,,,,
192,Row:0-ct1frs48v2f4y8r-Low-IncubationPlate,ct1frskpxe5bvcs,Container(Row:0-ct1frs48v2f4y8r-Low-IncubationPlate),36,,aq1frspzfgjps8k,30.0,47.5:celsius,rs1f47z2uft2kyv,20:microliter,Protein,rs1f47z3qb2zdga,40:microliter,Protein,ct1frpday6eten4:0,,,,,,
193,Row:0-ct1frs48v2f4y8r-Low-IncubationPlate,ct1frskpxe5bvcs,Container(Row:0-ct1frs48v2f4y8r-Low-IncubationPlate),37,,aq1frspzfgktycf,30.0,47.5:celsius,rs1f47z2uft2kyv,20:microliter,Protein,rs1f47z3qb2zdga,40:microliter,Protein,ct1frpday6eten4:1,,,,,,
194,Row:0-ct1frs48v2f4y8r-Low-IncubationPlate,ct1frskpxe5bvcs,Container(Row:0-ct1frs48v2f4y8r-Low-IncubationPlate),38,,aq1frspzfgktych,30.0,47.5:celsius,rs1f47z2uft2kyv,20:microliter,Protein,rs1f47z3qb2zdga,40:microliter,Protein,ct1frpday6eten4:2,,,,,,
195,Row:0-ct1frs48v2f4y8r-Low-IncubationPlate,ct1frskpxe5bvcs,Container(Row:0-ct1frs48v2f4y8r-Low-IncubationPlate),39,,aq1frspzfgktyck,30.0,47.5:celsius,rs1f47z2uft2kyv,20:microliter,Protein,rs1f47z3qb2zdga,40:microliter,Protein,ct1frpday6eten4:3,,,,,,
196,Row:0-ct1frs48v2f4y8r-Low-IncubationPlate,ct1frskpxe5bvcs,Container(Row:0-ct1frs48v2f4y8r-Low-IncubationPlate),40,,aq1frspzfgktycn,30.0,47.5:celsius,rs1f47z2uft2kyv,20:microliter,Protein,rs1f47z3qb2zdga,40:microliter,Protein,ct1frpday6eten4:4,,,,,,
197,Row:0-ct1frs48v2f4y8r-Low-IncubationPlate,ct1frskpxe5bvcs,Container(Row:0-ct1frs48v2f4y8r-Low-IncubationPlate),41,,aq1frspzfgmy6gh,30.0,47.5:celsius,rs1f47z2uft2kyv,20:microliter,Protein,rs1f47z3qb2zdga,40:microliter,Protein,ct1frpday6eten4:5,,,,,,
198,Row:0-ct1frs48v2f4y8r-Low-IncubationPlate,ct1frskpxe5bvcs,Container(Row:0-ct1frs48v2f4y8r-Low-IncubationPlate),42,,aq1frspzfgmy6gk,30.0,47.5:celsius,,,,,,,,,,,,,
199,Row:0-ct1frs48v2f4y8r-Low-IncubationPlate,ct1frskpxe5bvcs,Container(Row:0-ct1frs48v2f4y8r-Low-IncubationPlate),43,,aq1frspzfgmy6gn,30.0,47.5:celsius,,,,,,,,,,,,,
200,Row:0-ct1frs48v2f4y8r-Low-IncubationPlate,ct1frskpxe5bvcs,Container(Row:0-ct1frs48v2f4y8r-Low-IncubationPlate),44,,aq1frspzfgp4cmh,30.0,47.5:celsius,,,,,,,,,,,,,
201,Row:0-ct1frs48v2f4y8r-Low-IncubationPlate,ct1frskpxe5bvcs,Container(Row:0-ct1frs48v2f4y8r-Low-IncubationPlate),45,,aq1frspzfgp4cmk,30.0,47.5:celsius,,,,,,,,,,,,,
202,Row:0-ct1frs48v2f4y8r-Low-IncubationPlate,ct1frskpxe5bvcs,Container(Row:0-ct1frs48v2f4y8r-Low-IncubationPlate),46,,aq1frspzfgp4cmn,30.0,47.5:celsius,,,,,,,,,,,,,
203,Row:0-ct1frs48v2f4y8r-Low-IncubationPlate,ct1frskpxe5bvcs,Container(Row:0-ct1frs48v2f4y8r-Low-IncubationPlate),47,,aq1frspzfgp4cmq,30.0,47.5:celsius,,,,,,,,,,,,,
204,Row:0-ct1frs48v2f4y8r-Low-IncubationPlate,ct1frskpxe5bvcs,Container(Row:0-ct1frs48v2f4y8r-Low-IncubationPlate),60,,aq1frspzfgrcrvr,30.0,37:celsius,rs1f47z2uft2kyv,20:microliter,Protein,rs1f47z3qb2zdga,40:microliter,Protein,ct1frpday6eten4:0,,,,,,
205,Row:0-ct1frs48v2f4y8r-Low-IncubationPlate,ct1frskpxe5bvcs,Container(Row:0-ct1frs48v2f4y8r-Low-IncubationPlate),61,,aq1frspzfgsgxzm,30.0,37:celsius,rs1f47z2uft2kyv,20:microliter,Protein,rs1f47z3qb2zdga,40:microliter,Protein,ct1frpday6eten4:1,,,,,,
206,Row:0-ct1frs48v2f4y8r-Low-IncubationPlate,ct1frskpxe5bvcs,Container(Row:0-ct1frs48v2f4y8r-Low-IncubationPlate),62,,aq1frspzfgsgxzp,30.0,37:celsius,rs1f47z2uft2kyv,20:microliter,Protein,rs1f47z3qb2zdga,40:microliter,Protein,ct1frpday6eten4:2,,,,,,
207,Row:0-ct1frs48v2f4y8r-Low-IncubationPlate,ct1frskpxe5bvcs,Container(Row:0-ct1frs48v2f4y8r-Low-IncubationPlate),63,,aq1frspzfgsgxzr,30.0,37:celsius,rs1f47z2uft2kyv,20:microliter,Protein,rs1f47z3qb2zdga,40:microliter,Protein,ct1frpday6eten4:3,,,,,,
208,Row:0-ct1frs48v2f4y8r-Low-IncubationPlate,ct1frskpxe5bvcs,Container(Row:0-ct1frs48v2f4y8r-Low-IncubationPlate),64,,aq1frspzfgsgxzt,30.0,37:celsius,rs1f47z2uft2kyv,20:microliter,Protein,rs1f47z3qb2zdga,40:microliter,Protein,ct1frpday6eten4:4,,,,,,
209,Row:0-ct1frs48v2f4y8r-Low-IncubationPlate,ct1frskpxe5bvcs,Container(Row:0-ct1frs48v2f4y8r-Low-IncubationPlate),65,,aq1frspzfgtn65p,30.0,37:celsius,rs1f47z2uft2kyv,20:microliter,Protein,rs1f47z3qb2zdga,40:microliter,Protein,ct1frpday6eten4:5,,,,,,
210,Row:0-ct1frs48v2f4y8r-Low-IncubationPlate,ct1frskpxe5bvcs,Container(Row:0-ct1frs48v2f4y8r-Low-IncubationPlate),66,,aq1frspzfgtn65r,30.0,37:celsius,,,,,,,,,,,,,
211,Row:0-ct1frs48v2f4y8r-Low-IncubationPlate,ct1frskpxe5bvcs,Container(Row:0-ct1frs48v2f4y8r-Low-IncubationPlate),67,,aq1frspzfgtn65t,30.0,37:celsius,,,,,,,,,,,,,
212,Row:0-ct1frs48v2f4y8r-Low-IncubationPlate,ct1frskpxe5bvcs,Container(Row:0-ct1frs48v2f4y8r-Low-IncubationPlate),68,,aq1frspzfgusc9p,30.0,37:celsius,,,,,,,,,,,,,
213,Row:0-ct1frs48v2f4y8r-Low-IncubationPlate,ct1frskpxe5bvcs,Container(Row:0-ct1frs48v2f4y8r-Low-IncubationPlate),69,,aq1frspzfgusc9r,30.0,37:celsius,,,,,,,,,,,,,
214,Row:0-ct1frs48v2f4y8r-Low-IncubationPlate,ct1frskpxe5bvcs,Container(Row:0-ct1frs48v2f4y8r-Low-IncubationPlate),70,,aq1frspzfgusc9t,30.0,37:celsius,,,,,,,,,,,,,
215,Row:0-ct1frs48v2f4y8r-Low-IncubationPlate,ct1frskpxe5bvcs,Container(Row:0-ct1frs48v2f4y8r-Low-IncubationPlate),71,,aq1frspzfgvwjdq,30.0,37:celsius,,,,,,,,,,,,,
216,Row:0-ct1frs48v2f4y8r-Low-IncubationPlate,ct1frskpxe5bvcs,Container(Row:0-ct1frs48v2f4y8r-Low-IncubationPlate),84,,aq1frspzfgx2rhw,30.0,32.5:celsius,rs1f47z2uft2kyv,20:microliter,Protein,rs1f47z3qb2zdga,40:microliter,Protein,ct1frpday6eten4:0,,,,,,
217,Row:0-ct1frs48v2f4y8r-Low-IncubationPlate,ct1frskpxe5bvcs,Container(Row:0-ct1frs48v2f4y8r-Low-IncubationPlate),85,,aq1frspzfgy6xns,30.0,32.5:celsius,rs1f47z2uft2kyv,20:microliter,Protein,rs1f47z3qb2zdga,40:microliter,Protein,ct1frpday6eten4:1,,,,,,
218,Row:0-ct1frs48v2f4y8r-Low-IncubationPlate,ct1frskpxe5bvcs,Container(Row:0-ct1frs48v2f4y8r-Low-IncubationPlate),86,,aq1frspzfgy6xnu,30.0,32.5:celsius,rs1f47z2uft2kyv,20:microliter,Protein,rs1f47z3qb2zdga,40:microliter,Protein,ct1frpday6eten4:2,,,,,,
219,Row:0-ct1frs48v2f4y8r-Low-IncubationPlate,ct1frskpxe5bvcs,Container(Row:0-ct1frs48v2f4y8r-Low-IncubationPlate),87,,aq1frspzfgy6xnw,30.0,32.5:celsius,rs1f47z2uft2kyv,20:microliter,Protein,rs1f47z3qb2zdga,40:microliter,Protein,ct1frpday6eten4:3,,,,,,
220,Row:0-ct1frs48v2f4y8r-Low-IncubationPlate,ct1frskpxe5bvcs,Container(Row:0-ct1frs48v2f4y8r-Low-IncubationPlate),88,,aq1frspzfgzb5st,30.0,32.5:celsius,rs1f47z2uft2kyv,20:microliter,Protein,rs1f47z3qb2zdga,40:microliter,Protein,ct1frpday6eten4:4,,,,,,
221,Row:0-ct1frs48v2f4y8r-Low-IncubationPlate,ct1frskpxe5bvcs,Container(Row:0-ct1frs48v2f4y8r-Low-IncubationPlate),89,,aq1frspzfgzb5sv,30.0,32.5:celsius,rs1f47z2uft2kyv,20:microliter,Protein,rs1f47z3qb2zdga,40:microliter,Protein,ct1frpday6eten4:5,,,,,,
222,Row:0-ct1frs48v2f4y8r-Low-IncubationPlate,ct1frskpxe5bvcs,Container(Row:0-ct1frs48v2f4y8r-Low-IncubationPlate),90,,aq1frspzfgzb5sx,30.0,32.5:celsius,,,,,,,,,,,,,
223,Row:0-ct1frs48v2f4y8r-Low-IncubationPlate,ct1frskpxe5bvcs,Container(Row:0-ct1frs48v2f4y8r-Low-IncubationPlate),91,,aq1frspzfgzb5sz,30.0,32.5:celsius,,,,,,,,,,,,,
224,Row:0-ct1frs48v2f4y8r-Low-IncubationPlate,ct1frskpxe5bvcs,Container(Row:0-ct1frs48v2f4y8r-Low-IncubationPlate),92,,aq1frspzfh2fbwv,30.0,32.5:celsius,,,,,,,,,,,,,
225,Row:0-ct1frs48v2f4y8r-Low-IncubationPlate,ct1frskpxe5bvcs,Container(Row:0-ct1frs48v2f4y8r-Low-IncubationPlate),93,,aq1frspzfh2fbwx,30.0,32.5:celsius,,,,,,,,,,,,,
226,Row:0-ct1frs48v2f4y8r-Low-IncubationPlate,ct1frskpxe5bvcs,Container(Row:0-ct1frs48v2f4y8r-Low-IncubationPlate),94,,aq1frspzfh2fbwz,30.0,32.5:celsius,,,,,,,,,,,,,
227,Row:0-ct1frs48v2f4y8r-Low-IncubationPlate,ct1frskpxe5bvcs,Container(Row:0-ct1frs48v2f4y8r-Low-IncubationPlate),95,,aq1frspzfh3kj2v,30.0,32.5:celsius,,,,,,,,,,,,,
228,Row:0-ct1frs48v2f4y8r-High-IncubationPlate,ct1frskpxdu9abh,Container(Row:0-ct1frs48v2f4y8r-High-IncubationPlate),0,,aq1frspqyx45uzp,30.0,75:celsius,rs1f47z2uft2kyv,20:microliter,Protein,rs1f47z3qb2zdga,40:microliter,Protein,ct1frpday6eten4:0,,,,,,
229,Row:0-ct1frs48v2f4y8r-High-IncubationPlate,ct1frskpxdu9abh,Container(Row:0-ct1frs48v2f4y8r-High-IncubationPlate),1,,aq1frspqyx5a35q,30.0,75:celsius,rs1f47z2uft2kyv,20:microliter,Protein,rs1f47z3qb2zdga,40:microliter,Protein,ct1frpday6eten4:1,,,,,,
230,Row:0-ct1frs48v2f4y8r-High-IncubationPlate,ct1frskpxdu9abh,Container(Row:0-ct1frs48v2f4y8r-High-IncubationPlate),2,,aq1frspqyx6e99r,30.0,75:celsius,rs1f47z2uft2kyv,20:microliter,Protein,rs1f47z3qb2zdga,40:microliter,Protein,ct1frpday6eten4:2,,,,,,
231,Row:0-ct1frs48v2f4y8r-High-IncubationPlate,ct1frskpxdu9abh,Container(Row:0-ct1frs48v2f4y8r-High-IncubationPlate),3,,aq1frspqyx6e99t,30.0,75:celsius,rs1f47z2uft2kyv,20:microliter,Protein,rs1f47z3qb2zdga,40:microliter,Protein,ct1frpday6eten4:3,,,,,,
232,Row:0-ct1frs48v2f4y8r-High-IncubationPlate,ct1frskpxdu9abh,Container(Row:0-ct1frs48v2f4y8r-High-IncubationPlate),4,,aq1frspqyx7jfdt,30.0,75:celsius,rs1f47z2uft2kyv,20:microliter,Protein,rs1f47z3qb2zdga,40:microliter,Protein,ct1frpday6eten4:4,,,,,,
233,Row:0-ct1frs48v2f4y8r-High-IncubationPlate,ct1frskpxdu9abh,Container(Row:0-ct1frs48v2f4y8r-High-IncubationPlate),5,,aq1frspqyx7jfdv,30.0,75:celsius,rs1f47z2uft2kyv,20:microliter,Protein,rs1f47z3qb2zdga,40:microliter,Protein,ct1frpday6eten4:5,,,,,,
234,Row:0-ct1frs48v2f4y8r-High-IncubationPlate,ct1frskpxdu9abh,Container(Row:0-ct1frs48v2f4y8r-High-IncubationPlate),6,,aq1frspqyx8pnhu,30.0,75:celsius,,,,,,,,,,,,,
235,Row:0-ct1frs48v2f4y8r-High-IncubationPlate,ct1frskpxdu9abh,Container(Row:0-ct1frs48v2f4y8r-High-IncubationPlate),7,,aq1frspqyx9tunv,30.0,75:celsius,,,,,,,,,,,,,
236,Row:0-ct1frs48v2f4y8r-High-IncubationPlate,ct1frskpxdu9abh,Container(Row:0-ct1frs48v2f4y8r-High-IncubationPlate),8,,aq1frspqyxay2sw,30.0,75:celsius,,,,,,,,,,,,,
237,Row:0-ct1frs48v2f4y8r-High-IncubationPlate,ct1frskpxdu9abh,Container(Row:0-ct1frs48v2f4y8r-High-IncubationPlate),9,,aq1frspqyxc48ww,30.0,75:celsius,,,,,,,,,,,,,
238,Row:0-ct1frs48v2f4y8r-High-IncubationPlate,ct1frskpxdu9abh,Container(Row:0-ct1frs48v2f4y8r-High-IncubationPlate),10,,aq1frspqyxc48wy,30.0,75:celsius,,,,,,,,,,,,,
239,Row:0-ct1frs48v2f4y8r-High-IncubationPlate,ct1frskpxdu9abh,Container(Row:0-ct1frs48v2f4y8r-High-IncubationPlate),11,,aq1frspqyxd8f2x,30.0,75:celsius,,,,,,,,,,,,,
240,Row:0-ct1frs48v2f4y8r-High-IncubationPlate,ct1frskpxdu9abh,Container(Row:0-ct1frs48v2f4y8r-High-IncubationPlate),24,,aq1frspqyxgn2f3,30.0,71.6:celsius,rs1f47z2uft2kyv,20:microliter,Protein,rs1f47z3qb2zdga,40:microliter,Protein,ct1frpday6eten4:0,,,,,,
241,Row:0-ct1frs48v2f4y8r-High-IncubationPlate,ct1frskpxdu9abh,Container(Row:0-ct1frs48v2f4y8r-High-IncubationPlate),25,,aq1frspqyxhs8k3,30.0,71.6:celsius,rs1f47z2uft2kyv,20:microliter,Protein,rs1f47z3qb2zdga,40:microliter,Protein,ct1frpday6eten4:1,,,,,,
242,Row:0-ct1frs48v2f4y8r-High-IncubationPlate,ct1frskpxdu9abh,Container(Row:0-ct1frs48v2f4y8r-High-IncubationPlate),26,,aq1frspqyxhs8k5,30.0,71.6:celsius,rs1f47z2uft2kyv,20:microliter,Protein,rs1f47z3qb2zdga,40:microliter,Protein,ct1frpday6eten4:2,,,,,,
243,Row:0-ct1frs48v2f4y8r-High-IncubationPlate,ct1frskpxdu9abh,Container(Row:0-ct1frs48v2f4y8r-High-IncubationPlate),27,,aq1frspqyxjweq5,30.0,71.6:celsius,rs1f47z2uft2kyv,20:microliter,Protein,rs1f47z3qb2zdga,40:microliter,Protein,ct1frpday6eten4:3,,,,,,
244,Row:0-ct1frs48v2f4y8r-High-IncubationPlate,ct1frskpxdu9abh,Container(Row:0-ct1frs48v2f4y8r-High-IncubationPlate),28,,aq1frspqyxjweq7,30.0,71.6:celsius,rs1f47z2uft2kyv,20:microliter,Protein,rs1f47z3qb2zdga,40:microliter,Protein,ct1frpday6eten4:4,,,,,,
245,Row:0-ct1frs48v2f4y8r-High-IncubationPlate,ct1frskpxdu9abh,Container(Row:0-ct1frs48v2f4y8r-High-IncubationPlate),29,,aq1frspqyxm2mu6,30.0,71.6:celsius,rs1f47z2uft2kyv,20:microliter,Protein,rs1f47z3qb2zdga,40:microliter,Protein,ct1frpday6eten4:5,,,,,,
246,Row:0-ct1frs48v2f4y8r-High-IncubationPlate,ct1frskpxdu9abh,Container(Row:0-ct1frs48v2f4y8r-High-IncubationPlate),30,,aq1frspqyxm2mu8,30.0,71.6:celsius,,,,,,,,,,,,,
247,Row:0-ct1frs48v2f4y8r-High-IncubationPlate,ct1frskpxdu9abh,Container(Row:0-ct1frs48v2f4y8r-High-IncubationPlate),31,,aq1frspqyxn6ty6,30.0,71.6:celsius,,,,,,,,,,,,,
248,Row:0-ct1frs48v2f4y8r-High-IncubationPlate,ct1frskpxdu9abh,Container(Row:0-ct1frs48v2f4y8r-High-IncubationPlate),32,,aq1frspqyxn6ty8,30.0,71.6:celsius,,,,,,,,,,,,,
249,Row:0-ct1frs48v2f4y8r-High-IncubationPlate,ct1frskpxdu9abh,Container(Row:0-ct1frs48v2f4y8r-High-IncubationPlate),33,,aq1frspqyxpb247,30.0,71.6:celsius,,,,,,,,,,,,,
250,Row:0-ct1frs48v2f4y8r-High-IncubationPlate,ct1frskpxdu9abh,Container(Row:0-ct1frs48v2f4y8r-High-IncubationPlate),34,,aq1frspqyxpb249,30.0,71.6:celsius,,,,,,,,,,,,,
251,Row:0-ct1frs48v2f4y8r-High-IncubationPlate,ct1frskpxdu9abh,Container(Row:0-ct1frs48v2f4y8r-High-IncubationPlate),35,,aq1frspqyxpb24b,30.0,71.6:celsius,,,,,,,,,,,,,
252,Row:0-ct1frs48v2f4y8r-High-IncubationPlate,ct1frskpxdu9abh,Container(Row:0-ct1frs48v2f4y8r-High-IncubationPlate),48,,aq1frspqyxsqmgd,30.0,62.8:celsius,rs1f47z2uft2kyv,20:microliter,Protein,rs1f47z3qb2zdga,40:microliter,Protein,ct1frpday6eten4:0,,,,,,
253,Row:0-ct1frs48v2f4y8r-High-IncubationPlate,ct1frskpxdu9abh,Container(Row:0-ct1frs48v2f4y8r-High-IncubationPlate),49,,aq1frspqyxtutmc,30.0,62.8:celsius,rs1f47z2uft2kyv,20:microliter,Protein,rs1f47z3qb2zdga,40:microliter,Protein,ct1frpday6eten4:1,,,,,,
254,Row:0-ct1frs48v2f4y8r-High-IncubationPlate,ct1frskpxdu9abh,Container(Row:0-ct1frs48v2f4y8r-High-IncubationPlate),50,,aq1frspqyxtutme,30.0,62.8:celsius,rs1f47z2uft2kyv,20:microliter,Protein,rs1f47z3qb2zdga,40:microliter,Protein,ct1frpday6eten4:2,,,,,,
255,Row:0-ct1frs48v2f4y8r-High-IncubationPlate,ct1frskpxdu9abh,Container(Row:0-ct1frs48v2f4y8r-High-IncubationPlate),51,,aq1frspqyxuyzrd,30.0,62.8:celsius,rs1f47z2uft2kyv,20:microliter,Protein,rs1f47z3qb2zdga,40:microliter,Protein,ct1frpday6eten4:3,,,,,,
256,Row:0-ct1frs48v2f4y8r-High-IncubationPlate,ct1frskpxdu9abh,Container(Row:0-ct1frs48v2f4y8r-High-IncubationPlate),52,,aq1frspqyxuyzrf,30.0,62.8:celsius,rs1f47z2uft2kyv,20:microliter,Protein,rs1f47z3qb2zdga,40:microliter,Protein,ct1frpday6eten4:4,,,,,,
257,Row:0-ct1frs48v2f4y8r-High-IncubationPlate,ct1frskpxdu9abh,Container(Row:0-ct1frs48v2f4y8r-High-IncubationPlate),53,,aq1frspqyxw57ve,30.0,62.8:celsius,rs1f47z2uft2kyv,20:microliter,Protein,rs1f47z3qb2zdga,40:microliter,Protein,ct1frpday6eten4:5,,,,,,
258,Row:0-ct1frs48v2f4y8r-High-IncubationPlate,ct1frskpxdu9abh,Container(Row:0-ct1frs48v2f4y8r-High-IncubationPlate),54,,aq1frspqyxw57vg,30.0,62.8:celsius,,,,,,,,,,,,,
259,Row:0-ct1frs48v2f4y8r-High-IncubationPlate,ct1frskpxdu9abh,Container(Row:0-ct1frs48v2f4y8r-High-IncubationPlate),55,,aq1frspqyxx9dzf,30.0,62.8:celsius,,,,,,,,,,,,,
260,Row:0-ct1frs48v2f4y8r-High-IncubationPlate,ct1frskpxdu9abh,Container(Row:0-ct1frs48v2f4y8r-High-IncubationPlate),56,,aq1frspqyxx9dzh,30.0,62.8:celsius,,,,,,,,,,,,,
261,Row:0-ct1frs48v2f4y8r-High-IncubationPlate,ct1frskpxdu9abh,Container(Row:0-ct1frs48v2f4y8r-High-IncubationPlate),57,,aq1frspqyxydm5g,30.0,62.8:celsius,,,,,,,,,,,,,
262,Row:0-ct1frs48v2f4y8r-High-IncubationPlate,ct1frskpxdu9abh,Container(Row:0-ct1frs48v2f4y8r-High-IncubationPlate),58,,aq1frspqyxydm5j,30.0,62.8:celsius,,,,,,,,,,,,,
263,Row:0-ct1frs48v2f4y8r-High-IncubationPlate,ct1frskpxdu9abh,Container(Row:0-ct1frs48v2f4y8r-High-IncubationPlate),59,,aq1frspqyxzht9g,30.0,62.8:celsius,,,,,,,,,,,,,
264,ProteinSubstrate-Provisions-Tube,ct1frskpxdh2h68,Container(ProteinSubstrate-Provisions-Tube),0,,aq1frsmsbd5jx28,200.0,,,,,,,,,,,,,,
265,4-IVTT-Mix-Tube,ct1frskpxd7xx4y,Container(4-IVTT-Mix-Tube),0,,aq1frsmzhmpnu7a,270.0,,,,,,,,,,,,,,
266,3-IVTT-Mix-Tube,ct1frskpxcvr5xp,Container(3-IVTT-Mix-Tube),0,,aq1frsmyhzhfxpz,150.0,,,,,,,,,,,,,,
267,2-IVTT-Mix-Tube,ct1frskpxcknjwe,Container(2-IVTT-Mix-Tube),0,,aq1frsmygynp979,150.0,,,,,,,,,,,,,,
268,1-IVTT-Mix-Tube,ct1frskpxcajyv6,Container(1-IVTT-Mix-Tube),0,,aq1frsmyfkyvupq,150.0,,,,,,,,,,,,,,
269,ct1frs48v2f4y8r-IVTT-DilutionPlate,ct1frskpxbyc7pv,Container(ct1frs48v2f4y8r-IVTT-DilutionPlate),0,,aq1frsp5y34qfpw,170.0,,rs1f47z2uft2kyv,20:microliter,Protein,rs1f47z3qb2zdga,40:microliter,Protein,ct1frpday6eten4:0,,,,,,
270,ct1frs48v2f4y8r-IVTT-DilutionPlate,ct1frskpxbyc7pv,Container(ct1frs48v2f4y8r-IVTT-DilutionPlate),1,,aq1frsp5y35unty,170.0,,rs1f47z2uft2kyv,20:microliter,Protein,rs1f47z3qb2zdga,40:microliter,Protein,ct1frpday6eten4:1,,,,,,
271,ct1frs48v2f4y8r-IVTT-DilutionPlate,ct1frskpxbyc7pv,Container(ct1frs48v2f4y8r-IVTT-DilutionPlate),2,,aq1frsp5y35unu2,170.0,,rs1f47z2uft2kyv,20:microliter,Protein,rs1f47z3qb2zdga,40:microliter,Protein,ct1frpday6eten4:2,,,,,,
272,ct1frs48v2f4y8r-IVTT-DilutionPlate,ct1frskpxbyc7pv,Container(ct1frs48v2f4y8r-IVTT-DilutionPlate),3,,aq1frsp5y35unu4,170.0,,rs1f47z2uft2kyv,20:microliter,Protein,rs1f47z3qb2zdga,40:microliter,Protein,ct1frpday6eten4:3,,,,,,
273,ct1frs48v2f4y8r-IVTT-DilutionPlate,ct1frskpxbyc7pv,Container(ct1frs48v2f4y8r-IVTT-DilutionPlate),4,,aq1frsp5y36yuxz,170.0,,rs1f47z2uft2kyv,20:microliter,Protein,rs1f47z3qb2zdga,40:microliter,Protein,ct1frpday6eten4:4,,,,,,
274,ct1frs48v2f4y8r-IVTT-DilutionPlate,ct1frskpxbyc7pv,Container(ct1frs48v2f4y8r-IVTT-DilutionPlate),5,,aq1frsp5y36yuy3,170.0,,rs1f47z2uft2kyv,20:microliter,Protein,rs1f47z3qb2zdga,40:microliter,Protein,ct1frpday6eten4:5,,,,,,
275,ct1frs48v2f4y8r-IVTT-DilutionPlate,ct1frskpxbyc7pv,Container(ct1frs48v2f4y8r-IVTT-DilutionPlate),6,,aq1frsp5y36yuy5,170.0,,,,,,,,,,,,,,
276,ct1frs48v2f4y8r-IVTT-DilutionPlate,ct1frskpxbyc7pv,Container(ct1frs48v2f4y8r-IVTT-DilutionPlate),7,,aq1frsp5y38533z,170.0,,,,,,,,,,,,,,
277,ct1frs48v2f4y8r-IVTT-DilutionPlate,ct1frskpxbyc7pv,Container(ct1frs48v2f4y8r-IVTT-DilutionPlate),8,,aq1frsp5y385343,170.0,,,,,,,,,,,,,,
278,ct1frs48v2f4y8r-IVTT-DilutionPlate,ct1frskpxbyc7pv,Container(ct1frs48v2f4y8r-IVTT-DilutionPlate),9,,aq1frsp5y385345,170.0,,,,,,,,,,,,,,
279,ct1frs48v2f4y8r-IVTT-DilutionPlate,ct1frskpxbyc7pv,Container(ct1frs48v2f4y8r-IVTT-DilutionPlate),10,,aq1frsp5y385347,170.0,,,,,,,,,,,,,,
280,ct1frs48v2f4y8r-IVTT-DilutionPlate,ct1frskpxbyc7pv,Container(ct1frs48v2f4y8r-IVTT-DilutionPlate),11,,aq1frsp5y399983,170.0,,,,,,,,,,,,,,
281,ct1frs48v2f4y8r-IVTT-DilutionPlate,ct1frskpxbyc7pv,Container(ct1frs48v2f4y8r-IVTT-DilutionPlate),12,,aq1frsp5y399985,670.0,,,,,,,,,,,,,,
282,ct1frs48v2f4y8r-IVTT-DilutionPlate,ct1frskpxbyc7pv,Container(ct1frs48v2f4y8r-IVTT-DilutionPlate),13,,aq1frsp5y399987,670.0,,,,,,,,,,,,,,
283,ct1frs48v2f4y8r-IVTT-DilutionPlate,ct1frskpxbyc7pv,Container(ct1frs48v2f4y8r-IVTT-DilutionPlate),14,,aq1frsp5y3adfc3,670.0,,,,,,,,,,,,,,
284,ct1frs48v2f4y8r-IVTT-DilutionPlate,ct1frskpxbyc7pv,Container(ct1frs48v2f4y8r-IVTT-DilutionPlate),15,,aq1frsp5y3adfc5,670.0,,,,,,,,,,,,,,
285,ct1frs48v2f4y8r-IVTT-DilutionPlate,ct1frskpxbyc7pv,Container(ct1frs48v2f4y8r-IVTT-DilutionPlate),16,,aq1frsp5y3adfc7,670.0,,,,,,,,,,,,,,
286,ct1frs48v2f4y8r-IVTT-DilutionPlate,ct1frskpxbyc7pv,Container(ct1frs48v2f4y8r-IVTT-DilutionPlate),17,,aq1frsp5y3bhng4,670.0,,,,,,,,,,,,,,
287,ct1frs48v2f4y8r-IVTT-DilutionPlate,ct1frskpxbyc7pv,Container(ct1frs48v2f4y8r-IVTT-DilutionPlate),18,,aq1frsp5y3bhng6,670.0,,,,,,,,,,,,,,
288,ct1frs48v2f4y8r-IVTT-DilutionPlate,ct1frskpxbyc7pv,Container(ct1frs48v2f4y8r-IVTT-DilutionPlate),19,,aq1frsp5y3bhng8,670.0,,,,,,,,,,,,,,
289,ct1frs48v2f4y8r-IVTT-DilutionPlate,ct1frskpxbyc7pv,Container(ct1frs48v2f4y8r-IVTT-DilutionPlate),20,,aq1frsp5y3bhnga,670.0,,,,,,,,,,,,,,
290,ct1frs48v2f4y8r-IVTT-DilutionPlate,ct1frskpxbyc7pv,Container(ct1frs48v2f4y8r-IVTT-DilutionPlate),21,,aq1frsp5y3cnum6,670.0,,,,,,,,,,,,,,
291,ct1frs48v2f4y8r-IVTT-DilutionPlate,ct1frskpxbyc7pv,Container(ct1frs48v2f4y8r-IVTT-DilutionPlate),22,,aq1frsp5y3cnum8,670.0,,,,,,,,,,,,,,
292,ct1frs48v2f4y8r-IVTT-DilutionPlate,ct1frskpxbyc7pv,Container(ct1frs48v2f4y8r-IVTT-DilutionPlate),23,,aq1frsp5y3cnuma,670.0,,,,,,,,,,,,,,
293,ct1frs48v2f4y8r-IVTT-DilutionPlate,ct1frskpxbyc7pv,Container(ct1frs48v2f4y8r-IVTT-DilutionPlate),24,,aq1frsp5y3dt2r6,670.0,,,,,,,,,,,,,,
294,ct1frs48v2f4y8r-IVTT-DilutionPlate,ct1frskpxbyc7pv,Container(ct1frs48v2f4y8r-IVTT-DilutionPlate),25,,aq1frsp5y3dt2r8,670.0,,,,,,,,,,,,,,
295,ct1frs48v2f4y8r-IVTT-DilutionPlate,ct1frskpxbyc7pv,Container(ct1frs48v2f4y8r-IVTT-DilutionPlate),26,,aq1frsp5y3dt2ra,670.0,,,,,,,,,,,,,,
296,ct1frs48v2f4y8r-IVTT-DilutionPlate,ct1frskpxbyc7pv,Container(ct1frs48v2f4y8r-IVTT-DilutionPlate),27,,aq1frsp5y3ex8v7,670.0,,,,,,,,,,,,,,
297,ct1frs48v2f4y8r-IVTT-DilutionPlate,ct1frskpxbyc7pv,Container(ct1frs48v2f4y8r-IVTT-DilutionPlate),28,,aq1frsp5y3ex8v9,670.0,,,,,,,,,,,,,,
298,ct1frs48v2f4y8r-IVTT-DilutionPlate,ct1frskpxbyc7pv,Container(ct1frs48v2f4y8r-IVTT-DilutionPlate),29,,aq1frsp5y3ex8vb,670.0,,,,,,,,,,,,,,
299,ct1frs48v2f4y8r-IVTT-DilutionPlate,ct1frskpxbyc7pv,Container(ct1frs48v2f4y8r-IVTT-DilutionPlate),30,,aq1frsp5y3ex8vd,670.0,,,,,,,,,,,,,,
300,ct1frs48v2f4y8r-IVTT-DilutionPlate,ct1frskpxbyc7pv,Container(ct1frs48v2f4y8r-IVTT-DilutionPlate),31,,aq1frsp5y3g3ez8,670.0,,,,,,,,,,,,,,
301,ct1frs48v2f4y8r-IVTT-DilutionPlate,ct1frskpxbyc7pv,Container(ct1frs48v2f4y8r-IVTT-DilutionPlate),32,,aq1frsp5y3g3eza,670.0,,,,,,,,,,,,,,
302,ct1frs48v2f4y8r-IVTT-DilutionPlate,ct1frskpxbyc7pv,Container(ct1frs48v2f4y8r-IVTT-DilutionPlate),33,,aq1frsp5y3g3ezc,670.0,,,,,,,,,,,,,,
303,ct1frs48v2f4y8r-IVTT-DilutionPlate,ct1frskpxbyc7pv,Container(ct1frs48v2f4y8r-IVTT-DilutionPlate),34,,aq1frsp5y3h7n59,670.0,,,,,,,,,,,,,,
304,ct1frs48v2f4y8r-IVTT-DilutionPlate,ct1frskpxbyc7pv,Container(ct1frs48v2f4y8r-IVTT-DilutionPlate),35,,aq1frsp5y3h7n5b,670.0,,,,,,,,,,,,,,
305,ct1frs48v2f4y8r-IVTT-DilutionPlate,ct1frskpxbyc7pv,Container(ct1frs48v2f4y8r-IVTT-DilutionPlate),36,,aq1frsp5y3h7n5d,670.0,,,,,,,,,,,,,,
306,ct1frs48v2f4y8r-IVTT-DilutionPlate,ct1frskpxbyc7pv,Container(ct1frs48v2f4y8r-IVTT-DilutionPlate),37,,aq1frsp5y3h7n5f,670.0,,,,,,,,,,,,,,
307,ct1frs48v2f4y8r-IVTT-DilutionPlate,ct1frskpxbyc7pv,Container(ct1frs48v2f4y8r-IVTT-DilutionPlate),38,,aq1frsp5y3jbu9b,670.0,,,,,,,,,,,,,,
308,ct1frs48v2f4y8r-IVTT-DilutionPlate,ct1frskpxbyc7pv,Container(ct1frs48v2f4y8r-IVTT-DilutionPlate),39,,aq1frsp5y3jbu9d,670.0,,,,,,,,,,,,,,
309,ct1frs48v2f4y8r-IVTT-DilutionPlate,ct1frskpxbyc7pv,Container(ct1frs48v2f4y8r-IVTT-DilutionPlate),40,,aq1frsp5y3jbu9f,670.0,,,,,,,,,,,,,,
310,ct1frs48v2f4y8r-IVTT-DilutionPlate,ct1frskpxbyc7pv,Container(ct1frs48v2f4y8r-IVTT-DilutionPlate),41,,aq1frsp5y3kg2dc,670.0,,,,,,,,,,,,,,
311,ct1frs48v2f4y8r-IVTT-DilutionPlate,ct1frskpxbyc7pv,Container(ct1frs48v2f4y8r-IVTT-DilutionPlate),42,,aq1frsp5y3kg2de,670.0,,,,,,,,,,,,,,
312,ct1frs48v2f4y8r-IVTT-DilutionPlate,ct1frskpxbyc7pv,Container(ct1frs48v2f4y8r-IVTT-DilutionPlate),43,,aq1frsp5y3kg2dg,670.0,,,,,,,,,,,,,,
313,ct1frs48v2f4y8r-IVTT-DilutionPlate,ct1frskpxbyc7pv,Container(ct1frs48v2f4y8r-IVTT-DilutionPlate),44,,aq1frsp5y3mm8hc,670.0,,,,,,,,,,,,,,
314,ct1frs48v2f4y8r-IVTT-DilutionPlate,ct1frskpxbyc7pv,Container(ct1frs48v2f4y8r-IVTT-DilutionPlate),45,,aq1frsp5y3mm8he,670.0,,,,,,,,,,,,,,
315,ct1frs48v2f4y8r-IVTT-DilutionPlate,ct1frskpxbyc7pv,Container(ct1frs48v2f4y8r-IVTT-DilutionPlate),46,,aq1frsp5y3mm8hg,670.0,,,,,,,,,,,,,,
316,ct1frs48v2f4y8r-IVTT-DilutionPlate,ct1frskpxbyc7pv,Container(ct1frs48v2f4y8r-IVTT-DilutionPlate),47,,aq1frsp5y3nrend,670.0,,,,,,,,,,,,,,
317,ct1frs48v2f4y8r-IVTT-DilutionPlate,ct1frskpxbyc7pv,Container(ct1frs48v2f4y8r-IVTT-DilutionPlate),48,,aq1frsp5y3nrenf,670.0,,,,,,,,,,,,,,
318,ct1frs48v2f4y8r-IVTT-DilutionPlate,ct1frskpxbyc7pv,Container(ct1frs48v2f4y8r-IVTT-DilutionPlate),49,,aq1frsp5y3nrenh,670.0,,,,,,,,,,,,,,
319,ct1frs48v2f4y8r-IVTT-DilutionPlate,ct1frskpxbyc7pv,Container(ct1frs48v2f4y8r-IVTT-DilutionPlate),50,,aq1frsp5y3nrenk,670.0,,,,,,,,,,,,,,
320,ct1frs48v2f4y8r-IVTT-DilutionPlate,ct1frskpxbyc7pv,Container(ct1frs48v2f4y8r-IVTT-DilutionPlate),51,,aq1frsp5y3pvmsf,670.0,,,,,,,,,,,,,,
321,ct1frs48v2f4y8r-IVTT-DilutionPlate,ct1frskpxbyc7pv,Container(ct1frs48v2f4y8r-IVTT-DilutionPlate),52,,aq1frsp5y3pvmsh,670.0,,,,,,,,,,,,,,
322,ct1frs48v2f4y8r-IVTT-DilutionPlate,ct1frskpxbyc7pv,Container(ct1frs48v2f4y8r-IVTT-DilutionPlate),53,,aq1frsp5y3pvmsk,670.0,,,,,,,,,,,,,,
323,ct1frs48v2f4y8r-IVTT-DilutionPlate,ct1frskpxbyc7pv,Container(ct1frs48v2f4y8r-IVTT-DilutionPlate),54,,aq1frsp5y3qztwg,670.0,,,,,,,,,,,,,,
324,ct1frs48v2f4y8r-IVTT-DilutionPlate,ct1frskpxbyc7pv,Container(ct1frs48v2f4y8r-IVTT-DilutionPlate),55,,aq1frsp5y3qztwj,670.0,,,,,,,,,,,,,,
325,ct1frs48v2f4y8r-IVTT-DilutionPlate,ct1frskpxbyc7pv,Container(ct1frs48v2f4y8r-IVTT-DilutionPlate),56,,aq1frsp5y3qztwm,670.0,,,,,,,,,,,,,,
326,ct1frs48v2f4y8r-IVTT-DilutionPlate,ct1frskpxbyc7pv,Container(ct1frs48v2f4y8r-IVTT-DilutionPlate),57,,aq1frsp5y3s622g,670.0,,,,,,,,,,,,,,
327,ct1frs48v2f4y8r-IVTT-DilutionPlate,ct1frskpxbyc7pv,Container(ct1frs48v2f4y8r-IVTT-DilutionPlate),58,,aq1frsp5y3s622j,670.0,,,,,,,,,,,,,,
328,ct1frs48v2f4y8r-IVTT-DilutionPlate,ct1frskpxbyc7pv,Container(ct1frs48v2f4y8r-IVTT-DilutionPlate),59,,aq1frsp5y3s622m,670.0,,,,,,,,,,,,,,
329,ct1frs48v2f4y8r-IVTT-DilutionPlate,ct1frskpxbyc7pv,Container(ct1frs48v2f4y8r-IVTT-DilutionPlate),60,,aq1frsp5y3ta86h,670.0,,,,,,,,,,,,,,
330,ct1frs48v2f4y8r-IVTT-DilutionPlate,ct1frskpxbyc7pv,Container(ct1frs48v2f4y8r-IVTT-DilutionPlate),61,,aq1frsp5y3ta86k,670.0,,,,,,,,,,,,,,
331,ct1frs48v2f4y8r-IVTT-DilutionPlate,ct1frskpxbyc7pv,Container(ct1frs48v2f4y8r-IVTT-DilutionPlate),62,,aq1frsp5y3ta86n,670.0,,,,,,,,,,,,,,
332,ct1frs48v2f4y8r-IVTT-DilutionPlate,ct1frskpxbyc7pv,Container(ct1frs48v2f4y8r-IVTT-DilutionPlate),63,,aq1frsp5y3ueeaj,670.0,,,,,,,,,,,,,,
333,ct1frs48v2f4y8r-IVTT-DilutionPlate,ct1frskpxbyc7pv,Container(ct1frs48v2f4y8r-IVTT-DilutionPlate),64,,aq1frsp5y3ueeam,670.0,,,,,,,,,,,,,,
334,ct1frs48v2f4y8r-IVTT-DilutionPlate,ct1frskpxbyc7pv,Container(ct1frs48v2f4y8r-IVTT-DilutionPlate),65,,aq1frsp5y3ueeap,670.0,,,,,,,,,,,,,,
335,ct1frs48v2f4y8r-IVTT-DilutionPlate,ct1frskpxbyc7pv,Container(ct1frs48v2f4y8r-IVTT-DilutionPlate),66,,aq1frsp5y3vjmek,670.0,,,,,,,,,,,,,,
336,ct1frs48v2f4y8r-IVTT-DilutionPlate,ct1frskpxbyc7pv,Container(ct1frs48v2f4y8r-IVTT-DilutionPlate),67,,aq1frsp5y3vjmen,670.0,,,,,,,,,,,,,,
337,ct1frs48v2f4y8r-IVTT-DilutionPlate,ct1frskpxbyc7pv,Container(ct1frs48v2f4y8r-IVTT-DilutionPlate),68,,aq1frsp5y3vjmeq,670.0,,,,,,,,,,,,,,
338,ct1frs48v2f4y8r-IVTT-DilutionPlate,ct1frskpxbyc7pv,Container(ct1frs48v2f4y8r-IVTT-DilutionPlate),69,,aq1frsp5y3vjmes,670.0,,,,,,,,,,,,,,
339,ct1frs48v2f4y8r-IVTT-DilutionPlate,ct1frskpxbyc7pv,Container(ct1frs48v2f4y8r-IVTT-DilutionPlate),70,,aq1frsp5y3wptjn,670.0,,,,,,,,,,,,,,
340,ct1frs48v2f4y8r-IVTT-DilutionPlate,ct1frskpxbyc7pv,Container(ct1frs48v2f4y8r-IVTT-DilutionPlate),71,,aq1frsp5y3wptjq,670.0,,,,,,,,,,,,,,
341,ct1frs48v2f4y8r-IVTT-DilutionPlate,ct1frskpxbyc7pv,Container(ct1frs48v2f4y8r-IVTT-DilutionPlate),72,,aq1frsp5y3wptjs,670.0,,,,,,,,,,,,,,
342,ct1frs48v2f4y8r-IVTT-DilutionPlate,ct1frskpxbyc7pv,Container(ct1frs48v2f4y8r-IVTT-DilutionPlate),73,,aq1frsp5y3xtzpp,670.0,,,,,,,,,,,,,,
343,ct1frs48v2f4y8r-IVTT-DilutionPlate,ct1frskpxbyc7pv,Container(ct1frs48v2f4y8r-IVTT-DilutionPlate),74,,aq1frsp5y3xtzpr,670.0,,,,,,,,,,,,,,
344,ct1frs48v2f4y8r-IVTT-DilutionPlate,ct1frskpxbyc7pv,Container(ct1frs48v2f4y8r-IVTT-DilutionPlate),75,,aq1frsp5y3xtzpt,670.0,,,,,,,,,,,,,,
345,ct1frs48v2f4y8r-IVTT-DilutionPlate,ct1frskpxbyc7pv,Container(ct1frs48v2f4y8r-IVTT-DilutionPlate),76,,aq1frsp5y3yy7tq,670.0,,,,,,,,,,,,,,
346,ct1frs48v2f4y8r-IVTT-DilutionPlate,ct1frskpxbyc7pv,Container(ct1frs48v2f4y8r-IVTT-DilutionPlate),77,,aq1frsp5y3yy7ts,670.0,,,,,,,,,,,,,,
347,ct1frs48v2f4y8r-IVTT-DilutionPlate,ct1frskpxbyc7pv,Container(ct1frs48v2f4y8r-IVTT-DilutionPlate),78,,aq1frsp5y3yy7tu,670.0,,,,,,,,,,,,,,
348,ct1frs48v2f4y8r-IVTT-DilutionPlate,ct1frskpxbyc7pv,Container(ct1frs48v2f4y8r-IVTT-DilutionPlate),79,,aq1frsp5y424dxr,670.0,,,,,,,,,,,,,,
349,ct1frs48v2f4y8r-IVTT-DilutionPlate,ct1frskpxbyc7pv,Container(ct1frs48v2f4y8r-IVTT-DilutionPlate),80,,aq1frsp5y424dxt,670.0,,,,,,,,,,,,,,
350,ct1frs48v2f4y8r-IVTT-DilutionPlate,ct1frskpxbyc7pv,Container(ct1frs48v2f4y8r-IVTT-DilutionPlate),81,,aq1frsp5y424dxv,670.0,,,,,,,,,,,,,,
351,ct1frs48v2f4y8r-IVTT-DilutionPlate,ct1frskpxbyc7pv,Container(ct1frs48v2f4y8r-IVTT-DilutionPlate),82,,aq1frsp5y438m3s,670.0,,,,,,,,,,,,,,
352,ct1frs48v2f4y8r-IVTT-DilutionPlate,ct1frskpxbyc7pv,Container(ct1frs48v2f4y8r-IVTT-DilutionPlate),83,,aq1frsp5y438m3u,670.0,,,,,,,,,,,,,,
353,ct1frs48v2f4y8r-IVTT-DilutionPlate,ct1frskpxbyc7pv,Container(ct1frs48v2f4y8r-IVTT-DilutionPlate),84,,aq1frsp5y438m3w,670.0,,,,,,,,,,,,,,
354,ct1frs48v2f4y8r-IVTT-DilutionPlate,ct1frskpxbyc7pv,Container(ct1frs48v2f4y8r-IVTT-DilutionPlate),85,,aq1frsp5y44ct7s,670.0,,,,,,,,,,,,,,
355,ct1frs48v2f4y8r-IVTT-DilutionPlate,ct1frskpxbyc7pv,Container(ct1frs48v2f4y8r-IVTT-DilutionPlate),86,,aq1frsp5y44ct7u,670.0,,,,,,,,,,,,,,
356,ct1frs48v2f4y8r-IVTT-DilutionPlate,ct1frskpxbyc7pv,Container(ct1frs48v2f4y8r-IVTT-DilutionPlate),87,,aq1frsp5y44ct7w,670.0,,,,,,,,,,,,,,
357,ct1frs48v2f4y8r-IVTT-DilutionPlate,ct1frskpxbyc7pv,Container(ct1frs48v2f4y8r-IVTT-DilutionPlate),88,,aq1frsp5y45gzbt,670.0,,,,,,,,,,,,,,
358,ct1frs48v2f4y8r-IVTT-DilutionPlate,ct1frskpxbyc7pv,Container(ct1frs48v2f4y8r-IVTT-DilutionPlate),89,,aq1frsp5y45gzbv,670.0,,,,,,,,,,,,,,
359,ct1frs48v2f4y8r-IVTT-DilutionPlate,ct1frskpxbyc7pv,Container(ct1frs48v2f4y8r-IVTT-DilutionPlate),90,,aq1frsp5y45gzbx,670.0,,,,,,,,,,,,,,
360,ct1frs48v2f4y8r-IVTT-DilutionPlate,ct1frskpxbyc7pv,Container(ct1frs48v2f4y8r-IVTT-DilutionPlate),91,,aq1frsp5y46n7fu,670.0,,,,,,,,,,,,,,
361,ct1frs48v2f4y8r-IVTT-DilutionPlate,ct1frskpxbyc7pv,Container(ct1frs48v2f4y8r-IVTT-DilutionPlate),92,,aq1frsp5y46n7fw,670.0,,,,,,,,,,,,,,
362,ct1frs48v2f4y8r-IVTT-DilutionPlate,ct1frskpxbyc7pv,Container(ct1frs48v2f4y8r-IVTT-DilutionPlate),93,,aq1frsp5y46n7fy,670.0,,,,,,,,,,,,,,
363,ct1frs48v2f4y8r-IVTT-DilutionPlate,ct1frskpxbyc7pv,Container(ct1frs48v2f4y8r-IVTT-DilutionPlate),94,,aq1frsp5y47sdkv,670.0,,,,,,,,,,,,,,
364,ct1frs48v2f4y8r-IVTT-DilutionPlate,ct1frskpxbyc7pv,Container(ct1frs48v2f4y8r-IVTT-DilutionPlate),95,,aq1frsp5y47sdkx,670.0,,,,,,,,,,,,,,
365,Dilution-Water,ct1frskpxbawnca,Container(Dilution-Water),0,,aq1frsms2rt87tc,30000.0,,,,,,,,,,,,rs1esgu7zf2ztkq,87.6:milliliter,Reagent
366,ct1frpday6eten4-IVTT-Plate,ct1frs48v2f4y8r,Container(ct1frpday6eten4-IVTT-Plate),0,IVTTReaction,aq1frs4j6r3yq2q,5.0,,rs1f47z2uft2kyv,20:microliter,Protein,rs1f47z3qb2zdga,40:microliter,Protein,ct1frpday6eten4:0,,,,,,
367,ct1frpday6eten4-IVTT-Plate,ct1frs48v2f4y8r,Container(ct1frpday6eten4-IVTT-Plate),1,IVTTReaction,aq1frs4j6r3yq2t,5.0,,rs1f47z2uft2kyv,20:microliter,Protein,rs1f47z3qb2zdga,40:microliter,Protein,ct1frpday6eten4:1,,,,,,
368,ct1frpday6eten4-IVTT-Plate,ct1frs48v2f4y8r,Container(ct1frpday6eten4-IVTT-Plate),2,IVTTReaction,aq1frs4j6r54w6s,5.0,,rs1f47z2uft2kyv,20:microliter,Protein,rs1f47z3qb2zdga,40:microliter,Protein,ct1frpday6eten4:2,,,,,,
369,ct1frpday6eten4-IVTT-Plate,ct1frs48v2f4y8r,Container(ct1frpday6eten4-IVTT-Plate),3,IVTTReaction,aq1frs4j6r54w6v,5.0,,rs1f47z2uft2kyv,20:microliter,Protein,rs1f47z3qb2zdga,40:microliter,Protein,ct1frpday6eten4:3,,,,,,
370,ct1frpday6eten4-IVTT-Plate,ct1frs48v2f4y8r,Container(ct1frpday6eten4-IVTT-Plate),4,IVTTReaction,aq1frs4j6r694au,5.0,,rs1f47z2uft2kyv,20:microliter,Protein,rs1f47z3qb2zdga,40:microliter,Protein,ct1frpday6eten4:4,,,,,,
371,ct1frpday6eten4-IVTT-Plate,ct1frs48v2f4y8r,Container(ct1frpday6eten4-IVTT-Plate),5,IVTTReaction,aq1frs4j6r694ax,5.0,,rs1f47z2uft2kyv,20:microliter,Protein,rs1f47z3qb2zdga,40:microliter,Protein,ct1frpday6eten4:5,,,,,,
372,ct1frpday6eten4-IVTT-Plate,ct1frs48v2f4y8r,Container(ct1frpday6eten4-IVTT-Plate),6,,aq1frs5pv9eqnw4,-55.0,,,,,,,,ct1frpday6eten4:6,,,,,,
373,ct1frpday6eten4-IVTT-Plate,ct1frs48v2f4y8r,Container(ct1frpday6eten4-IVTT-Plate),7,,aq1frs5pv9fuuzy,-55.0,,,,,,,,ct1frpday6eten4:7,,,,,,
374,ct1frpday6eten4-IVTT-Plate,ct1frs48v2f4y8r,Container(ct1frpday6eten4-IVTT-Plate),8,,aq1frs5pv9fuv22,-55.0,,,,,,,,ct1frpday6eten4:8,,,,,,
375,ct1frpday6eten4-IVTT-Plate,ct1frs48v2f4y8r,Container(ct1frpday6eten4-IVTT-Plate),9,,aq1frs5pv9fuv24,-55.0,,,,,,,,ct1frpday6eten4:9,,,,,,
376,ct1frpday6eten4-IVTT-Plate,ct1frs48v2f4y8r,Container(ct1frpday6eten4-IVTT-Plate),10,,aq1frs5pv9gz35z,-55.0,,,,,,,,ct1frpday6eten4:10,,,,,,
377,ct1frpday6eten4-IVTT-Plate,ct1frs48v2f4y8r,Container(ct1frpday6eten4-IVTT-Plate),11,,aq1frs5pv9gz363,-55.0,,,,,,,,ct1frpday6eten4:11,,,,,,
378,ct1frpday6eten4-IVTT-Plate,ct1frs48v2f4y8r,Container(ct1frpday6eten4-IVTT-Plate),12,,aq1frs5pv9gz365,-55.0,,,,,,,,ct1frpday6eten4:12,,,,,,
379,ct1frpday6eten4-IVTT-Plate,ct1frs48v2f4y8r,Container(ct1frpday6eten4-IVTT-Plate),13,,aq1frs5pv9gz367,-55.0,,,,,,,,ct1frpday6eten4:13,,,,,,
380,ct1frpday6eten4-IVTT-Plate,ct1frs48v2f4y8r,Container(ct1frpday6eten4-IVTT-Plate),14,,aq1frs5pv9j59a3,-55.0,,,,,,,,ct1frpday6eten4:14,,,,,,
381,ct1frpday6eten4-IVTT-Plate,ct1frs48v2f4y8r,Container(ct1frpday6eten4-IVTT-Plate),15,,aq1frs5pv9j59a5,-55.0,,,,,,,,ct1frpday6eten4:15,,,,,,
382,ct1frpday6eten4-IVTT-Plate,ct1frs48v2f4y8r,Container(ct1frpday6eten4-IVTT-Plate),16,,aq1frs5pv9j59a7,-55.0,,,,,,,,ct1frpday6eten4:16,,,,,,
383,ct1frpday6eten4-IVTT-Plate,ct1frs48v2f4y8r,Container(ct1frpday6eten4-IVTT-Plate),17,,aq1frs5pv9k9fe3,-55.0,,,,,,,,ct1frpday6eten4:17,,,,,,
384,ct1frpday6eten4-IVTT-Plate,ct1frs48v2f4y8r,Container(ct1frpday6eten4-IVTT-Plate),18,,aq1frs5pv9k9fe5,-55.0,,,,,,,,ct1frpday6eten4:18,,,,,,
385,ct1frpday6eten4-IVTT-Plate,ct1frs48v2f4y8r,Container(ct1frpday6eten4-IVTT-Plate),19,,aq1frs5pv9k9fe7,-55.0,,,,,,,,ct1frpday6eten4:19,,,,,,
386,ct1frpday6eten4-IVTT-Plate,ct1frs48v2f4y8r,Container(ct1frpday6eten4-IVTT-Plate),20,,aq1frs5pv9mdnj4,-55.0,,,,,,,,ct1frpday6eten4:20,,,,,,
387,ct1frpday6eten4-IVTT-Plate,ct1frs48v2f4y8r,Container(ct1frpday6eten4-IVTT-Plate),21,,aq1frs5pv9mdnj6,-55.0,,,,,,,,ct1frpday6eten4:21,,,,,,
388,ct1frpday6eten4-IVTT-Plate,ct1frs48v2f4y8r,Container(ct1frpday6eten4-IVTT-Plate),22,,aq1frs5pv9mdnj8,-55.0,,,,,,,,ct1frpday6eten4:22,,,,,,
389,ct1frpday6eten4-IVTT-Plate,ct1frs48v2f4y8r,Container(ct1frpday6eten4-IVTT-Plate),23,,aq1frs5pv9mdnja,-55.0,,,,,,,,ct1frpday6eten4:23,,,,,,
390,ct1frpday6eten4-IVTT-Plate,ct1frs48v2f4y8r,Container(ct1frpday6eten4-IVTT-Plate),24,,aq1frs5pv9nhup6,-55.0,,,,,,,,ct1frpday6eten4:24,,,,,,
391,ct1frpday6eten4-IVTT-Plate,ct1frs48v2f4y8r,Container(ct1frpday6eten4-IVTT-Plate),25,,aq1frs5pv9nhup8,-55.0,,,,,,,,ct1frpday6eten4:25,,,,,,
392,ct1frpday6eten4-IVTT-Plate,ct1frs48v2f4y8r,Container(ct1frpday6eten4-IVTT-Plate),26,,aq1frs5pv9nhupa,-55.0,,,,,,,,ct1frpday6eten4:26,,,,,,
393,ct1frpday6eten4-IVTT-Plate,ct1frs48v2f4y8r,Container(ct1frpday6eten4-IVTT-Plate),27,,aq1frs5pv9pp2t7,-55.0,,,,,,,,ct1frpday6eten4:27,,,,,,
394,ct1frpday6eten4-IVTT-Plate,ct1frs48v2f4y8r,Container(ct1frpday6eten4-IVTT-Plate),28,,aq1frs5pv9pp2t9,-55.0,,,,,,,,ct1frpday6eten4:28,,,,,,
395,ct1frpday6eten4-IVTT-Plate,ct1frs48v2f4y8r,Container(ct1frpday6eten4-IVTT-Plate),29,,aq1frs5pv9pp2tb,-55.0,,,,,,,,ct1frpday6eten4:29,,,,,,
396,ct1frpday6eten4-IVTT-Plate,ct1frs48v2f4y8r,Container(ct1frpday6eten4-IVTT-Plate),30,,aq1frs5pv9qt8x7,-55.0,,,,,,,,ct1frpday6eten4:30,,,,,,
397,ct1frpday6eten4-IVTT-Plate,ct1frs48v2f4y8r,Container(ct1frpday6eten4-IVTT-Plate),31,,aq1frs5pv9qt8x9,-55.0,,,,,,,,ct1frpday6eten4:31,,,,,,
398,ct1frpday6eten4-IVTT-Plate,ct1frs48v2f4y8r,Container(ct1frpday6eten4-IVTT-Plate),32,,aq1frs5pv9qt8xb,-55.0,,,,,,,,ct1frpday6eten4:32,,,,,,
399,ct1frpday6eten4-IVTT-Plate,ct1frs48v2f4y8r,Container(ct1frpday6eten4-IVTT-Plate),33,,aq1frs5pv9rxf38,-55.0,,,,,,,,ct1frpday6eten4:33,,,,,,
400,ct1frpday6eten4-IVTT-Plate,ct1frs48v2f4y8r,Container(ct1frpday6eten4-IVTT-Plate),34,,aq1frs5pv9rxf3a,-55.0,,,,,,,,ct1frpday6eten4:34,,,,,,
401,ct1frpday6eten4-IVTT-Plate,ct1frs48v2f4y8r,Container(ct1frpday6eten4-IVTT-Plate),35,,aq1frs5pv9rxf3c,-55.0,,,,,,,,ct1frpday6eten4:35,,,,,,
402,ct1frpday6eten4-IVTT-Plate,ct1frs48v2f4y8r,Container(ct1frpday6eten4-IVTT-Plate),36,,aq1frs5pv9t3n79,-55.0,,,,,,,,ct1frpday6eten4:36,,,,,,
403,ct1frpday6eten4-IVTT-Plate,ct1frs48v2f4y8r,Container(ct1frpday6eten4-IVTT-Plate),37,,aq1frs5pv9t3n7b,-55.0,,,,,,,,ct1frpday6eten4:37,,,,,,
404,ct1frpday6eten4-IVTT-Plate,ct1frs48v2f4y8r,Container(ct1frpday6eten4-IVTT-Plate),38,,aq1frs5pv9t3n7d,-55.0,,,,,,,,ct1frpday6eten4:38,,,,,,
405,ct1frpday6eten4-IVTT-Plate,ct1frs48v2f4y8r,Container(ct1frpday6eten4-IVTT-Plate),39,,aq1frs5pv9t3n7f,-55.0,,,,,,,,ct1frpday6eten4:39,,,,,,
406,ct1frpday6eten4-IVTT-Plate,ct1frs48v2f4y8r,Container(ct1frpday6eten4-IVTT-Plate),40,,aq1frs5pv9u7ubb,-55.0,,,,,,,,ct1frpday6eten4:40,,,,,,
407,ct1frpday6eten4-IVTT-Plate,ct1frs48v2f4y8r,Container(ct1frpday6eten4-IVTT-Plate),41,,aq1frs5pv9u7ubd,-55.0,,,,,,,,ct1frpday6eten4:41,,,,,,
408,ct1frpday6eten4-IVTT-Plate,ct1frs48v2f4y8r,Container(ct1frpday6eten4-IVTT-Plate),42,,aq1frs5pv9u7ubf,-55.0,,,,,,,,ct1frpday6eten4:42,,,,,,
409,ct1frpday6eten4-IVTT-Plate,ct1frs48v2f4y8r,Container(ct1frpday6eten4-IVTT-Plate),43,,aq1frs5pv9vc2fc,-55.0,,,,,,,,ct1frpday6eten4:43,,,,,,
410,ct1frpday6eten4-IVTT-Plate,ct1frs48v2f4y8r,Container(ct1frpday6eten4-IVTT-Plate),44,,aq1frs5pv9vc2fe,-55.0,,,,,,,,ct1frpday6eten4:44,,,,,,
411,ct1frpday6eten4-IVTT-Plate,ct1frs48v2f4y8r,Container(ct1frpday6eten4-IVTT-Plate),45,,aq1frs5pv9vc2fg,-55.0,,,,,,,,ct1frpday6eten4:45,,,,,,
412,ct1frpday6eten4-IVTT-Plate,ct1frs48v2f4y8r,Container(ct1frpday6eten4-IVTT-Plate),46,,aq1frs5pv9wg8kc,-55.0,,,,,,,,ct1frpday6eten4:46,,,,,,
413,ct1frpday6eten4-IVTT-Plate,ct1frs48v2f4y8r,Container(ct1frpday6eten4-IVTT-Plate),47,,aq1frs5pv9wg8ke,-55.0,,,,,,,,ct1frpday6eten4:47,,,,,,
414,ct1frpday6eten4-IVTT-Plate,ct1frs48v2f4y8r,Container(ct1frpday6eten4-IVTT-Plate),48,,aq1frs5pv9wg8kg,-55.0,,,,,,,,ct1frpday6eten4:48,,,,,,
415,ct1frpday6eten4-IVTT-Plate,ct1frs48v2f4y8r,Container(ct1frpday6eten4-IVTT-Plate),49,,aq1frs5pv9xmeqd,-55.0,,,,,,,,ct1frpday6eten4:49,,,,,,
416,ct1frpday6eten4-IVTT-Plate,ct1frs48v2f4y8r,Container(ct1frpday6eten4-IVTT-Plate),50,,aq1frs5pv9xmeqf,-55.0,,,,,,,,ct1frpday6eten4:50,,,,,,
417,ct1frpday6eten4-IVTT-Plate,ct1frs48v2f4y8r,Container(ct1frpday6eten4-IVTT-Plate),51,,aq1frs5pv9xmeqh,-55.0,,,,,,,,ct1frpday6eten4:51,,,,,,
418,ct1frpday6eten4-IVTT-Plate,ct1frs48v2f4y8r,Container(ct1frpday6eten4-IVTT-Plate),52,,aq1frs5pv9yrmue,-55.0,,,,,,,,ct1frpday6eten4:52,,,,,,
419,ct1frpday6eten4-IVTT-Plate,ct1frs48v2f4y8r,Container(ct1frpday6eten4-IVTT-Plate),53,,aq1frs5pv9yrmug,-55.0,,,,,,,,ct1frpday6eten4:53,,,,,,
420,ct1frpday6eten4-IVTT-Plate,ct1frs48v2f4y8r,Container(ct1frpday6eten4-IVTT-Plate),54,,aq1frs5pv9yrmuj,-55.0,,,,,,,,ct1frpday6eten4:54,,,,,,
421,ct1frpday6eten4-IVTT-Plate,ct1frs48v2f4y8r,Container(ct1frpday6eten4-IVTT-Plate),55,,aq1frs5pv9zvtyf,-55.0,,,,,,,,ct1frpday6eten4:55,,,,,,
422,ct1frpday6eten4-IVTT-Plate,ct1frs48v2f4y8r,Container(ct1frpday6eten4-IVTT-Plate),56,,aq1frs5pv9zvtyh,-55.0,,,,,,,,ct1frpday6eten4:56,,,,,,
423,ct1frpday6eten4-IVTT-Plate,ct1frs48v2f4y8r,Container(ct1frpday6eten4-IVTT-Plate),57,,aq1frs5pv9zvtyk,-55.0,,,,,,,,ct1frpday6eten4:57,,,,,,
424,ct1frpday6eten4-IVTT-Plate,ct1frs48v2f4y8r,Container(ct1frpday6eten4-IVTT-Plate),58,,aq1frs5pva3224g,-55.0,,,,,,,,ct1frpday6eten4:58,,,,,,
425,ct1frpday6eten4-IVTT-Plate,ct1frs48v2f4y8r,Container(ct1frpday6eten4-IVTT-Plate),59,,aq1frs5pva3224j,-55.0,,,,,,,,ct1frpday6eten4:59,,,,,,
426,ct1frpday6eten4-IVTT-Plate,ct1frs48v2f4y8r,Container(ct1frpday6eten4-IVTT-Plate),60,,aq1frs5pva3224m,-55.0,,,,,,,,ct1frpday6eten4:60,,,,,,
427,ct1frpday6eten4-IVTT-Plate,ct1frs48v2f4y8r,Container(ct1frpday6eten4-IVTT-Plate),61,,aq1frs5pva4688h,-55.0,,,,,,,,ct1frpday6eten4:61,,,,,,
428,ct1frpday6eten4-IVTT-Plate,ct1frs48v2f4y8r,Container(ct1frpday6eten4-IVTT-Plate),62,,aq1frs5pva4688k,-55.0,,,,,,,,ct1frpday6eten4:62,,,,,,
429,ct1frpday6eten4-IVTT-Plate,ct1frs48v2f4y8r,Container(ct1frpday6eten4-IVTT-Plate),63,,aq1frs5pva4688n,-55.0,,,,,,,,ct1frpday6eten4:63,,,,,,
430,ct1frpday6eten4-IVTT-Plate,ct1frs48v2f4y8r,Container(ct1frpday6eten4-IVTT-Plate),64,,aq1frs5pva4688q,-55.0,,,,,,,,ct1frpday6eten4:64,,,,,,
431,ct1frpday6eten4-IVTT-Plate,ct1frs48v2f4y8r,Container(ct1frpday6eten4-IVTT-Plate),65,,aq1frs5pva5aeck,-55.0,,,,,,,,ct1frpday6eten4:65,,,,,,
432,ct1frpday6eten4-IVTT-Plate,ct1frs48v2f4y8r,Container(ct1frpday6eten4-IVTT-Plate),66,,aq1frs5pva5aecn,-55.0,,,,,,,,ct1frpday6eten4:66,,,,,,
433,ct1frpday6eten4-IVTT-Plate,ct1frs48v2f4y8r,Container(ct1frpday6eten4-IVTT-Plate),67,,aq1frs5pva5aecq,-55.0,,,,,,,,ct1frpday6eten4:67,,,,,,
434,ct1frpday6eten4-IVTT-Plate,ct1frs48v2f4y8r,Container(ct1frpday6eten4-IVTT-Plate),68,,aq1frs5pva6emgm,-55.0,,,,,,,,ct1frpday6eten4:68,,,,,,
435,ct1frpday6eten4-IVTT-Plate,ct1frs48v2f4y8r,Container(ct1frpday6eten4-IVTT-Plate),69,,aq1frs5pva6emgp,-55.0,,,,,,,,ct1frpday6eten4:69,,,,,,
436,ct1frpday6eten4-IVTT-Plate,ct1frs48v2f4y8r,Container(ct1frpday6eten4-IVTT-Plate),70,,aq1frs5pva6emgr,-55.0,,,,,,,,ct1frpday6eten4:70,,,,,,
437,ct1frpday6eten4-IVTT-Plate,ct1frs48v2f4y8r,Container(ct1frpday6eten4-IVTT-Plate),71,,aq1frs5pva7jtmn,-55.0,,,,,,,,ct1frpday6eten4:71,,,,,,
438,ct1frpday6eten4-IVTT-Plate,ct1frs48v2f4y8r,Container(ct1frpday6eten4-IVTT-Plate),72,,aq1frs5pva7jtmq,-55.0,,,,,,,,ct1frpday6eten4:72,,,,,,
439,ct1frpday6eten4-IVTT-Plate,ct1frs48v2f4y8r,Container(ct1frpday6eten4-IVTT-Plate),73,,aq1frs5pva7jtms,-55.0,,,,,,,,ct1frpday6eten4:73,,,,,,
440,ct1frpday6eten4-IVTT-Plate,ct1frs48v2f4y8r,Container(ct1frpday6eten4-IVTT-Plate),74,,aq1frs5pva8pzrp,-55.0,,,,,,,,ct1frpday6eten4:74,,,,,,
441,ct1frpday6eten4-IVTT-Plate,ct1frs48v2f4y8r,Container(ct1frpday6eten4-IVTT-Plate),75,,aq1frs5pva8pzrr,-55.0,,,,,,,,ct1frpday6eten4:75,,,,,,
442,ct1frpday6eten4-IVTT-Plate,ct1frs48v2f4y8r,Container(ct1frpday6eten4-IVTT-Plate),76,,aq1frs5pva8pzrt,-55.0,,,,,,,,ct1frpday6eten4:76,,,,,,
443,ct1frpday6eten4-IVTT-Plate,ct1frs48v2f4y8r,Container(ct1frpday6eten4-IVTT-Plate),77,,aq1frs5pva9u7vq,-55.0,,,,,,,,ct1frpday6eten4:77,,,,,,
444,ct1frpday6eten4-IVTT-Plate,ct1frs48v2f4y8r,Container(ct1frpday6eten4-IVTT-Plate),78,,aq1frs5pva9u7vs,-55.0,,,,,,,,ct1frpday6eten4:78,,,,,,
445,ct1frpday6eten4-IVTT-Plate,ct1frs48v2f4y8r,Container(ct1frpday6eten4-IVTT-Plate),79,,aq1frs5pva9u7vu,-55.0,,,,,,,,ct1frpday6eten4:79,,,,,,
446,ct1frpday6eten4-IVTT-Plate,ct1frs48v2f4y8r,Container(ct1frpday6eten4-IVTT-Plate),80,,aq1frs5pvaaydzr,-55.0,,,,,,,,ct1frpday6eten4:80,,,,,,
447,ct1frpday6eten4-IVTT-Plate,ct1frs48v2f4y8r,Container(ct1frpday6eten4-IVTT-Plate),81,,aq1frs5pvaaydzt,-55.0,,,,,,,,ct1frpday6eten4:81,,,,,,
448,ct1frpday6eten4-IVTT-Plate,ct1frs48v2f4y8r,Container(ct1frpday6eten4-IVTT-Plate),82,,aq1frs5pvaaydzv,-55.0,,,,,,,,ct1frpday6eten4:82,,,,,,
449,ct1frpday6eten4-IVTT-Plate,ct1frs48v2f4y8r,Container(ct1frpday6eten4-IVTT-Plate),83,,aq1frs5pvac4m5s,-55.0,,,,,,,,ct1frpday6eten4:83,,,,,,
450,ct1frpday6eten4-IVTT-Plate,ct1frs48v2f4y8r,Container(ct1frpday6eten4-IVTT-Plate),84,,aq1frs5pvac4m5u,-55.0,,,,,,,,ct1frpday6eten4:84,,,,,,
451,ct1frpday6eten4-IVTT-Plate,ct1frs48v2f4y8r,Container(ct1frpday6eten4-IVTT-Plate),85,,aq1frs5pvad8t9s,-55.0,,,,,,,,ct1frpday6eten4:85,,,,,,
452,ct1frpday6eten4-IVTT-Plate,ct1frs48v2f4y8r,Container(ct1frpday6eten4-IVTT-Plate),86,,aq1frs5pvad8t9u,-55.0,,,,,,,,ct1frpday6eten4:86,,,,,,
453,ct1frpday6eten4-IVTT-Plate,ct1frs48v2f4y8r,Container(ct1frpday6eten4-IVTT-Plate),87,,aq1frs5pvad8t9w,-55.0,,,,,,,,ct1frpday6eten4:87,,,,,,
454,ct1frpday6eten4-IVTT-Plate,ct1frs48v2f4y8r,Container(ct1frpday6eten4-IVTT-Plate),88,,aq1frs5pvaeczdt,-55.0,,,,,,,,ct1frpday6eten4:88,,,,,,
455,ct1frpday6eten4-IVTT-Plate,ct1frs48v2f4y8r,Container(ct1frpday6eten4-IVTT-Plate),89,,aq1frs5pvaeczdv,-55.0,,,,,,,,ct1frpday6eten4:89,,,,,,
456,ct1frpday6eten4-IVTT-Plate,ct1frs48v2f4y8r,Container(ct1frpday6eten4-IVTT-Plate),90,,aq1frs5pvaeczdx,-55.0,,,,,,,,ct1frpday6eten4:90,,,,,,
457,ct1frpday6eten4-IVTT-Plate,ct1frs48v2f4y8r,Container(ct1frpday6eten4-IVTT-Plate),91,,aq1frs5pvafh7hu,-55.0,,,,,,,,ct1frpday6eten4:91,,,,,,
458,ct1frpday6eten4-IVTT-Plate,ct1frs48v2f4y8r,Container(ct1frpday6eten4-IVTT-Plate),92,,aq1frs5pvafh7hw,-55.0,,,,,,,,ct1frpday6eten4:92,,,,,,
459,ct1frpday6eten4-IVTT-Plate,ct1frs48v2f4y8r,Container(ct1frpday6eten4-IVTT-Plate),93,,aq1frs5pvafh7hy,-55.0,,,,,,,,ct1frpday6eten4:93,,,,,,
460,ct1frpday6eten4-IVTT-Plate,ct1frs48v2f4y8r,Container(ct1frpday6eten4-IVTT-Plate),94,,aq1frs5pvagndnv,-55.0,,,,,,,,ct1frpday6eten4:94,,,,,,
461,ct1frpday6eten4-IVTT-Plate,ct1frs48v2f4y8r,Container(ct1frpday6eten4-IVTT-Plate),95,,aq1frs5pvagndnx,-55.0,,,,,,,,ct1frpday6eten4:95,,,,,,
