,ContainerName,ContainerId,Containers,Well Index,Name,Aliquot ID,Volume,source,2X-Phusion-Hot-Start-Flex-Master-Mix:MasterMix,2X-Phusion-Hot-Start-Flex-Master-Mix:Volume,2X-Phusion-Hot-Start-Flex-Master-Mix:Kind,UWisc-GoldenGate-Primer-Mix:PrimerMix,GoldenGate-Forward-Primer:Primer,GoldenGate-Forward-Primer:Kind,GoldenGate-Reverse-Primer:Primer,GoldenGate-Reverse-Primer:Kind,destination,AccuRapid-Ecoli-Extract-Mix:MasterMix,AccuRapid-Ecoli-Extract-Mix:Volume,AccuRapid-Ecoli-Extract-Mix:Kind,AccuRapid-Master-Mix:MasterMix,AccuRapid-Master-Mix:Volume,AccuRapid-Master-Mix:Kind
0,ct1ggnykwccrjg2-Diluted-PCR-Plate,ct1ggp8zk8vjp69,Container(ct1ggnykwccrjg2-Diluted-PCR-Plate),0,PCRReaction,aq1ggrgn5mmxtpj,35.0,ct1ggnykwccrjg2:0,rs1f3k9px5cdv3u,10:microliter,Protein,rs1fcebkzxfdt72,rs1f3ka926du9fp,NucleicAcid,rs1f3kabm4hsbgw,NucleicAcid,"ct1ggnykwccrjg2-EVA-Green-Plate:0, ct1ggp8zk8vjp69-IVTT-Plate:0",,,,,,
1,ct1ggnykwccrjg2-Diluted-PCR-Plate,ct1ggp8zk8vjp69,Container(ct1ggnykwccrjg2-Diluted-PCR-Plate),1,PCRReaction,aq1ggrgn5mp3ztm,35.0,ct1ggnykwccrjg2:1,rs1f3k9px5cdv3u,10:microliter,Protein,rs1fcebkzxfdt72,rs1f3ka926du9fp,NucleicAcid,rs1f3kabm4hsbgw,NucleicAcid,"ct1ggnykwccrjg2-EVA-Green-Plate:1, ct1ggp8zk8vjp69-IVTT-Plate:1",,,,,,
2,ct1ggnykwccrjg2-Diluted-PCR-Plate,ct1ggp8zk8vjp69,Container(ct1ggnykwccrjg2-Diluted-PCR-Plate),2,PCRReaction,aq1ggrgn5mp3ztp,35.0,ct1ggnykwccrjg2:2,rs1f3k9px5cdv3u,10:microliter,Protein,rs1fcebkzxfdt72,rs1f3ka926du9fp,NucleicAcid,rs1f3kabm4hsbgw,NucleicAcid,"ct1ggnykwccrjg2-EVA-Green-Plate:2, ct1ggp8zk8vjp69-IVTT-Plate:2",,,,,,
3,ct1ggnykwccrjg2-Diluted-PCR-Plate,ct1ggp8zk8vjp69,Container(ct1ggnykwccrjg2-Diluted-PCR-Plate),3,PCRReaction,aq1ggrgn5mq87xm,35.0,ct1ggnykwccrjg2:3,rs1f3k9px5cdv3u,10:microliter,Protein,rs1fcebkzxfdt72,rs1f3ka926du9fp,NucleicAcid,rs1f3kabm4hsbgw,NucleicAcid,"ct1ggnykwccrjg2-EVA-Green-Plate:3, ct1ggp8zk8vjp69-IVTT-Plate:3",,,,,,
4,ct1ggnykwccrjg2-Diluted-PCR-Plate,ct1ggp8zk8vjp69,Container(ct1ggnykwccrjg2-Diluted-PCR-Plate),4,PCRReaction,aq1ggrgn5mq87xp,35.0,ct1ggnykwccrjg2:4,rs1f3k9px5cdv3u,10:microliter,Protein,rs1fcebkzxfdt72,rs1f3ka926du9fp,NucleicAcid,rs1f3kabm4hsbgw,NucleicAcid,"ct1ggnykwccrjg2-EVA-Green-Plate:4, ct1ggp8zk8vjp69-IVTT-Plate:4",,,,,,
5,ct1ggnykwccrjg2-Diluted-PCR-Plate,ct1ggp8zk8vjp69,Container(ct1ggnykwccrjg2-Diluted-PCR-Plate),5,PCRReaction,aq1ggrgn5mq87xr,35.0,ct1ggnykwccrjg2:5,rs1f3k9px5cdv3u,10:microliter,Protein,rs1fcebkzxfdt72,rs1f3ka926du9fp,NucleicAcid,rs1f3kabm4hsbgw,NucleicAcid,"ct1ggnykwccrjg2-EVA-Green-Plate:5, ct1ggp8zk8vjp69-IVTT-Plate:5",,,,,,
6,ct1ggnykwccrjg2-Diluted-PCR-Plate,ct1ggp8zk8vjp69,Container(ct1ggnykwccrjg2-Diluted-PCR-Plate),6,PCRReaction,aq1ggrgn5mq87xt,35.0,ct1ggnykwccrjg2:6,rs1f3k9px5cdv3u,10:microliter,Protein,rs1fcebkzxfdt72,rs1f3ka926du9fp,NucleicAcid,rs1f3kabm4hsbgw,NucleicAcid,"ct1ggnykwccrjg2-EVA-Green-Plate:6, ct1ggp8zk8vjp69-IVTT-Plate:6",,,,,,
7,ct1ggnykwccrjg2-Diluted-PCR-Plate,ct1ggp8zk8vjp69,Container(ct1ggnykwccrjg2-Diluted-PCR-Plate),7,PCRReaction,aq1ggrgn5mrce3p,35.0,ct1ggnykwccrjg2:7,rs1f3k9px5cdv3u,10:microliter,Protein,rs1fcebkzxfdt72,rs1f3ka926du9fp,NucleicAcid,rs1f3kabm4hsbgw,NucleicAcid,"ct1ggnykwccrjg2-EVA-Green-Plate:7, ct1ggp8zk8vjp69-IVTT-Plate:7",,,,,,
8,ct1ggnykwccrjg2-Diluted-PCR-Plate,ct1ggp8zk8vjp69,Container(ct1ggnykwccrjg2-Diluted-PCR-Plate),8,PCRReaction,aq1ggrgn5mrce3r,35.0,ct1ggnykwccrjg2:8,rs1f3k9px5cdv3u,10:microliter,Protein,rs1fcebkzxfdt72,rs1f3ka926du9fp,NucleicAcid,rs1f3kabm4hsbgw,NucleicAcid,"ct1ggnykwccrjg2-EVA-Green-Plate:8, ct1ggp8zk8vjp69-IVTT-Plate:8",,,,,,
9,ct1ggnykwccrjg2-Diluted-PCR-Plate,ct1ggp8zk8vjp69,Container(ct1ggnykwccrjg2-Diluted-PCR-Plate),9,PCRReaction,aq1ggrgn5mrce3t,35.0,ct1ggnykwccrjg2:9,rs1f3k9px5cdv3u,10:microliter,Protein,rs1fcebkzxfdt72,rs1f3ka926du9fp,NucleicAcid,rs1f3kabm4hsbgw,NucleicAcid,"ct1ggnykwccrjg2-EVA-Green-Plate:9, ct1ggp8zk8vjp69-IVTT-Plate:9",,,,,,
10,ct1ggnykwccrjg2-Diluted-PCR-Plate,ct1ggp8zk8vjp69,Container(ct1ggnykwccrjg2-Diluted-PCR-Plate),10,PCRReaction,aq1ggrgn5msgm7p,35.0,ct1ggnykwccrjg2:10,rs1f3k9px5cdv3u,10:microliter,Protein,rs1fcebkzxfdt72,rs1f3ka926du9fp,NucleicAcid,rs1f3kabm4hsbgw,NucleicAcid,"ct1ggnykwccrjg2-EVA-Green-Plate:10, ct1ggp8zk8vjp69-IVTT-Plate:10",,,,,,
11,ct1ggnykwccrjg2-Diluted-PCR-Plate,ct1ggp8zk8vjp69,Container(ct1ggnykwccrjg2-Diluted-PCR-Plate),11,PCRReaction,aq1ggrgn5msgm7r,35.0,ct1ggnykwccrjg2:11,rs1f3k9px5cdv3u,10:microliter,Protein,rs1fcebkzxfdt72,rs1f3ka926du9fp,NucleicAcid,rs1f3kabm4hsbgw,NucleicAcid,"ct1ggnykwccrjg2-EVA-Green-Plate:11, ct1ggp8zk8vjp69-IVTT-Plate:11",,,,,,
12,ct1ggnykwccrjg2-Diluted-PCR-Plate,ct1ggp8zk8vjp69,Container(ct1ggnykwccrjg2-Diluted-PCR-Plate),12,,aq1ggrgn5msgm7t,35.0,ct1ggnykwccrjg2:12,,,,,,,,,"ct1ggnykwccrjg2-EVA-Green-Plate:12, ct1ggp8zk8vjp69-IVTT-Plate:12",,,,,,
13,ct1ggnykwccrjg2-Diluted-PCR-Plate,ct1ggp8zk8vjp69,Container(ct1ggnykwccrjg2-Diluted-PCR-Plate),13,,aq1ggrgn5msgm7v,35.0,ct1ggnykwccrjg2:13,,,,,,,,,"ct1ggnykwccrjg2-EVA-Green-Plate:13, ct1ggp8zk8vjp69-IVTT-Plate:13",,,,,,
14,ct1ggnykwccrjg2-Diluted-PCR-Plate,ct1ggp8zk8vjp69,Container(ct1ggnykwccrjg2-Diluted-PCR-Plate),14,,aq1ggrgn5mtmtbr,35.0,ct1ggnykwccrjg2:14,,,,,,,,,"ct1ggnykwccrjg2-EVA-Green-Plate:14, ct1ggp8zk8vjp69-IVTT-Plate:14",,,,,,
15,ct1ggnykwccrjg2-Diluted-PCR-Plate,ct1ggp8zk8vjp69,Container(ct1ggnykwccrjg2-Diluted-PCR-Plate),15,,aq1ggrgn5mtmtbt,35.0,ct1ggnykwccrjg2:15,,,,,,,,,"ct1ggnykwccrjg2-EVA-Green-Plate:15, ct1ggp8zk8vjp69-IVTT-Plate:15",,,,,,
16,ct1ggnykwccrjg2-Diluted-PCR-Plate,ct1ggp8zk8vjp69,Container(ct1ggnykwccrjg2-Diluted-PCR-Plate),16,,aq1ggrgn5mtmtbv,35.0,ct1ggnykwccrjg2:16,,,,,,,,,"ct1ggnykwccrjg2-EVA-Green-Plate:16, ct1ggp8zk8vjp69-IVTT-Plate:16",,,,,,
17,ct1ggnykwccrjg2-Diluted-PCR-Plate,ct1ggp8zk8vjp69,Container(ct1ggnykwccrjg2-Diluted-PCR-Plate),17,,aq1ggrgn5murzfs,35.0,ct1ggnykwccrjg2:17,,,,,,,,,"ct1ggnykwccrjg2-EVA-Green-Plate:17, ct1ggp8zk8vjp69-IVTT-Plate:17",,,,,,
18,ct1ggnykwccrjg2-Diluted-PCR-Plate,ct1ggp8zk8vjp69,Container(ct1ggnykwccrjg2-Diluted-PCR-Plate),18,,aq1ggrgn5murzfu,35.0,ct1ggnykwccrjg2:18,,,,,,,,,"ct1ggnykwccrjg2-EVA-Green-Plate:18, ct1ggp8zk8vjp69-IVTT-Plate:18",,,,,,
19,ct1ggnykwccrjg2-Diluted-PCR-Plate,ct1ggp8zk8vjp69,Container(ct1ggnykwccrjg2-Diluted-PCR-Plate),19,,aq1ggrgn5murzfw,35.0,ct1ggnykwccrjg2:19,,,,,,,,,"ct1ggnykwccrjg2-EVA-Green-Plate:19, ct1ggp8zk8vjp69-IVTT-Plate:19",,,,,,
20,ct1ggnykwccrjg2-Diluted-PCR-Plate,ct1ggp8zk8vjp69,Container(ct1ggnykwccrjg2-Diluted-PCR-Plate),20,,aq1ggrgn5mvw7ks,35.0,ct1ggnykwccrjg2:20,,,,,,,,,"ct1ggnykwccrjg2-EVA-Green-Plate:20, ct1ggp8zk8vjp69-IVTT-Plate:20",,,,,,
21,ct1ggnykwccrjg2-Diluted-PCR-Plate,ct1ggp8zk8vjp69,Container(ct1ggnykwccrjg2-Diluted-PCR-Plate),21,,aq1ggrgn5mvw7ku,35.0,ct1ggnykwccrjg2:21,,,,,,,,,"ct1ggnykwccrjg2-EVA-Green-Plate:21, ct1ggp8zk8vjp69-IVTT-Plate:21",,,,,,
22,ct1ggnykwccrjg2-Diluted-PCR-Plate,ct1ggp8zk8vjp69,Container(ct1ggnykwccrjg2-Diluted-PCR-Plate),22,,aq1ggrgn5mvw7kw,35.0,ct1ggnykwccrjg2:22,,,,,,,,,"ct1ggnykwccrjg2-EVA-Green-Plate:22, ct1ggp8zk8vjp69-IVTT-Plate:22",,,,,,
23,ct1ggnykwccrjg2-Diluted-PCR-Plate,ct1ggp8zk8vjp69,Container(ct1ggnykwccrjg2-Diluted-PCR-Plate),23,,aq1ggrgn5mx2dqt,35.0,ct1ggnykwccrjg2:23,,,,,,,,,"ct1ggnykwccrjg2-EVA-Green-Plate:23, ct1ggp8zk8vjp69-IVTT-Plate:23",,,,,,
24,ct1ggnykwccrjg2-Diluted-PCR-Plate,ct1ggp8zk8vjp69,Container(ct1ggnykwccrjg2-Diluted-PCR-Plate),24,,aq1ggrgn5mx2dqv,35.0,ct1ggnykwccrjg2:24,,,,,,,,,"ct1ggnykwccrjg2-EVA-Green-Plate:24, ct1ggp8zk8vjp69-IVTT-Plate:24",,,,,,
25,ct1ggnykwccrjg2-Diluted-PCR-Plate,ct1ggp8zk8vjp69,Container(ct1ggnykwccrjg2-Diluted-PCR-Plate),25,,aq1ggrgn5mx2dqx,35.0,ct1ggnykwccrjg2:25,,,,,,,,,"ct1ggnykwccrjg2-EVA-Green-Plate:25, ct1ggp8zk8vjp69-IVTT-Plate:25",,,,,,
26,ct1ggnykwccrjg2-Diluted-PCR-Plate,ct1ggp8zk8vjp69,Container(ct1ggnykwccrjg2-Diluted-PCR-Plate),26,,aq1ggrgn5mx2dqz,35.0,ct1ggnykwccrjg2:26,,,,,,,,,"ct1ggnykwccrjg2-EVA-Green-Plate:26, ct1ggp8zk8vjp69-IVTT-Plate:26",,,,,,
27,ct1ggnykwccrjg2-Diluted-PCR-Plate,ct1ggp8zk8vjp69,Container(ct1ggnykwccrjg2-Diluted-PCR-Plate),27,,aq1ggrgn5my6kuv,35.0,ct1ggnykwccrjg2:27,,,,,,,,,"ct1ggnykwccrjg2-EVA-Green-Plate:27, ct1ggp8zk8vjp69-IVTT-Plate:27",,,,,,
28,ct1ggnykwccrjg2-Diluted-PCR-Plate,ct1ggp8zk8vjp69,Container(ct1ggnykwccrjg2-Diluted-PCR-Plate),28,,aq1ggrgn5my6kux,35.0,ct1ggnykwccrjg2:28,,,,,,,,,"ct1ggnykwccrjg2-EVA-Green-Plate:28, ct1ggp8zk8vjp69-IVTT-Plate:28",,,,,,
29,ct1ggnykwccrjg2-Diluted-PCR-Plate,ct1ggp8zk8vjp69,Container(ct1ggnykwccrjg2-Diluted-PCR-Plate),29,,aq1ggrgn5my6kuz,35.0,ct1ggnykwccrjg2:29,,,,,,,,,"ct1ggnykwccrjg2-EVA-Green-Plate:29, ct1ggp8zk8vjp69-IVTT-Plate:29",,,,,,
30,ct1ggnykwccrjg2-Diluted-PCR-Plate,ct1ggp8zk8vjp69,Container(ct1ggnykwccrjg2-Diluted-PCR-Plate),30,,aq1ggrgn5mzasyv,35.0,ct1ggnykwccrjg2:30,,,,,,,,,"ct1ggnykwccrjg2-EVA-Green-Plate:30, ct1ggp8zk8vjp69-IVTT-Plate:30",,,,,,
31,ct1ggnykwccrjg2-Diluted-PCR-Plate,ct1ggp8zk8vjp69,Container(ct1ggnykwccrjg2-Diluted-PCR-Plate),31,,aq1ggrgn5mzasyx,35.0,ct1ggnykwccrjg2:31,,,,,,,,,"ct1ggnykwccrjg2-EVA-Green-Plate:31, ct1ggp8zk8vjp69-IVTT-Plate:31",,,,,,
32,ct1ggnykwccrjg2-Diluted-PCR-Plate,ct1ggp8zk8vjp69,Container(ct1ggnykwccrjg2-Diluted-PCR-Plate),32,,aq1ggrgn5mzasyz,35.0,ct1ggnykwccrjg2:32,,,,,,,,,"ct1ggnykwccrjg2-EVA-Green-Plate:32, ct1ggp8zk8vjp69-IVTT-Plate:32",,,,,,
33,ct1ggnykwccrjg2-Diluted-PCR-Plate,ct1ggp8zk8vjp69,Container(ct1ggnykwccrjg2-Diluted-PCR-Plate),33,,aq1ggrgn5n2ez4w,35.0,ct1ggnykwccrjg2:33,,,,,,,,,"ct1ggnykwccrjg2-EVA-Green-Plate:33, ct1ggp8zk8vjp69-IVTT-Plate:33",,,,,,
34,ct1ggnykwccrjg2-Diluted-PCR-Plate,ct1ggp8zk8vjp69,Container(ct1ggnykwccrjg2-Diluted-PCR-Plate),34,,aq1ggrgn5n2ez4y,35.0,ct1ggnykwccrjg2:34,,,,,,,,,"ct1ggnykwccrjg2-EVA-Green-Plate:34, ct1ggp8zk8vjp69-IVTT-Plate:34",,,,,,
35,ct1ggnykwccrjg2-Diluted-PCR-Plate,ct1ggp8zk8vjp69,Container(ct1ggnykwccrjg2-Diluted-PCR-Plate),35,,aq1ggrgn5n2ez52,35.0,ct1ggnykwccrjg2:35,,,,,,,,,"ct1ggnykwccrjg2-EVA-Green-Plate:35, ct1ggp8zk8vjp69-IVTT-Plate:35",,,,,,
36,ct1ggnykwccrjg2-Diluted-PCR-Plate,ct1ggp8zk8vjp69,Container(ct1ggnykwccrjg2-Diluted-PCR-Plate),36,,aq1ggrgn5n3k78x,35.0,ct1ggnykwccrjg2:36,,,,,,,,,"ct1ggnykwccrjg2-EVA-Green-Plate:36, ct1ggp8zk8vjp69-IVTT-Plate:36",,,,,,
37,ct1ggnykwccrjg2-Diluted-PCR-Plate,ct1ggp8zk8vjp69,Container(ct1ggnykwccrjg2-Diluted-PCR-Plate),37,,aq1ggrgn5n3k78z,35.0,ct1ggnykwccrjg2:37,,,,,,,,,"ct1ggnykwccrjg2-EVA-Green-Plate:37, ct1ggp8zk8vjp69-IVTT-Plate:37",,,,,,
38,ct1ggnykwccrjg2-Diluted-PCR-Plate,ct1ggp8zk8vjp69,Container(ct1ggnykwccrjg2-Diluted-PCR-Plate),38,,aq1ggrgn5n3k793,35.0,ct1ggnykwccrjg2:38,,,,,,,,,"ct1ggnykwccrjg2-EVA-Green-Plate:38, ct1ggp8zk8vjp69-IVTT-Plate:38",,,,,,
39,ct1ggnykwccrjg2-Diluted-PCR-Plate,ct1ggp8zk8vjp69,Container(ct1ggnykwccrjg2-Diluted-PCR-Plate),39,,aq1ggrgn5n3k795,35.0,ct1ggnykwccrjg2:39,,,,,,,,,"ct1ggnykwccrjg2-EVA-Green-Plate:39, ct1ggp8zk8vjp69-IVTT-Plate:39",,,,,,
40,ct1ggnykwccrjg2-Diluted-PCR-Plate,ct1ggp8zk8vjp69,Container(ct1ggnykwccrjg2-Diluted-PCR-Plate),40,,aq1ggrgn5n4qdcz,35.0,ct1ggnykwccrjg2:40,,,,,,,,,"ct1ggnykwccrjg2-EVA-Green-Plate:40, ct1ggp8zk8vjp69-IVTT-Plate:40",,,,,,
41,ct1ggnykwccrjg2-Diluted-PCR-Plate,ct1ggp8zk8vjp69,Container(ct1ggnykwccrjg2-Diluted-PCR-Plate),41,,aq1ggrgn5n4qdd3,35.0,ct1ggnykwccrjg2:41,,,,,,,,,"ct1ggnykwccrjg2-EVA-Green-Plate:41, ct1ggp8zk8vjp69-IVTT-Plate:41",,,,,,
42,ct1ggnykwccrjg2-Diluted-PCR-Plate,ct1ggp8zk8vjp69,Container(ct1ggnykwccrjg2-Diluted-PCR-Plate),42,,aq1ggrgn5n4qdd5,35.0,ct1ggnykwccrjg2:42,,,,,,,,,"ct1ggnykwccrjg2-EVA-Green-Plate:42, ct1ggp8zk8vjp69-IVTT-Plate:42",,,,,,
43,ct1ggnykwccrjg2-Diluted-PCR-Plate,ct1ggp8zk8vjp69,Container(ct1ggnykwccrjg2-Diluted-PCR-Plate),43,,aq1ggrgn5n5ukh2,35.0,ct1ggnykwccrjg2:43,,,,,,,,,"ct1ggnykwccrjg2-EVA-Green-Plate:43, ct1ggp8zk8vjp69-IVTT-Plate:43",,,,,,
44,ct1ggnykwccrjg2-Diluted-PCR-Plate,ct1ggp8zk8vjp69,Container(ct1ggnykwccrjg2-Diluted-PCR-Plate),44,,aq1ggrgn5n5ukh4,35.0,ct1ggnykwccrjg2:44,,,,,,,,,"ct1ggnykwccrjg2-EVA-Green-Plate:44, ct1ggp8zk8vjp69-IVTT-Plate:44",,,,,,
45,ct1ggnykwccrjg2-Diluted-PCR-Plate,ct1ggp8zk8vjp69,Container(ct1ggnykwccrjg2-Diluted-PCR-Plate),45,,aq1ggrgn5n5ukh6,35.0,ct1ggnykwccrjg2:45,,,,,,,,,"ct1ggnykwccrjg2-EVA-Green-Plate:45, ct1ggp8zk8vjp69-IVTT-Plate:45",,,,,,
46,ct1ggnykwccrjg2-Diluted-PCR-Plate,ct1ggp8zk8vjp69,Container(ct1ggnykwccrjg2-Diluted-PCR-Plate),46,,aq1ggrgn5n6ysn2,35.0,ct1ggnykwccrjg2:46,,,,,,,,,"ct1ggnykwccrjg2-EVA-Green-Plate:46, ct1ggp8zk8vjp69-IVTT-Plate:46",,,,,,
47,ct1ggnykwccrjg2-Diluted-PCR-Plate,ct1ggp8zk8vjp69,Container(ct1ggnykwccrjg2-Diluted-PCR-Plate),47,,aq1ggrgn5n6ysn4,35.0,ct1ggnykwccrjg2:47,,,,,,,,,"ct1ggnykwccrjg2-EVA-Green-Plate:47, ct1ggp8zk8vjp69-IVTT-Plate:47",,,,,,
48,ct1ggnykwccrjg2-Diluted-PCR-Plate,ct1ggp8zk8vjp69,Container(ct1ggnykwccrjg2-Diluted-PCR-Plate),48,,aq1ggrgn5n6ysn6,35.0,ct1ggnykwccrjg2:48,,,,,,,,,"ct1ggnykwccrjg2-EVA-Green-Plate:48, ct1ggp8zk8vjp69-IVTT-Plate:48",,,,,,
49,ct1ggnykwccrjg2-Diluted-PCR-Plate,ct1ggp8zk8vjp69,Container(ct1ggnykwccrjg2-Diluted-PCR-Plate),49,,aq1ggrgn5n84ys3,35.0,ct1ggnykwccrjg2:49,,,,,,,,,"ct1ggnykwccrjg2-EVA-Green-Plate:49, ct1ggp8zk8vjp69-IVTT-Plate:49",,,,,,
50,ct1ggnykwccrjg2-Diluted-PCR-Plate,ct1ggp8zk8vjp69,Container(ct1ggnykwccrjg2-Diluted-PCR-Plate),50,,aq1ggrgn5n84ys5,35.0,ct1ggnykwccrjg2:50,,,,,,,,,"ct1ggnykwccrjg2-EVA-Green-Plate:50, ct1ggp8zk8vjp69-IVTT-Plate:50",,,,,,
51,ct1ggnykwccrjg2-Diluted-PCR-Plate,ct1ggp8zk8vjp69,Container(ct1ggnykwccrjg2-Diluted-PCR-Plate),51,,aq1ggrgn5n84ys7,35.0,ct1ggnykwccrjg2:51,,,,,,,,,"ct1ggnykwccrjg2-EVA-Green-Plate:51, ct1ggp8zk8vjp69-IVTT-Plate:51",,,,,,
52,ct1ggnykwccrjg2-Diluted-PCR-Plate,ct1ggp8zk8vjp69,Container(ct1ggnykwccrjg2-Diluted-PCR-Plate),52,,aq1ggrgn5n996w4,35.0,ct1ggnykwccrjg2:52,,,,,,,,,"ct1ggnykwccrjg2-EVA-Green-Plate:52, ct1ggp8zk8vjp69-IVTT-Plate:52",,,,,,
53,ct1ggnykwccrjg2-Diluted-PCR-Plate,ct1ggp8zk8vjp69,Container(ct1ggnykwccrjg2-Diluted-PCR-Plate),53,,aq1ggrgn5n996w6,35.0,ct1ggnykwccrjg2:53,,,,,,,,,"ct1ggnykwccrjg2-EVA-Green-Plate:53, ct1ggp8zk8vjp69-IVTT-Plate:53",,,,,,
54,ct1ggnykwccrjg2-Diluted-PCR-Plate,ct1ggp8zk8vjp69,Container(ct1ggnykwccrjg2-Diluted-PCR-Plate),54,,aq1ggrgn5n996w8,35.0,ct1ggnykwccrjg2:54,,,,,,,,,"ct1ggnykwccrjg2-EVA-Green-Plate:54, ct1ggp8zk8vjp69-IVTT-Plate:54",,,,,,
55,ct1ggnykwccrjg2-Diluted-PCR-Plate,ct1ggp8zk8vjp69,Container(ct1ggnykwccrjg2-Diluted-PCR-Plate),55,,aq1ggrgn5n996wa,35.0,ct1ggnykwccrjg2:55,,,,,,,,,"ct1ggnykwccrjg2-EVA-Green-Plate:55, ct1ggp8zk8vjp69-IVTT-Plate:55",,,,,,
56,ct1ggnykwccrjg2-Diluted-PCR-Plate,ct1ggp8zk8vjp69,Container(ct1ggnykwccrjg2-Diluted-PCR-Plate),56,,aq1ggrgn5nadd26,35.0,ct1ggnykwccrjg2:56,,,,,,,,,"ct1ggnykwccrjg2-EVA-Green-Plate:56, ct1ggp8zk8vjp69-IVTT-Plate:56",,,,,,
57,ct1ggnykwccrjg2-Diluted-PCR-Plate,ct1ggp8zk8vjp69,Container(ct1ggnykwccrjg2-Diluted-PCR-Plate),57,,aq1ggrgn5nadd28,35.0,ct1ggnykwccrjg2:57,,,,,,,,,"ct1ggnykwccrjg2-EVA-Green-Plate:57, ct1ggp8zk8vjp69-IVTT-Plate:57",,,,,,
58,ct1ggnykwccrjg2-Diluted-PCR-Plate,ct1ggp8zk8vjp69,Container(ct1ggnykwccrjg2-Diluted-PCR-Plate),58,,aq1ggrgn5nadd2a,35.0,ct1ggnykwccrjg2:58,,,,,,,,,"ct1ggnykwccrjg2-EVA-Green-Plate:58, ct1ggp8zk8vjp69-IVTT-Plate:58",,,,,,
59,ct1ggnykwccrjg2-Diluted-PCR-Plate,ct1ggp8zk8vjp69,Container(ct1ggnykwccrjg2-Diluted-PCR-Plate),59,,aq1ggrgn5nbhk67,35.0,ct1ggnykwccrjg2:59,,,,,,,,,"ct1ggnykwccrjg2-EVA-Green-Plate:59, ct1ggp8zk8vjp69-IVTT-Plate:59",,,,,,
60,ct1ggnykwccrjg2-Diluted-PCR-Plate,ct1ggp8zk8vjp69,Container(ct1ggnykwccrjg2-Diluted-PCR-Plate),60,,aq1ggrgn5nbhk69,35.0,ct1ggnykwccrjg2:60,,,,,,,,,"ct1ggnykwccrjg2-EVA-Green-Plate:60, ct1ggp8zk8vjp69-IVTT-Plate:60",,,,,,
61,ct1ggnykwccrjg2-Diluted-PCR-Plate,ct1ggp8zk8vjp69,Container(ct1ggnykwccrjg2-Diluted-PCR-Plate),61,,aq1ggrgn5nbhk6b,35.0,ct1ggnykwccrjg2:61,,,,,,,,,"ct1ggnykwccrjg2-EVA-Green-Plate:61, ct1ggp8zk8vjp69-IVTT-Plate:61",,,,,,
62,ct1ggnykwccrjg2-Diluted-PCR-Plate,ct1ggp8zk8vjp69,Container(ct1ggnykwccrjg2-Diluted-PCR-Plate),62,,aq1ggrgn5ncnsa8,35.0,ct1ggnykwccrjg2:62,,,,,,,,,"ct1ggnykwccrjg2-EVA-Green-Plate:62, ct1ggp8zk8vjp69-IVTT-Plate:62",,,,,,
63,ct1ggnykwccrjg2-Diluted-PCR-Plate,ct1ggp8zk8vjp69,Container(ct1ggnykwccrjg2-Diluted-PCR-Plate),63,,aq1ggrgn5ncnsaa,35.0,ct1ggnykwccrjg2:63,,,,,,,,,"ct1ggnykwccrjg2-EVA-Green-Plate:63, ct1ggp8zk8vjp69-IVTT-Plate:63",,,,,,
64,ct1ggnykwccrjg2-Diluted-PCR-Plate,ct1ggp8zk8vjp69,Container(ct1ggnykwccrjg2-Diluted-PCR-Plate),64,,aq1ggrgn5ncnsac,35.0,ct1ggnykwccrjg2:64,,,,,,,,,"ct1ggnykwccrjg2-EVA-Green-Plate:64, ct1ggp8zk8vjp69-IVTT-Plate:64",,,,,,
65,ct1ggnykwccrjg2-Diluted-PCR-Plate,ct1ggp8zk8vjp69,Container(ct1ggnykwccrjg2-Diluted-PCR-Plate),65,,aq1ggrgn5ndsye8,35.0,ct1ggnykwccrjg2:65,,,,,,,,,"ct1ggnykwccrjg2-EVA-Green-Plate:65, ct1ggp8zk8vjp69-IVTT-Plate:65",,,,,,
66,ct1ggnykwccrjg2-Diluted-PCR-Plate,ct1ggp8zk8vjp69,Container(ct1ggnykwccrjg2-Diluted-PCR-Plate),66,,aq1ggrgn5ndsyea,35.0,ct1ggnykwccrjg2:66,,,,,,,,,"ct1ggnykwccrjg2-EVA-Green-Plate:66, ct1ggp8zk8vjp69-IVTT-Plate:66",,,,,,
67,ct1ggnykwccrjg2-Diluted-PCR-Plate,ct1ggp8zk8vjp69,Container(ct1ggnykwccrjg2-Diluted-PCR-Plate),67,,aq1ggrgn5ndsyec,35.0,ct1ggnykwccrjg2:67,,,,,,,,,"ct1ggnykwccrjg2-EVA-Green-Plate:67, ct1ggp8zk8vjp69-IVTT-Plate:67",,,,,,
68,ct1ggnykwccrjg2-Diluted-PCR-Plate,ct1ggp8zk8vjp69,Container(ct1ggnykwccrjg2-Diluted-PCR-Plate),68,,aq1ggrgn5nex6j9,35.0,ct1ggnykwccrjg2:68,,,,,,,,,"ct1ggnykwccrjg2-EVA-Green-Plate:68, ct1ggp8zk8vjp69-IVTT-Plate:68",,,,,,
69,ct1ggnykwccrjg2-Diluted-PCR-Plate,ct1ggp8zk8vjp69,Container(ct1ggnykwccrjg2-Diluted-PCR-Plate),69,,aq1ggrgn5nex6jb,35.0,ct1ggnykwccrjg2:69,,,,,,,,,"ct1ggnykwccrjg2-EVA-Green-Plate:69, ct1ggp8zk8vjp69-IVTT-Plate:69",,,,,,
70,ct1ggnykwccrjg2-Diluted-PCR-Plate,ct1ggp8zk8vjp69,Container(ct1ggnykwccrjg2-Diluted-PCR-Plate),70,,aq1ggrgn5nex6jd,35.0,ct1ggnykwccrjg2:70,,,,,,,,,"ct1ggnykwccrjg2-EVA-Green-Plate:70, ct1ggp8zk8vjp69-IVTT-Plate:70",,,,,,
71,ct1ggnykwccrjg2-Diluted-PCR-Plate,ct1ggp8zk8vjp69,Container(ct1ggnykwccrjg2-Diluted-PCR-Plate),71,,aq1ggrgn5ng3cpa,35.0,ct1ggnykwccrjg2:71,,,,,,,,,"ct1ggnykwccrjg2-EVA-Green-Plate:71, ct1ggp8zk8vjp69-IVTT-Plate:71",,,,,,
72,ct1ggnykwccrjg2-Diluted-PCR-Plate,ct1ggp8zk8vjp69,Container(ct1ggnykwccrjg2-Diluted-PCR-Plate),72,,aq1ggrgn5ng3cpc,35.0,ct1ggnykwccrjg2:72,,,,,,,,,"ct1ggnykwccrjg2-EVA-Green-Plate:72, ct1ggp8zk8vjp69-IVTT-Plate:72",,,,,,
73,ct1ggnykwccrjg2-Diluted-PCR-Plate,ct1ggp8zk8vjp69,Container(ct1ggnykwccrjg2-Diluted-PCR-Plate),73,,aq1ggrgn5ng3cpe,35.0,ct1ggnykwccrjg2:73,,,,,,,,,"ct1ggnykwccrjg2-EVA-Green-Plate:73, ct1ggp8zk8vjp69-IVTT-Plate:73",,,,,,
74,ct1ggnykwccrjg2-Diluted-PCR-Plate,ct1ggp8zk8vjp69,Container(ct1ggnykwccrjg2-Diluted-PCR-Plate),74,,aq1ggrgn5nh7jtb,35.0,ct1ggnykwccrjg2:74,,,,,,,,,"ct1ggnykwccrjg2-EVA-Green-Plate:74, ct1ggp8zk8vjp69-IVTT-Plate:74",,,,,,
75,ct1ggnykwccrjg2-Diluted-PCR-Plate,ct1ggp8zk8vjp69,Container(ct1ggnykwccrjg2-Diluted-PCR-Plate),75,,aq1ggrgn5nh7jtd,35.0,ct1ggnykwccrjg2:75,,,,,,,,,"ct1ggnykwccrjg2-EVA-Green-Plate:75, ct1ggp8zk8vjp69-IVTT-Plate:75",,,,,,
76,ct1ggnykwccrjg2-Diluted-PCR-Plate,ct1ggp8zk8vjp69,Container(ct1ggnykwccrjg2-Diluted-PCR-Plate),76,,aq1ggrgn5nh7jtf,35.0,ct1ggnykwccrjg2:76,,,,,,,,,"ct1ggnykwccrjg2-EVA-Green-Plate:76, ct1ggp8zk8vjp69-IVTT-Plate:76",,,,,,
77,ct1ggnykwccrjg2-Diluted-PCR-Plate,ct1ggp8zk8vjp69,Container(ct1ggnykwccrjg2-Diluted-PCR-Plate),77,,aq1ggrgn5njbrxc,35.0,ct1ggnykwccrjg2:77,,,,,,,,,"ct1ggnykwccrjg2-EVA-Green-Plate:77, ct1ggp8zk8vjp69-IVTT-Plate:77",,,,,,
78,ct1ggnykwccrjg2-Diluted-PCR-Plate,ct1ggp8zk8vjp69,Container(ct1ggnykwccrjg2-Diluted-PCR-Plate),78,,aq1ggrgn5njbrxe,35.0,ct1ggnykwccrjg2:78,,,,,,,,,"ct1ggnykwccrjg2-EVA-Green-Plate:78, ct1ggp8zk8vjp69-IVTT-Plate:78",,,,,,
79,ct1ggnykwccrjg2-Diluted-PCR-Plate,ct1ggp8zk8vjp69,Container(ct1ggnykwccrjg2-Diluted-PCR-Plate),79,,aq1ggrgn5njbrxg,35.0,ct1ggnykwccrjg2:79,,,,,,,,,"ct1ggnykwccrjg2-EVA-Green-Plate:79, ct1ggp8zk8vjp69-IVTT-Plate:79",,,,,,
80,ct1ggnykwccrjg2-Diluted-PCR-Plate,ct1ggp8zk8vjp69,Container(ct1ggnykwccrjg2-Diluted-PCR-Plate),80,,aq1ggrgn5nkfy3d,35.0,ct1ggnykwccrjg2:80,,,,,,,,,"ct1ggnykwccrjg2-EVA-Green-Plate:80, ct1ggp8zk8vjp69-IVTT-Plate:80",,,,,,
81,ct1ggnykwccrjg2-Diluted-PCR-Plate,ct1ggp8zk8vjp69,Container(ct1ggnykwccrjg2-Diluted-PCR-Plate),81,,aq1ggrgn5nkfy3f,35.0,ct1ggnykwccrjg2:81,,,,,,,,,"ct1ggnykwccrjg2-EVA-Green-Plate:81, ct1ggp8zk8vjp69-IVTT-Plate:81",,,,,,
82,ct1ggnykwccrjg2-Diluted-PCR-Plate,ct1ggp8zk8vjp69,Container(ct1ggnykwccrjg2-Diluted-PCR-Plate),82,,aq1ggrgn5nkfy3h,35.0,ct1ggnykwccrjg2:82,,,,,,,,,"ct1ggnykwccrjg2-EVA-Green-Plate:82, ct1ggp8zk8vjp69-IVTT-Plate:82",,,,,,
83,ct1ggnykwccrjg2-Diluted-PCR-Plate,ct1ggp8zk8vjp69,Container(ct1ggnykwccrjg2-Diluted-PCR-Plate),83,,aq1ggrgn5nmm67e,35.0,ct1ggnykwccrjg2:83,,,,,,,,,"ct1ggnykwccrjg2-EVA-Green-Plate:83, ct1ggp8zk8vjp69-IVTT-Plate:83",,,,,,
84,ct1ggnykwccrjg2-Diluted-PCR-Plate,ct1ggp8zk8vjp69,Container(ct1ggnykwccrjg2-Diluted-PCR-Plate),84,,aq1ggrgn5nmm67g,35.0,ct1ggnykwccrjg2:84,,,,,,,,,"ct1ggnykwccrjg2-EVA-Green-Plate:84, ct1ggp8zk8vjp69-IVTT-Plate:84",,,,,,
85,ct1ggnykwccrjg2-Diluted-PCR-Plate,ct1ggp8zk8vjp69,Container(ct1ggnykwccrjg2-Diluted-PCR-Plate),85,,aq1ggrgn5nmm67j,35.0,ct1ggnykwccrjg2:85,,,,,,,,,"ct1ggnykwccrjg2-EVA-Green-Plate:85, ct1ggp8zk8vjp69-IVTT-Plate:85",,,,,,
86,ct1ggnykwccrjg2-Diluted-PCR-Plate,ct1ggp8zk8vjp69,Container(ct1ggnykwccrjg2-Diluted-PCR-Plate),86,,aq1ggrgn5nnrcbf,35.0,ct1ggnykwccrjg2:86,,,,,,,,,"ct1ggnykwccrjg2-EVA-Green-Plate:86, ct1ggp8zk8vjp69-IVTT-Plate:86",,,,,,
87,ct1ggnykwccrjg2-Diluted-PCR-Plate,ct1ggp8zk8vjp69,Container(ct1ggnykwccrjg2-Diluted-PCR-Plate),87,,aq1ggrgn5nnrcbh,35.0,ct1ggnykwccrjg2:87,,,,,,,,,"ct1ggnykwccrjg2-EVA-Green-Plate:87, ct1ggp8zk8vjp69-IVTT-Plate:87",,,,,,
88,ct1ggnykwccrjg2-Diluted-PCR-Plate,ct1ggp8zk8vjp69,Container(ct1ggnykwccrjg2-Diluted-PCR-Plate),88,,aq1ggrgn5nnrcbk,35.0,ct1ggnykwccrjg2:88,,,,,,,,,"ct1ggnykwccrjg2-EVA-Green-Plate:88, ct1ggp8zk8vjp69-IVTT-Plate:88",,,,,,
89,ct1ggnykwccrjg2-Diluted-PCR-Plate,ct1ggp8zk8vjp69,Container(ct1ggnykwccrjg2-Diluted-PCR-Plate),89,,aq1ggrgn5npvjfg,35.0,ct1ggnykwccrjg2:89,,,,,,,,,"ct1ggnykwccrjg2-EVA-Green-Plate:89, ct1ggp8zk8vjp69-IVTT-Plate:89",,,,,,
90,ct1ggnykwccrjg2-Diluted-PCR-Plate,ct1ggp8zk8vjp69,Container(ct1ggnykwccrjg2-Diluted-PCR-Plate),90,,aq1ggrgn5npvjfj,35.0,ct1ggnykwccrjg2:90,,,,,,,,,"ct1ggnykwccrjg2-EVA-Green-Plate:90, ct1ggp8zk8vjp69-IVTT-Plate:90",,,,,,
91,ct1ggnykwccrjg2-Diluted-PCR-Plate,ct1ggp8zk8vjp69,Container(ct1ggnykwccrjg2-Diluted-PCR-Plate),91,,aq1ggrgn5npvjfm,35.0,ct1ggnykwccrjg2:91,,,,,,,,,"ct1ggnykwccrjg2-EVA-Green-Plate:91, ct1ggp8zk8vjp69-IVTT-Plate:91",,,,,,
92,ct1ggnykwccrjg2-Diluted-PCR-Plate,ct1ggp8zk8vjp69,Container(ct1ggnykwccrjg2-Diluted-PCR-Plate),92,,aq1ggrgn5nqzrkh,35.0,ct1ggnykwccrjg2:92,,,,,,,,,"ct1ggnykwccrjg2-EVA-Green-Plate:92, ct1ggp8zk8vjp69-IVTT-Plate:92",,,,,,
93,ct1ggnykwccrjg2-Diluted-PCR-Plate,ct1ggp8zk8vjp69,Container(ct1ggnykwccrjg2-Diluted-PCR-Plate),93,,aq1ggrgn5nqzrkk,35.0,ct1ggnykwccrjg2:93,,,,,,,,,"ct1ggnykwccrjg2-EVA-Green-Plate:93, ct1ggp8zk8vjp69-IVTT-Plate:93",,,,,,
94,ct1ggnykwccrjg2-Diluted-PCR-Plate,ct1ggp8zk8vjp69,Container(ct1ggnykwccrjg2-Diluted-PCR-Plate),94,,aq1ggrgn5nqzrkn,35.0,ct1ggnykwccrjg2:94,,,,,,,,,"ct1ggnykwccrjg2-EVA-Green-Plate:94, ct1ggp8zk8vjp69-IVTT-Plate:94",,,,,,
95,ct1ggnykwccrjg2-Diluted-PCR-Plate,ct1ggp8zk8vjp69,Container(ct1ggnykwccrjg2-Diluted-PCR-Plate),95,,aq1ggrgn5ns5xqj,35.0,ct1ggnykwccrjg2:95,,,,,,,,,"ct1ggnykwccrjg2-EVA-Green-Plate:95, ct1ggp8zk8vjp69-IVTT-Plate:95",,,,,,
96,1-IVTT-Mix-Tube,ct1ggrhy3amn4dq,Container(1-IVTT-Mix-Tube),0,,aq1ggrjwa6rehz4,150.0,,,,,,,,,,,,,,,,
97,ct1ggp8zk8vjp69-IVTT-Plate,ct1ggrhy3bqq2ap,Container(ct1ggp8zk8vjp69-IVTT-Plate),0,IVTTReaction,aq1ggrkqwz54ffx,5.0,ct1ggp8zk8vjp69:0,,,,,,,,,,rs1f47z2uft2kyv,20:microliter,Protein,rs1f47z3qb2zdga,40:microliter,Protein
98,ct1ggp8zk8vjp69-IVTT-Plate,ct1ggrhy3bqq2ap,Container(ct1ggp8zk8vjp69-IVTT-Plate),1,IVTTReaction,aq1ggrkqwz54fg2,5.0,ct1ggp8zk8vjp69:1,,,,,,,,,,rs1f47z2uft2kyv,20:microliter,Protein,rs1f47z3qb2zdga,40:microliter,Protein
99,ct1ggp8zk8vjp69-IVTT-Plate,ct1ggrhy3bqq2ap,Container(ct1ggp8zk8vjp69-IVTT-Plate),2,IVTTReaction,aq1ggrkqwz68nkz,5.0,ct1ggp8zk8vjp69:2,,,,,,,,,,rs1f47z2uft2kyv,20:microliter,Protein,rs1f47z3qb2zdga,40:microliter,Protein
100,ct1ggp8zk8vjp69-IVTT-Plate,ct1ggrhy3bqq2ap,Container(ct1ggp8zk8vjp69-IVTT-Plate),3,IVTTReaction,aq1ggrkqwz68nm4,5.0,ct1ggp8zk8vjp69:3,,,,,,,,,,rs1f47z2uft2kyv,20:microliter,Protein,rs1f47z3qb2zdga,40:microliter,Protein
101,ct1ggp8zk8vjp69-IVTT-Plate,ct1ggrhy3bqq2ap,Container(ct1ggp8zk8vjp69-IVTT-Plate),4,IVTTReaction,aq1ggrkqwz7cur3,5.0,ct1ggp8zk8vjp69:4,,,,,,,,,,rs1f47z2uft2kyv,20:microliter,Protein,rs1f47z3qb2zdga,40:microliter,Protein
102,ct1ggp8zk8vjp69-IVTT-Plate,ct1ggrhy3bqq2ap,Container(ct1ggp8zk8vjp69-IVTT-Plate),5,IVTTReaction,aq1ggrkqwz7cur6,5.0,ct1ggp8zk8vjp69:5,,,,,,,,,,rs1f47z2uft2kyv,20:microliter,Protein,rs1f47z3qb2zdga,40:microliter,Protein
103,ct1ggp8zk8vjp69-IVTT-Plate,ct1ggrhy3bqq2ap,Container(ct1ggp8zk8vjp69-IVTT-Plate),6,IVTTReaction,aq1ggrkqwz8h2v4,5.0,ct1ggp8zk8vjp69:6,,,,,,,,,,rs1f47z2uft2kyv,20:microliter,Protein,rs1f47z3qb2zdga,40:microliter,Protein
104,ct1ggp8zk8vjp69-IVTT-Plate,ct1ggrhy3bqq2ap,Container(ct1ggp8zk8vjp69-IVTT-Plate),7,IVTTReaction,aq1ggrkqwz9n8z3,5.0,ct1ggp8zk8vjp69:7,,,,,,,,,,rs1f47z2uft2kyv,20:microliter,Protein,rs1f47z3qb2zdga,40:microliter,Protein
105,ct1ggp8zk8vjp69-IVTT-Plate,ct1ggrhy3bqq2ap,Container(ct1ggp8zk8vjp69-IVTT-Plate),8,IVTTReaction,aq1ggrkqwz9n8z6,5.0,ct1ggp8zk8vjp69:8,,,,,,,,,,rs1f47z2uft2kyv,20:microliter,Protein,rs1f47z3qb2zdga,40:microliter,Protein
106,ct1ggp8zk8vjp69-IVTT-Plate,ct1ggrhy3bqq2ap,Container(ct1ggp8zk8vjp69-IVTT-Plate),9,IVTTReaction,aq1ggrkqwzasf54,5.0,ct1ggp8zk8vjp69:9,,,,,,,,,,rs1f47z2uft2kyv,20:microliter,Protein,rs1f47z3qb2zdga,40:microliter,Protein
107,ct1ggp8zk8vjp69-IVTT-Plate,ct1ggrhy3bqq2ap,Container(ct1ggp8zk8vjp69-IVTT-Plate),10,IVTTReaction,aq1ggrkqwzasf57,5.0,ct1ggp8zk8vjp69:10,,,,,,,,,,rs1f47z2uft2kyv,20:microliter,Protein,rs1f47z3qb2zdga,40:microliter,Protein
108,ct1ggp8zk8vjp69-IVTT-Plate,ct1ggrhy3bqq2ap,Container(ct1ggp8zk8vjp69-IVTT-Plate),11,IVTTReaction,aq1ggrkqwzbwn95,5.0,ct1ggp8zk8vjp69:11,,,,,,,,,,rs1f47z2uft2kyv,20:microliter,Protein,rs1f47z3qb2zdga,40:microliter,Protein
109,ct1ggp8zk8vjp69-IVTT-Plate,ct1ggrhy3bqq2ap,Container(ct1ggp8zk8vjp69-IVTT-Plate),12,,aq1ggrkuqzy9hch,-55.0,ct1ggp8zk8vjp69:12,,,,,,,,,,,,,,,
110,ct1ggp8zk8vjp69-IVTT-Plate,ct1ggrhy3bqq2ap,Container(ct1ggp8zk8vjp69-IVTT-Plate),13,,aq1ggrkuqzy9hck,-55.0,ct1ggp8zk8vjp69:13,,,,,,,,,,,,,,,
111,ct1ggp8zk8vjp69-IVTT-Plate,ct1ggrhy3bqq2ap,Container(ct1ggp8zk8vjp69-IVTT-Plate),14,,aq1ggrkuqzzdqgg,-55.0,ct1ggp8zk8vjp69:14,,,,,,,,,,,,,,,
112,ct1ggp8zk8vjp69-IVTT-Plate,ct1ggrhy3bqq2ap,Container(ct1ggp8zk8vjp69-IVTT-Plate),15,,aq1ggrkuqzzdqgj,-55.0,ct1ggp8zk8vjp69:15,,,,,,,,,,,,,,,
113,ct1ggp8zk8vjp69-IVTT-Plate,ct1ggrhy3bqq2ap,Container(ct1ggp8zk8vjp69-IVTT-Plate),16,,aq1ggrkuqzzdqgm,-55.0,ct1ggp8zk8vjp69:16,,,,,,,,,,,,,,,
114,ct1ggp8zk8vjp69-IVTT-Plate,ct1ggrhy3bqq2ap,Container(ct1ggp8zk8vjp69-IVTT-Plate),17,,aq1ggrkur22hwmg,-55.0,ct1ggp8zk8vjp69:17,,,,,,,,,,,,,,,
115,ct1ggp8zk8vjp69-IVTT-Plate,ct1ggrhy3bqq2ap,Container(ct1ggp8zk8vjp69-IVTT-Plate),18,,aq1ggrkur22hwmj,-55.0,ct1ggp8zk8vjp69:18,,,,,,,,,,,,,,,
116,ct1ggp8zk8vjp69-IVTT-Plate,ct1ggrhy3bqq2ap,Container(ct1ggp8zk8vjp69-IVTT-Plate),19,,aq1ggrkur22hwmm,-55.0,ct1ggp8zk8vjp69:19,,,,,,,,,,,,,,,
117,ct1ggp8zk8vjp69-IVTT-Plate,ct1ggrhy3bqq2ap,Container(ct1ggp8zk8vjp69-IVTT-Plate),20,,aq1ggrkur23p4rh,-55.0,ct1ggp8zk8vjp69:20,,,,,,,,,,,,,,,
118,ct1ggp8zk8vjp69-IVTT-Plate,ct1ggrhy3bqq2ap,Container(ct1ggp8zk8vjp69-IVTT-Plate),21,,aq1ggrkur23p4rk,-55.0,ct1ggp8zk8vjp69:21,,,,,,,,,,,,,,,
119,ct1ggp8zk8vjp69-IVTT-Plate,ct1ggrhy3bqq2ap,Container(ct1ggp8zk8vjp69-IVTT-Plate),22,,aq1ggrkur23p4rn,-55.0,ct1ggp8zk8vjp69:22,,,,,,,,,,,,,,,
120,ct1ggp8zk8vjp69-IVTT-Plate,ct1ggrhy3bqq2ap,Container(ct1ggp8zk8vjp69-IVTT-Plate),23,,aq1ggrkur23p4rq,-55.0,ct1ggp8zk8vjp69:23,,,,,,,,,,,,,,,
121,ct1ggp8zk8vjp69-IVTT-Plate,ct1ggrhy3bqq2ap,Container(ct1ggp8zk8vjp69-IVTT-Plate),24,,aq1ggrkur24tavk,-55.0,ct1ggp8zk8vjp69:24,,,,,,,,,,,,,,,
122,ct1ggp8zk8vjp69-IVTT-Plate,ct1ggrhy3bqq2ap,Container(ct1ggp8zk8vjp69-IVTT-Plate),25,,aq1ggrkur24tavn,-55.0,ct1ggp8zk8vjp69:25,,,,,,,,,,,,,,,
123,ct1ggp8zk8vjp69-IVTT-Plate,ct1ggrhy3bqq2ap,Container(ct1ggp8zk8vjp69-IVTT-Plate),26,,aq1ggrkur24tavq,-55.0,ct1ggp8zk8vjp69:26,,,,,,,,,,,,,,,
124,ct1ggp8zk8vjp69-IVTT-Plate,ct1ggrhy3bqq2ap,Container(ct1ggp8zk8vjp69-IVTT-Plate),27,,aq1ggrkur25xgzm,-55.0,ct1ggp8zk8vjp69:27,,,,,,,,,,,,,,,
125,ct1ggp8zk8vjp69-IVTT-Plate,ct1ggrhy3bqq2ap,Container(ct1ggp8zk8vjp69-IVTT-Plate),28,,aq1ggrkur25xgzp,-55.0,ct1ggp8zk8vjp69:28,,,,,,,,,,,,,,,
126,ct1ggp8zk8vjp69-IVTT-Plate,ct1ggrhy3bqq2ap,Container(ct1ggp8zk8vjp69-IVTT-Plate),29,,aq1ggrkur25xgzr,-55.0,ct1ggp8zk8vjp69:29,,,,,,,,,,,,,,,
127,ct1ggp8zk8vjp69-IVTT-Plate,ct1ggrhy3bqq2ap,Container(ct1ggp8zk8vjp69-IVTT-Plate),30,,aq1ggrkur273q5m,-55.0,ct1ggp8zk8vjp69:30,,,,,,,,,,,,,,,
128,ct1ggp8zk8vjp69-IVTT-Plate,ct1ggrhy3bqq2ap,Container(ct1ggp8zk8vjp69-IVTT-Plate),31,,aq1ggrkur273q5p,-55.0,ct1ggp8zk8vjp69:31,,,,,,,,,,,,,,,
129,ct1ggp8zk8vjp69-IVTT-Plate,ct1ggrhy3bqq2ap,Container(ct1ggp8zk8vjp69-IVTT-Plate),32,,aq1ggrkur273q5r,-55.0,ct1ggp8zk8vjp69:32,,,,,,,,,,,,,,,
130,ct1ggp8zk8vjp69-IVTT-Plate,ct1ggrhy3bqq2ap,Container(ct1ggp8zk8vjp69-IVTT-Plate),33,,aq1ggrkur287w9n,-55.0,ct1ggp8zk8vjp69:33,,,,,,,,,,,,,,,
131,ct1ggp8zk8vjp69-IVTT-Plate,ct1ggrhy3bqq2ap,Container(ct1ggp8zk8vjp69-IVTT-Plate),34,,aq1ggrkur287w9q,-55.0,ct1ggp8zk8vjp69:34,,,,,,,,,,,,,,,
132,ct1ggp8zk8vjp69-IVTT-Plate,ct1ggrhy3bqq2ap,Container(ct1ggp8zk8vjp69-IVTT-Plate),35,,aq1ggrkur287w9s,-55.0,ct1ggp8zk8vjp69:35,,,,,,,,,,,,,,,
133,ct1ggp8zk8vjp69-IVTT-Plate,ct1ggrhy3bqq2ap,Container(ct1ggp8zk8vjp69-IVTT-Plate),36,,aq1ggrkur287w9u,-55.0,ct1ggp8zk8vjp69:36,,,,,,,,,,,,,,,
134,ct1ggp8zk8vjp69-IVTT-Plate,ct1ggrhy3bqq2ap,Container(ct1ggp8zk8vjp69-IVTT-Plate),37,,aq1ggrkur29c4dq,-55.0,ct1ggp8zk8vjp69:37,,,,,,,,,,,,,,,
135,ct1ggp8zk8vjp69-IVTT-Plate,ct1ggrhy3bqq2ap,Container(ct1ggp8zk8vjp69-IVTT-Plate),38,,aq1ggrkur29c4ds,-55.0,ct1ggp8zk8vjp69:38,,,,,,,,,,,,,,,
136,ct1ggp8zk8vjp69-IVTT-Plate,ct1ggrhy3bqq2ap,Container(ct1ggp8zk8vjp69-IVTT-Plate),39,,aq1ggrkur29c4du,-55.0,ct1ggp8zk8vjp69:39,,,,,,,,,,,,,,,
137,ct1ggp8zk8vjp69-IVTT-Plate,ct1ggrhy3bqq2ap,Container(ct1ggp8zk8vjp69-IVTT-Plate),40,,aq1ggrkur2agahr,-55.0,ct1ggp8zk8vjp69:40,,,,,,,,,,,,,,,
138,ct1ggp8zk8vjp69-IVTT-Plate,ct1ggrhy3bqq2ap,Container(ct1ggp8zk8vjp69-IVTT-Plate),41,,aq1ggrkur2agaht,-55.0,ct1ggp8zk8vjp69:41,,,,,,,,,,,,,,,
139,ct1ggp8zk8vjp69-IVTT-Plate,ct1ggrhy3bqq2ap,Container(ct1ggp8zk8vjp69-IVTT-Plate),42,,aq1ggrkur2agahv,-55.0,ct1ggp8zk8vjp69:42,,,,,,,,,,,,,,,
140,ct1ggp8zk8vjp69-IVTT-Plate,ct1ggrhy3bqq2ap,Container(ct1ggp8zk8vjp69-IVTT-Plate),43,,aq1ggrkur2bmgns,-55.0,ct1ggp8zk8vjp69:43,,,,,,,,,,,,,,,
141,ct1ggp8zk8vjp69-IVTT-Plate,ct1ggrhy3bqq2ap,Container(ct1ggp8zk8vjp69-IVTT-Plate),44,,aq1ggrkur2bmgnu,-55.0,ct1ggp8zk8vjp69:44,,,,,,,,,,,,,,,
142,ct1ggp8zk8vjp69-IVTT-Plate,ct1ggrhy3bqq2ap,Container(ct1ggp8zk8vjp69-IVTT-Plate),45,,aq1ggrkur2bmgnw,-55.0,ct1ggp8zk8vjp69:45,,,,,,,,,,,,,,,
143,ct1ggp8zk8vjp69-IVTT-Plate,ct1ggrhy3bqq2ap,Container(ct1ggp8zk8vjp69-IVTT-Plate),46,,aq1ggrkur2crpss,-55.0,ct1ggp8zk8vjp69:46,,,,,,,,,,,,,,,
144,ct1ggp8zk8vjp69-IVTT-Plate,ct1ggrhy3bqq2ap,Container(ct1ggp8zk8vjp69-IVTT-Plate),47,,aq1ggrkur2crpsu,-55.0,ct1ggp8zk8vjp69:47,,,,,,,,,,,,,,,
145,ct1ggp8zk8vjp69-IVTT-Plate,ct1ggrhy3bqq2ap,Container(ct1ggp8zk8vjp69-IVTT-Plate),48,,aq1ggrkur2crpsw,-55.0,ct1ggp8zk8vjp69:48,,,,,,,,,,,,,,,
146,ct1ggp8zk8vjp69-IVTT-Plate,ct1ggrhy3bqq2ap,Container(ct1ggp8zk8vjp69-IVTT-Plate),49,,aq1ggrkur2dvvwt,-55.0,ct1ggp8zk8vjp69:49,,,,,,,,,,,,,,,
147,ct1ggp8zk8vjp69-IVTT-Plate,ct1ggrhy3bqq2ap,Container(ct1ggp8zk8vjp69-IVTT-Plate),50,,aq1ggrkur2dvvwv,-55.0,ct1ggp8zk8vjp69:50,,,,,,,,,,,,,,,
148,ct1ggp8zk8vjp69-IVTT-Plate,ct1ggrhy3bqq2ap,Container(ct1ggp8zk8vjp69-IVTT-Plate),51,,aq1ggrkur2dvvwx,-55.0,ct1ggp8zk8vjp69:51,,,,,,,,,,,,,,,
149,ct1ggp8zk8vjp69-IVTT-Plate,ct1ggrhy3bqq2ap,Container(ct1ggp8zk8vjp69-IVTT-Plate),52,,aq1ggrkur2f242u,-55.0,ct1ggp8zk8vjp69:52,,,,,,,,,,,,,,,
150,ct1ggp8zk8vjp69-IVTT-Plate,ct1ggrhy3bqq2ap,Container(ct1ggp8zk8vjp69-IVTT-Plate),53,,aq1ggrkur2f242w,-55.0,ct1ggp8zk8vjp69:53,,,,,,,,,,,,,,,
151,ct1ggp8zk8vjp69-IVTT-Plate,ct1ggrhy3bqq2ap,Container(ct1ggp8zk8vjp69-IVTT-Plate),54,,aq1ggrkur2f242y,-55.0,ct1ggp8zk8vjp69:54,,,,,,,,,,,,,,,
152,ct1ggp8zk8vjp69-IVTT-Plate,ct1ggrhy3bqq2ap,Container(ct1ggp8zk8vjp69-IVTT-Plate),55,,aq1ggrkur2g6a6v,-55.0,ct1ggp8zk8vjp69:55,,,,,,,,,,,,,,,
153,ct1ggp8zk8vjp69-IVTT-Plate,ct1ggrhy3bqq2ap,Container(ct1ggp8zk8vjp69-IVTT-Plate),56,,aq1ggrkur2g6a6x,-55.0,ct1ggp8zk8vjp69:56,,,,,,,,,,,,,,,
154,ct1ggp8zk8vjp69-IVTT-Plate,ct1ggrhy3bqq2ap,Container(ct1ggp8zk8vjp69-IVTT-Plate),57,,aq1ggrkur2g6a6z,-55.0,ct1ggp8zk8vjp69:57,,,,,,,,,,,,,,,
155,ct1ggp8zk8vjp69-IVTT-Plate,ct1ggrhy3bqq2ap,Container(ct1ggp8zk8vjp69-IVTT-Plate),58,,aq1ggrkur2g6a73,-55.0,ct1ggp8zk8vjp69:58,,,,,,,,,,,,,,,
156,ct1ggp8zk8vjp69-IVTT-Plate,ct1ggrhy3bqq2ap,Container(ct1ggp8zk8vjp69-IVTT-Plate),59,,aq1ggrkur2hagax,-55.0,ct1ggp8zk8vjp69:59,,,,,,,,,,,,,,,
157,ct1ggp8zk8vjp69-IVTT-Plate,ct1ggrhy3bqq2ap,Container(ct1ggp8zk8vjp69-IVTT-Plate),60,,aq1ggrkur2hagaz,-55.0,ct1ggp8zk8vjp69:60,,,,,,,,,,,,,,,
158,ct1ggp8zk8vjp69-IVTT-Plate,ct1ggrhy3bqq2ap,Container(ct1ggp8zk8vjp69-IVTT-Plate),61,,aq1ggrkur2hagb3,-55.0,ct1ggp8zk8vjp69:61,,,,,,,,,,,,,,,
159,ct1ggp8zk8vjp69-IVTT-Plate,ct1ggrhy3bqq2ap,Container(ct1ggp8zk8vjp69-IVTT-Plate),62,,aq1ggrkur2jepey,-55.0,ct1ggp8zk8vjp69:62,,,,,,,,,,,,,,,
160,ct1ggp8zk8vjp69-IVTT-Plate,ct1ggrhy3bqq2ap,Container(ct1ggp8zk8vjp69-IVTT-Plate),63,,aq1ggrkur2jepf2,-55.0,ct1ggp8zk8vjp69:63,,,,,,,,,,,,,,,
161,ct1ggp8zk8vjp69-IVTT-Plate,ct1ggrhy3bqq2ap,Container(ct1ggp8zk8vjp69-IVTT-Plate),64,,aq1ggrkur2jepf4,-55.0,ct1ggp8zk8vjp69:64,,,,,,,,,,,,,,,
162,ct1ggp8zk8vjp69-IVTT-Plate,ct1ggrhy3bqq2ap,Container(ct1ggp8zk8vjp69-IVTT-Plate),65,,aq1ggrkur2kjvjz,-55.0,ct1ggp8zk8vjp69:65,,,,,,,,,,,,,,,
163,ct1ggp8zk8vjp69-IVTT-Plate,ct1ggrhy3bqq2ap,Container(ct1ggp8zk8vjp69-IVTT-Plate),66,,aq1ggrkur2kjvk3,-55.0,ct1ggp8zk8vjp69:66,,,,,,,,,,,,,,,
164,ct1ggp8zk8vjp69-IVTT-Plate,ct1ggrhy3bqq2ap,Container(ct1ggp8zk8vjp69-IVTT-Plate),67,,aq1ggrkur2kjvk5,-55.0,ct1ggp8zk8vjp69:67,,,,,,,,,,,,,,,
165,ct1ggp8zk8vjp69-IVTT-Plate,ct1ggrhy3bqq2ap,Container(ct1ggp8zk8vjp69-IVTT-Plate),68,,aq1ggrkur2mq3q2,-55.0,ct1ggp8zk8vjp69:68,,,,,,,,,,,,,,,
166,ct1ggp8zk8vjp69-IVTT-Plate,ct1ggrhy3bqq2ap,Container(ct1ggp8zk8vjp69-IVTT-Plate),69,,aq1ggrkur2mq3q4,-55.0,ct1ggp8zk8vjp69:69,,,,,,,,,,,,,,,
167,ct1ggp8zk8vjp69-IVTT-Plate,ct1ggrhy3bqq2ap,Container(ct1ggp8zk8vjp69-IVTT-Plate),70,,aq1ggrkur2mq3q6,-55.0,ct1ggp8zk8vjp69:70,,,,,,,,,,,,,,,
168,ct1ggp8zk8vjp69-IVTT-Plate,ct1ggrhy3bqq2ap,Container(ct1ggp8zk8vjp69-IVTT-Plate),71,,aq1ggrkur2nu9u2,-55.0,ct1ggp8zk8vjp69:71,,,,,,,,,,,,,,,
169,ct1ggp8zk8vjp69-IVTT-Plate,ct1ggrhy3bqq2ap,Container(ct1ggp8zk8vjp69-IVTT-Plate),72,,aq1ggrkur2nu9u4,-55.0,ct1ggp8zk8vjp69:72,,,,,,,,,,,,,,,
170,ct1ggp8zk8vjp69-IVTT-Plate,ct1ggrhy3bqq2ap,Container(ct1ggp8zk8vjp69-IVTT-Plate),73,,aq1ggrkur2nu9u6,-55.0,ct1ggp8zk8vjp69:73,,,,,,,,,,,,,,,
171,ct1ggp8zk8vjp69-IVTT-Plate,ct1ggrhy3bqq2ap,Container(ct1ggp8zk8vjp69-IVTT-Plate),74,,aq1ggrkur2pyfy3,-55.0,ct1ggp8zk8vjp69:74,,,,,,,,,,,,,,,
172,ct1ggp8zk8vjp69-IVTT-Plate,ct1ggrhy3bqq2ap,Container(ct1ggp8zk8vjp69-IVTT-Plate),75,,aq1ggrkur2pyfy5,-55.0,ct1ggp8zk8vjp69:75,,,,,,,,,,,,,,,
173,ct1ggp8zk8vjp69-IVTT-Plate,ct1ggrhy3bqq2ap,Container(ct1ggp8zk8vjp69-IVTT-Plate),76,,aq1ggrkur2pyfy7,-55.0,ct1ggp8zk8vjp69:76,,,,,,,,,,,,,,,
174,ct1ggp8zk8vjp69-IVTT-Plate,ct1ggrhy3bqq2ap,Container(ct1ggp8zk8vjp69-IVTT-Plate),77,,aq1ggrkur2r4p45,-55.0,ct1ggp8zk8vjp69:77,,,,,,,,,,,,,,,
175,ct1ggp8zk8vjp69-IVTT-Plate,ct1ggrhy3bqq2ap,Container(ct1ggp8zk8vjp69-IVTT-Plate),78,,aq1ggrkur2r4p47,-55.0,ct1ggp8zk8vjp69:78,,,,,,,,,,,,,,,
176,ct1ggp8zk8vjp69-IVTT-Plate,ct1ggrhy3bqq2ap,Container(ct1ggp8zk8vjp69-IVTT-Plate),79,,aq1ggrkur2r4p49,-55.0,ct1ggp8zk8vjp69:79,,,,,,,,,,,,,,,
177,ct1ggp8zk8vjp69-IVTT-Plate,ct1ggrhy3bqq2ap,Container(ct1ggp8zk8vjp69-IVTT-Plate),80,,aq1ggrkur2s8v86,-55.0,ct1ggp8zk8vjp69:80,,,,,,,,,,,,,,,
178,ct1ggp8zk8vjp69-IVTT-Plate,ct1ggrhy3bqq2ap,Container(ct1ggp8zk8vjp69-IVTT-Plate),81,,aq1ggrkur2s8v88,-55.0,ct1ggp8zk8vjp69:81,,,,,,,,,,,,,,,
179,ct1ggp8zk8vjp69-IVTT-Plate,ct1ggrhy3bqq2ap,Container(ct1ggp8zk8vjp69-IVTT-Plate),82,,aq1ggrkur2s8v8a,-55.0,ct1ggp8zk8vjp69:82,,,,,,,,,,,,,,,
180,ct1ggp8zk8vjp69-IVTT-Plate,ct1ggrhy3bqq2ap,Container(ct1ggp8zk8vjp69-IVTT-Plate),83,,aq1ggrkur2td3c7,-55.0,ct1ggp8zk8vjp69:83,,,,,,,,,,,,,,,
181,ct1ggp8zk8vjp69-IVTT-Plate,ct1ggrhy3bqq2ap,Container(ct1ggp8zk8vjp69-IVTT-Plate),84,,aq1ggrkur2td3c9,-55.0,ct1ggp8zk8vjp69:84,,,,,,,,,,,,,,,
182,ct1ggp8zk8vjp69-IVTT-Plate,ct1ggrhy3bqq2ap,Container(ct1ggp8zk8vjp69-IVTT-Plate),85,,aq1ggrkur2td3cb,-55.0,ct1ggp8zk8vjp69:85,,,,,,,,,,,,,,,
183,ct1ggp8zk8vjp69-IVTT-Plate,ct1ggrhy3bqq2ap,Container(ct1ggp8zk8vjp69-IVTT-Plate),86,,aq1ggrkur2uh9g8,-55.0,ct1ggp8zk8vjp69:86,,,,,,,,,,,,,,,
184,ct1ggp8zk8vjp69-IVTT-Plate,ct1ggrhy3bqq2ap,Container(ct1ggp8zk8vjp69-IVTT-Plate),87,,aq1ggrkur2uh9ga,-55.0,ct1ggp8zk8vjp69:87,,,,,,,,,,,,,,,
185,ct1ggp8zk8vjp69-IVTT-Plate,ct1ggrhy3bqq2ap,Container(ct1ggp8zk8vjp69-IVTT-Plate),88,,aq1ggrkur2uh9gc,-55.0,ct1ggp8zk8vjp69:88,,,,,,,,,,,,,,,
186,ct1ggp8zk8vjp69-IVTT-Plate,ct1ggrhy3bqq2ap,Container(ct1ggp8zk8vjp69-IVTT-Plate),89,,aq1ggrkur2vnfm9,-55.0,ct1ggp8zk8vjp69:89,,,,,,,,,,,,,,,
187,ct1ggp8zk8vjp69-IVTT-Plate,ct1ggrhy3bqq2ap,Container(ct1ggp8zk8vjp69-IVTT-Plate),90,,aq1ggrkur2vnfmb,-55.0,ct1ggp8zk8vjp69:90,,,,,,,,,,,,,,,
188,ct1ggp8zk8vjp69-IVTT-Plate,ct1ggrhy3bqq2ap,Container(ct1ggp8zk8vjp69-IVTT-Plate),91,,aq1ggrkur2vnfmd,-55.0,ct1ggp8zk8vjp69:91,,,,,,,,,,,,,,,
189,ct1ggp8zk8vjp69-IVTT-Plate,ct1ggrhy3bqq2ap,Container(ct1ggp8zk8vjp69-IVTT-Plate),92,,aq1ggrkur2wsnra,-55.0,ct1ggp8zk8vjp69:92,,,,,,,,,,,,,,,
190,ct1ggp8zk8vjp69-IVTT-Plate,ct1ggrhy3bqq2ap,Container(ct1ggp8zk8vjp69-IVTT-Plate),93,,aq1ggrkur2wsnrc,-55.0,ct1ggp8zk8vjp69:93,,,,,,,,,,,,,,,
191,ct1ggp8zk8vjp69-IVTT-Plate,ct1ggrhy3bqq2ap,Container(ct1ggp8zk8vjp69-IVTT-Plate),94,,aq1ggrkur2wsnre,-55.0,ct1ggp8zk8vjp69:94,,,,,,,,,,,,,,,
192,ct1ggp8zk8vjp69-IVTT-Plate,ct1ggrhy3bqq2ap,Container(ct1ggp8zk8vjp69-IVTT-Plate),95,,aq1ggrkur2xwuvb,-55.0,ct1ggp8zk8vjp69:95,,,,,,,,,,,,,,,
