,AccuRapid-Ecoli-Extract-Mix:Kind,AccuRapid-Ecoli-Extract-Mix:MasterMix,AccuRapid-Ecoli-Extract-Mix:Volume,AccuRapid-Master-Mix:Kind,AccuRapid-Master-Mix:MasterMix,AccuRapid-Master-Mix:Volume,Activity-Assay-Master-Mix:Kind,Activity-Assay-Master-Mix:LigandMix,Activity-Assay-Master-Mix:Volume,ContainerId,ContainerName,Containers,Aliquot ID,Name,PCR-H2O:Kind,PCR-H2O:Volume,PCR-H2O:Water,Volume,Well Index,incubation_temp,source
0,Protein,rs1f47z2uft2kyv,20:microliter,Protein,rs1f47z3qb2zdga,40:microliter,,,,ct1ffua5u4wnr98,Row:0-ct1ffg5rdguqzjm-Incubated-IVTT-Storage-Plate,Container(Row:0-ct1ffg5rdguqzjm-Incubated-IVTT-Storage-Plate),aq1ffxecd28th3n,,,,,30:microliter,0,75:celsius,ct1fdrbvet5khpa:0
1,Protein,rs1f47z2uft2kyv,20:microliter,Protein,rs1f47z3qb2zdga,40:microliter,,,,ct1ffua5u4wnr98,Row:0-ct1ffg5rdguqzjm-Incubated-IVTT-Storage-Plate,Container(Row:0-ct1ffg5rdguqzjm-Incubated-IVTT-Storage-Plate),aq1ffxecd28th3q,,,,,30:microliter,1,75:celsius,ct1fdrbvet5khpa:1
2,Protein,rs1f47z2uft2kyv,20:microliter,Protein,rs1f47z3qb2zdga,40:microliter,,,,ct1ffua5u4wnr98,Row:0-ct1ffg5rdguqzjm-Incubated-IVTT-Storage-Plate,Container(Row:0-ct1ffg5rdguqzjm-Incubated-IVTT-Storage-Plate),aq1ffxecd29xq7p,,,,,30:microliter,2,75:celsius,ct1fdrbvet5khpa:2
3,Protein,rs1f47z2uft2kyv,20:microliter,Protein,rs1f47z3qb2zdga,40:microliter,,,,ct1ffua5u4wnr98,Row:0-ct1ffg5rdguqzjm-Incubated-IVTT-Storage-Plate,Container(Row:0-ct1ffg5rdguqzjm-Incubated-IVTT-Storage-Plate),aq1ffxecd29xq7r,,,,,30:microliter,3,75:celsius,ct1fdrbvet5khpa:3
4,,,,,,,,,,ct1ffua5u4wnr98,Row:0-ct1ffg5rdguqzjm-Incubated-IVTT-Storage-Plate,Container(Row:0-ct1ffg5rdguqzjm-Incubated-IVTT-Storage-Plate),aq1ffxecd29xq7t,,,,,30:microliter,4,,
5,,,,,,,,,,ct1ffua5u4wnr98,Row:0-ct1ffg5rdguqzjm-Incubated-IVTT-Storage-Plate,Container(Row:0-ct1ffg5rdguqzjm-Incubated-IVTT-Storage-Plate),aq1ffxecd2b3wbq,,,,,30:microliter,5,,
6,,,,,,,,,,ct1ffua5u4wnr98,Row:0-ct1ffg5rdguqzjm-Incubated-IVTT-Storage-Plate,Container(Row:0-ct1ffg5rdguqzjm-Incubated-IVTT-Storage-Plate),aq1ffxecd2b3wbs,,,,,30:microliter,6,,
7,,,,,,,,,,ct1ffua5u4wnr98,Row:0-ct1ffg5rdguqzjm-Incubated-IVTT-Storage-Plate,Container(Row:0-ct1ffg5rdguqzjm-Incubated-IVTT-Storage-Plate),aq1ffxecd2c84fr,,,,,30:microliter,7,,
8,,,,,,,,,,ct1ffua5u4wnr98,Row:0-ct1ffg5rdguqzjm-Incubated-IVTT-Storage-Plate,Container(Row:0-ct1ffg5rdguqzjm-Incubated-IVTT-Storage-Plate),aq1ffxecd2c84ft,,,,,30:microliter,8,,
9,,,,,,,,,,ct1ffua5u4wnr98,Row:0-ct1ffg5rdguqzjm-Incubated-IVTT-Storage-Plate,Container(Row:0-ct1ffg5rdguqzjm-Incubated-IVTT-Storage-Plate),aq1ffxecd2c84fv,,,,,30:microliter,9,,
10,,,,,,,,,,ct1ffua5u4wnr98,Row:0-ct1ffg5rdguqzjm-Incubated-IVTT-Storage-Plate,Container(Row:0-ct1ffg5rdguqzjm-Incubated-IVTT-Storage-Plate),aq1ffxecd2dcakt,,,,,30:microliter,10,,
11,,,,,,,,,,ct1ffua5u4wnr98,Row:0-ct1ffg5rdguqzjm-Incubated-IVTT-Storage-Plate,Container(Row:0-ct1ffg5rdguqzjm-Incubated-IVTT-Storage-Plate),aq1ffxecd2dcakv,,,,,30:microliter,11,,
12,Protein,rs1f47z2uft2kyv,20:microliter,Protein,rs1f47z3qb2zdga,40:microliter,,,,ct1ffua5u4wnr98,Row:0-ct1ffg5rdguqzjm-Incubated-IVTT-Storage-Plate,Container(Row:0-ct1ffg5rdguqzjm-Incubated-IVTT-Storage-Plate),aq1ffxee64hv6ab,,,,,30:microliter,12,71.6:celsius,ct1fdrbvet5khpa:0
13,Protein,rs1f47z2uft2kyv,20:microliter,Protein,rs1f47z3qb2zdga,40:microliter,,,,ct1ffua5u4wnr98,Row:0-ct1ffg5rdguqzjm-Incubated-IVTT-Storage-Plate,Container(Row:0-ct1ffg5rdguqzjm-Incubated-IVTT-Storage-Plate),aq1ffxee64hv6ad,,,,,30:microliter,13,71.6:celsius,ct1fdrbvet5khpa:1
14,Protein,rs1f47z2uft2kyv,20:microliter,Protein,rs1f47z3qb2zdga,40:microliter,,,,ct1ffua5u4wnr98,Row:0-ct1ffg5rdguqzjm-Incubated-IVTT-Storage-Plate,Container(Row:0-ct1ffg5rdguqzjm-Incubated-IVTT-Storage-Plate),aq1ffxee64jzcec,,,,,30:microliter,14,71.6:celsius,ct1fdrbvet5khpa:2
15,Protein,rs1f47z2uft2kyv,20:microliter,Protein,rs1f47z3qb2zdga,40:microliter,,,,ct1ffua5u4wnr98,Row:0-ct1ffg5rdguqzjm-Incubated-IVTT-Storage-Plate,Container(Row:0-ct1ffg5rdguqzjm-Incubated-IVTT-Storage-Plate),aq1ffxee64jzcee,,,,,30:microliter,15,71.6:celsius,ct1fdrbvet5khpa:3
16,,,,,,,,,,ct1ffua5u4wnr98,Row:0-ct1ffg5rdguqzjm-Incubated-IVTT-Storage-Plate,Container(Row:0-ct1ffg5rdguqzjm-Incubated-IVTT-Storage-Plate),aq1ffxee64jzceg,,,,,30:microliter,16,,
17,,,,,,,,,,ct1ffua5u4wnr98,Row:0-ct1ffg5rdguqzjm-Incubated-IVTT-Storage-Plate,Container(Row:0-ct1ffg5rdguqzjm-Incubated-IVTT-Storage-Plate),aq1ffxee64m5jje,,,,,30:microliter,17,,
18,,,,,,,,,,ct1ffua5u4wnr98,Row:0-ct1ffg5rdguqzjm-Incubated-IVTT-Storage-Plate,Container(Row:0-ct1ffg5rdguqzjm-Incubated-IVTT-Storage-Plate),aq1ffxee64m5jjg,,,,,30:microliter,18,,
19,,,,,,,,,,ct1ffua5u4wnr98,Row:0-ct1ffg5rdguqzjm-Incubated-IVTT-Storage-Plate,Container(Row:0-ct1ffg5rdguqzjm-Incubated-IVTT-Storage-Plate),aq1ffxee64n9rpe,,,,,30:microliter,19,,
20,,,,,,,,,,ct1ffua5u4wnr98,Row:0-ct1ffg5rdguqzjm-Incubated-IVTT-Storage-Plate,Container(Row:0-ct1ffg5rdguqzjm-Incubated-IVTT-Storage-Plate),aq1ffxee64n9rpg,,,,,30:microliter,20,,
21,,,,,,,,,,ct1ffua5u4wnr98,Row:0-ct1ffg5rdguqzjm-Incubated-IVTT-Storage-Plate,Container(Row:0-ct1ffg5rdguqzjm-Incubated-IVTT-Storage-Plate),aq1ffxee64n9rpj,,,,,30:microliter,21,,
22,,,,,,,,,,ct1ffua5u4wnr98,Row:0-ct1ffg5rdguqzjm-Incubated-IVTT-Storage-Plate,Container(Row:0-ct1ffg5rdguqzjm-Incubated-IVTT-Storage-Plate),aq1ffxee64pdxtg,,,,,30:microliter,22,,
23,,,,,,,,,,ct1ffua5u4wnr98,Row:0-ct1ffg5rdguqzjm-Incubated-IVTT-Storage-Plate,Container(Row:0-ct1ffg5rdguqzjm-Incubated-IVTT-Storage-Plate),aq1ffxee64pdxtj,,,,,30:microliter,23,,
24,Protein,rs1f47z2uft2kyv,20:microliter,Protein,rs1f47z3qb2zdga,40:microliter,,,,ct1ffua5u4wnr98,Row:0-ct1ffg5rdguqzjm-Incubated-IVTT-Storage-Plate,Container(Row:0-ct1ffg5rdguqzjm-Incubated-IVTT-Storage-Plate),aq1ffxefxbbk5gy,,,,,30:microliter,24,62.8:celsius,ct1fdrbvet5khpa:0
25,Protein,rs1f47z2uft2kyv,20:microliter,Protein,rs1f47z3qb2zdga,40:microliter,,,,ct1ffua5u4wnr98,Row:0-ct1ffg5rdguqzjm-Incubated-IVTT-Storage-Plate,Container(Row:0-ct1ffg5rdguqzjm-Incubated-IVTT-Storage-Plate),aq1ffxefxbbk5h2,,,,,30:microliter,25,62.8:celsius,ct1fdrbvet5khpa:1
26,Protein,rs1f47z2uft2kyv,20:microliter,Protein,rs1f47z3qb2zdga,40:microliter,,,,ct1ffua5u4wnr98,Row:0-ct1ffg5rdguqzjm-Incubated-IVTT-Storage-Plate,Container(Row:0-ct1ffg5rdguqzjm-Incubated-IVTT-Storage-Plate),aq1ffxefxbcqbn2,,,,,30:microliter,26,62.8:celsius,ct1fdrbvet5khpa:2
27,Protein,rs1f47z2uft2kyv,20:microliter,Protein,rs1f47z3qb2zdga,40:microliter,,,,ct1ffua5u4wnr98,Row:0-ct1ffg5rdguqzjm-Incubated-IVTT-Storage-Plate,Container(Row:0-ct1ffg5rdguqzjm-Incubated-IVTT-Storage-Plate),aq1ffxefxbcqbn4,,,,,30:microliter,27,62.8:celsius,ct1fdrbvet5khpa:3
28,,,,,,,,,,ct1ffua5u4wnr98,Row:0-ct1ffg5rdguqzjm-Incubated-IVTT-Storage-Plate,Container(Row:0-ct1ffg5rdguqzjm-Incubated-IVTT-Storage-Plate),aq1ffxefxbduhs2,,,,,30:microliter,28,,
29,,,,,,,,,,ct1ffua5u4wnr98,Row:0-ct1ffg5rdguqzjm-Incubated-IVTT-Storage-Plate,Container(Row:0-ct1ffg5rdguqzjm-Incubated-IVTT-Storage-Plate),aq1ffxefxbduhs4,,,,,30:microliter,29,,
30,,,,,,,,,,ct1ffua5u4wnr98,Row:0-ct1ffg5rdguqzjm-Incubated-IVTT-Storage-Plate,Container(Row:0-ct1ffg5rdguqzjm-Incubated-IVTT-Storage-Plate),aq1ffxefxbduhs6,,,,,30:microliter,30,,
31,,,,,,,,,,ct1ffua5u4wnr98,Row:0-ct1ffg5rdguqzjm-Incubated-IVTT-Storage-Plate,Container(Row:0-ct1ffg5rdguqzjm-Incubated-IVTT-Storage-Plate),aq1ffxefxbeyqw4,,,,,30:microliter,31,,
32,,,,,,,,,,ct1ffua5u4wnr98,Row:0-ct1ffg5rdguqzjm-Incubated-IVTT-Storage-Plate,Container(Row:0-ct1ffg5rdguqzjm-Incubated-IVTT-Storage-Plate),aq1ffxefxbeyqw6,,,,,30:microliter,32,,
33,,,,,,,,,,ct1ffua5u4wnr98,Row:0-ct1ffg5rdguqzjm-Incubated-IVTT-Storage-Plate,Container(Row:0-ct1ffg5rdguqzjm-Incubated-IVTT-Storage-Plate),aq1ffxefxbg4x24,,,,,30:microliter,33,,
34,,,,,,,,,,ct1ffua5u4wnr98,Row:0-ct1ffg5rdguqzjm-Incubated-IVTT-Storage-Plate,Container(Row:0-ct1ffg5rdguqzjm-Incubated-IVTT-Storage-Plate),aq1ffxefxbg4x26,,,,,30:microliter,34,,
35,,,,,,,,,,ct1ffua5u4wnr98,Row:0-ct1ffg5rdguqzjm-Incubated-IVTT-Storage-Plate,Container(Row:0-ct1ffg5rdguqzjm-Incubated-IVTT-Storage-Plate),aq1ffxefxbg4x28,,,,,30:microliter,35,,
36,Protein,rs1f47z2uft2kyv,20:microliter,Protein,rs1f47z3qb2zdga,40:microliter,,,,ct1ffua5u4wnr98,Row:0-ct1ffg5rdguqzjm-Incubated-IVTT-Storage-Plate,Container(Row:0-ct1ffg5rdguqzjm-Incubated-IVTT-Storage-Plate),aq1ffxd72ypkyn8,,,,,30:microliter,36,55:celsius,ct1fdrbvet5khpa:0
37,Protein,rs1f47z2uft2kyv,20:microliter,Protein,rs1f47z3qb2zdga,40:microliter,,,,ct1ffua5u4wnr98,Row:0-ct1ffg5rdguqzjm-Incubated-IVTT-Storage-Plate,Container(Row:0-ct1ffg5rdguqzjm-Incubated-IVTT-Storage-Plate),aq1ffxd72ypkyna,,,,,30:microliter,37,55:celsius,ct1fdrbvet5khpa:1
38,Protein,rs1f47z2uft2kyv,20:microliter,Protein,rs1f47z3qb2zdga,40:microliter,,,,ct1ffua5u4wnr98,Row:0-ct1ffg5rdguqzjm-Incubated-IVTT-Storage-Plate,Container(Row:0-ct1ffg5rdguqzjm-Incubated-IVTT-Storage-Plate),aq1ffxd72yqr6sa,,,,,30:microliter,38,55:celsius,ct1fdrbvet5khpa:2
39,Protein,rs1f47z2uft2kyv,20:microliter,Protein,rs1f47z3qb2zdga,40:microliter,,,,ct1ffua5u4wnr98,Row:0-ct1ffg5rdguqzjm-Incubated-IVTT-Storage-Plate,Container(Row:0-ct1ffg5rdguqzjm-Incubated-IVTT-Storage-Plate),aq1ffxd72yqr6sc,,,,,30:microliter,39,55:celsius,ct1fdrbvet5khpa:3
40,,,,,,,,,,ct1ffua5u4wnr98,Row:0-ct1ffg5rdguqzjm-Incubated-IVTT-Storage-Plate,Container(Row:0-ct1ffg5rdguqzjm-Incubated-IVTT-Storage-Plate),aq1ffxd72yqr6se,,,,,30:microliter,40,,
41,,,,,,,,,,ct1ffua5u4wnr98,Row:0-ct1ffg5rdguqzjm-Incubated-IVTT-Storage-Plate,Container(Row:0-ct1ffg5rdguqzjm-Incubated-IVTT-Storage-Plate),aq1ffxd72yrvcwb,,,,,30:microliter,41,,
42,,,,,,,,,,ct1ffua5u4wnr98,Row:0-ct1ffg5rdguqzjm-Incubated-IVTT-Storage-Plate,Container(Row:0-ct1ffg5rdguqzjm-Incubated-IVTT-Storage-Plate),aq1ffxd72yrvcwd,,,,,30:microliter,42,,
43,,,,,,,,,,ct1ffua5u4wnr98,Row:0-ct1ffg5rdguqzjm-Incubated-IVTT-Storage-Plate,Container(Row:0-ct1ffg5rdguqzjm-Incubated-IVTT-Storage-Plate),aq1ffxd72yszk2b,,,,,30:microliter,43,,
44,,,,,,,,,,ct1ffua5u4wnr98,Row:0-ct1ffg5rdguqzjm-Incubated-IVTT-Storage-Plate,Container(Row:0-ct1ffg5rdguqzjm-Incubated-IVTT-Storage-Plate),aq1ffxd72yszk2d,,,,,30:microliter,44,,
45,,,,,,,,,,ct1ffua5u4wnr98,Row:0-ct1ffg5rdguqzjm-Incubated-IVTT-Storage-Plate,Container(Row:0-ct1ffg5rdguqzjm-Incubated-IVTT-Storage-Plate),aq1ffxd72yszk2f,,,,,30:microliter,45,,
46,,,,,,,,,,ct1ffua5u4wnr98,Row:0-ct1ffg5rdguqzjm-Incubated-IVTT-Storage-Plate,Container(Row:0-ct1ffg5rdguqzjm-Incubated-IVTT-Storage-Plate),aq1ffxd72yu5s6c,,,,,30:microliter,46,,
47,,,,,,,,,,ct1ffua5u4wnr98,Row:0-ct1ffg5rdguqzjm-Incubated-IVTT-Storage-Plate,Container(Row:0-ct1ffg5rdguqzjm-Incubated-IVTT-Storage-Plate),aq1ffxd72yu5s6e,,,,,30:microliter,47,,
48,Protein,rs1f47z2uft2kyv,20:microliter,Protein,rs1f47z3qb2zdga,40:microliter,,,,ct1ffua5u4wnr98,Row:0-ct1ffg5rdguqzjm-Incubated-IVTT-Storage-Plate,Container(Row:0-ct1ffg5rdguqzjm-Incubated-IVTT-Storage-Plate),aq1ffxd8ubjbwaf,,,,,30:microliter,48,47.5:celsius,ct1fdrbvet5khpa:0
49,Protein,rs1f47z2uft2kyv,20:microliter,Protein,rs1f47z3qb2zdga,40:microliter,,,,ct1ffua5u4wnr98,Row:0-ct1ffg5rdguqzjm-Incubated-IVTT-Storage-Plate,Container(Row:0-ct1ffg5rdguqzjm-Incubated-IVTT-Storage-Plate),aq1ffxd8ubjbwah,,,,,30:microliter,49,47.5:celsius,ct1fdrbvet5khpa:1
50,Protein,rs1f47z2uft2kyv,20:microliter,Protein,rs1f47z3qb2zdga,40:microliter,,,,ct1ffua5u4wnr98,Row:0-ct1ffg5rdguqzjm-Incubated-IVTT-Storage-Plate,Container(Row:0-ct1ffg5rdguqzjm-Incubated-IVTT-Storage-Plate),aq1ffxd8ubkg4eg,,,,,30:microliter,50,47.5:celsius,ct1fdrbvet5khpa:2
51,Protein,rs1f47z2uft2kyv,20:microliter,Protein,rs1f47z3qb2zdga,40:microliter,,,,ct1ffua5u4wnr98,Row:0-ct1ffg5rdguqzjm-Incubated-IVTT-Storage-Plate,Container(Row:0-ct1ffg5rdguqzjm-Incubated-IVTT-Storage-Plate),aq1ffxd8ubkg4ej,,,,,30:microliter,51,47.5:celsius,ct1fdrbvet5khpa:3
52,,,,,,,,,,ct1ffua5u4wnr98,Row:0-ct1ffg5rdguqzjm-Incubated-IVTT-Storage-Plate,Container(Row:0-ct1ffg5rdguqzjm-Incubated-IVTT-Storage-Plate),aq1ffxd8ubkg4em,,,,,30:microliter,52,,
53,,,,,,,,,,ct1ffua5u4wnr98,Row:0-ct1ffg5rdguqzjm-Incubated-IVTT-Storage-Plate,Container(Row:0-ct1ffg5rdguqzjm-Incubated-IVTT-Storage-Plate),aq1ffxd8ubmmajh,,,,,30:microliter,53,,
54,,,,,,,,,,ct1ffua5u4wnr98,Row:0-ct1ffg5rdguqzjm-Incubated-IVTT-Storage-Plate,Container(Row:0-ct1ffg5rdguqzjm-Incubated-IVTT-Storage-Plate),aq1ffxd8ubmmajk,,,,,30:microliter,54,,
55,,,,,,,,,,ct1ffua5u4wnr98,Row:0-ct1ffg5rdguqzjm-Incubated-IVTT-Storage-Plate,Container(Row:0-ct1ffg5rdguqzjm-Incubated-IVTT-Storage-Plate),aq1ffxd8ubmmajn,,,,,30:microliter,55,,
56,,,,,,,,,,ct1ffua5u4wnr98,Row:0-ct1ffg5rdguqzjm-Incubated-IVTT-Storage-Plate,Container(Row:0-ct1ffg5rdguqzjm-Incubated-IVTT-Storage-Plate),aq1ffxd8ubnrgpj,,,,,30:microliter,56,,
57,,,,,,,,,,ct1ffua5u4wnr98,Row:0-ct1ffg5rdguqzjm-Incubated-IVTT-Storage-Plate,Container(Row:0-ct1ffg5rdguqzjm-Incubated-IVTT-Storage-Plate),aq1ffxd8ubnrgpm,,,,,30:microliter,57,,
58,,,,,,,,,,ct1ffua5u4wnr98,Row:0-ct1ffg5rdguqzjm-Incubated-IVTT-Storage-Plate,Container(Row:0-ct1ffg5rdguqzjm-Incubated-IVTT-Storage-Plate),aq1ffxd8ubnrgpp,,,,,30:microliter,58,,
59,,,,,,,,,,ct1ffua5u4wnr98,Row:0-ct1ffg5rdguqzjm-Incubated-IVTT-Storage-Plate,Container(Row:0-ct1ffg5rdguqzjm-Incubated-IVTT-Storage-Plate),aq1ffxd8ubpvptm,,,,,30:microliter,59,,
60,Protein,rs1f47z2uft2kyv,20:microliter,Protein,rs1f47z3qb2zdga,40:microliter,,,,ct1ffua5u4wnr98,Row:0-ct1ffg5rdguqzjm-Incubated-IVTT-Storage-Plate,Container(Row:0-ct1ffg5rdguqzjm-Incubated-IVTT-Storage-Plate),aq1ffxdamrpg3zp,,,,,30:microliter,60,37:celsius,ct1fdrbvet5khpa:0
61,Protein,rs1f47z2uft2kyv,20:microliter,Protein,rs1f47z3qb2zdga,40:microliter,,,,ct1ffua5u4wnr98,Row:0-ct1ffg5rdguqzjm-Incubated-IVTT-Storage-Plate,Container(Row:0-ct1ffg5rdguqzjm-Incubated-IVTT-Storage-Plate),aq1ffxdamrpg3zr,,,,,30:microliter,61,37:celsius,ct1fdrbvet5khpa:1
62,Protein,rs1f47z2uft2kyv,20:microliter,Protein,rs1f47z3qb2zdga,40:microliter,,,,ct1ffua5u4wnr98,Row:0-ct1ffg5rdguqzjm-Incubated-IVTT-Storage-Plate,Container(Row:0-ct1ffg5rdguqzjm-Incubated-IVTT-Storage-Plate),aq1ffxdamrqma5q,,,,,30:microliter,62,37:celsius,ct1fdrbvet5khpa:2
63,Protein,rs1f47z2uft2kyv,20:microliter,Protein,rs1f47z3qb2zdga,40:microliter,,,,ct1ffua5u4wnr98,Row:0-ct1ffg5rdguqzjm-Incubated-IVTT-Storage-Plate,Container(Row:0-ct1ffg5rdguqzjm-Incubated-IVTT-Storage-Plate),aq1ffxdamrqma5s,,,,,30:microliter,63,37:celsius,ct1fdrbvet5khpa:3
64,,,,,,,,,,ct1ffua5u4wnr98,Row:0-ct1ffg5rdguqzjm-Incubated-IVTT-Storage-Plate,Container(Row:0-ct1ffg5rdguqzjm-Incubated-IVTT-Storage-Plate),aq1ffxdamrqma5u,,,,,30:microliter,64,,
65,,,,,,,,,,ct1ffua5u4wnr98,Row:0-ct1ffg5rdguqzjm-Incubated-IVTT-Storage-Plate,Container(Row:0-ct1ffg5rdguqzjm-Incubated-IVTT-Storage-Plate),aq1ffxdamrrrg9r,,,,,30:microliter,65,,
66,,,,,,,,,,ct1ffua5u4wnr98,Row:0-ct1ffg5rdguqzjm-Incubated-IVTT-Storage-Plate,Container(Row:0-ct1ffg5rdguqzjm-Incubated-IVTT-Storage-Plate),aq1ffxdamrrrg9t,,,,,30:microliter,66,,
67,,,,,,,,,,ct1ffua5u4wnr98,Row:0-ct1ffg5rdguqzjm-Incubated-IVTT-Storage-Plate,Container(Row:0-ct1ffg5rdguqzjm-Incubated-IVTT-Storage-Plate),aq1ffxdamrrrg9v,,,,,30:microliter,67,,
68,,,,,,,,,,ct1ffua5u4wnr98,Row:0-ct1ffg5rdguqzjm-Incubated-IVTT-Storage-Plate,Container(Row:0-ct1ffg5rdguqzjm-Incubated-IVTT-Storage-Plate),aq1ffxdamrsvpdt,,,,,30:microliter,68,,
69,,,,,,,,,,ct1ffua5u4wnr98,Row:0-ct1ffg5rdguqzjm-Incubated-IVTT-Storage-Plate,Container(Row:0-ct1ffg5rdguqzjm-Incubated-IVTT-Storage-Plate),aq1ffxdamrsvpdv,,,,,30:microliter,69,,
70,,,,,,,,,,ct1ffua5u4wnr98,Row:0-ct1ffg5rdguqzjm-Incubated-IVTT-Storage-Plate,Container(Row:0-ct1ffg5rdguqzjm-Incubated-IVTT-Storage-Plate),aq1ffxdamrsvpdx,,,,,30:microliter,70,,
71,,,,,,,,,,ct1ffua5u4wnr98,Row:0-ct1ffg5rdguqzjm-Incubated-IVTT-Storage-Plate,Container(Row:0-ct1ffg5rdguqzjm-Incubated-IVTT-Storage-Plate),aq1ffxdamrtzvhu,,,,,30:microliter,71,,
72,Protein,rs1f47z2uft2kyv,20:microliter,Protein,rs1f47z3qb2zdga,40:microliter,,,,ct1ffua5u4wnr98,Row:0-ct1ffg5rdguqzjm-Incubated-IVTT-Storage-Plate,Container(Row:0-ct1ffg5rdguqzjm-Incubated-IVTT-Storage-Plate),aq1ffxdceas8msd,,,,,30:microliter,72,32.5:celsius,ct1fdrbvet5khpa:0
73,Protein,rs1f47z2uft2kyv,20:microliter,Protein,rs1f47z3qb2zdga,40:microliter,,,,ct1ffua5u4wnr98,Row:0-ct1ffg5rdguqzjm-Incubated-IVTT-Storage-Plate,Container(Row:0-ct1ffg5rdguqzjm-Incubated-IVTT-Storage-Plate),aq1ffxdceatctwe,,,,,30:microliter,73,32.5:celsius,ct1fdrbvet5khpa:1
74,Protein,rs1f47z2uft2kyv,20:microliter,Protein,rs1f47z3qb2zdga,40:microliter,,,,ct1ffua5u4wnr98,Row:0-ct1ffg5rdguqzjm-Incubated-IVTT-Storage-Plate,Container(Row:0-ct1ffg5rdguqzjm-Incubated-IVTT-Storage-Plate),aq1ffxdceatctwg,,,,,30:microliter,74,32.5:celsius,ct1fdrbvet5khpa:2
75,Protein,rs1f47z2uft2kyv,20:microliter,Protein,rs1f47z3qb2zdga,40:microliter,,,,ct1ffua5u4wnr98,Row:0-ct1ffg5rdguqzjm-Incubated-IVTT-Storage-Plate,Container(Row:0-ct1ffg5rdguqzjm-Incubated-IVTT-Storage-Plate),aq1ffxdceatctwj,,,,,30:microliter,75,32.5:celsius,ct1fdrbvet5khpa:3
76,,,,,,,,,,ct1ffua5u4wnr98,Row:0-ct1ffg5rdguqzjm-Incubated-IVTT-Storage-Plate,Container(Row:0-ct1ffg5rdguqzjm-Incubated-IVTT-Storage-Plate),aq1ffxdceauh22f,,,,,30:microliter,76,,
77,,,,,,,,,,ct1ffua5u4wnr98,Row:0-ct1ffg5rdguqzjm-Incubated-IVTT-Storage-Plate,Container(Row:0-ct1ffg5rdguqzjm-Incubated-IVTT-Storage-Plate),aq1ffxdceauh22h,,,,,30:microliter,77,,
78,,,,,,,,,,ct1ffua5u4wnr98,Row:0-ct1ffg5rdguqzjm-Incubated-IVTT-Storage-Plate,Container(Row:0-ct1ffg5rdguqzjm-Incubated-IVTT-Storage-Plate),aq1ffxdceauh22k,,,,,30:microliter,78,,
79,,,,,,,,,,ct1ffua5u4wnr98,Row:0-ct1ffg5rdguqzjm-Incubated-IVTT-Storage-Plate,Container(Row:0-ct1ffg5rdguqzjm-Incubated-IVTT-Storage-Plate),aq1ffxdceavn86h,,,,,30:microliter,79,,
80,,,,,,,,,,ct1ffua5u4wnr98,Row:0-ct1ffg5rdguqzjm-Incubated-IVTT-Storage-Plate,Container(Row:0-ct1ffg5rdguqzjm-Incubated-IVTT-Storage-Plate),aq1ffxdceavn86k,,,,,30:microliter,80,,
81,,,,,,,,,,ct1ffua5u4wnr98,Row:0-ct1ffg5rdguqzjm-Incubated-IVTT-Storage-Plate,Container(Row:0-ct1ffg5rdguqzjm-Incubated-IVTT-Storage-Plate),aq1ffxdceawseah,,,,,30:microliter,81,,
82,,,,,,,,,,ct1ffua5u4wnr98,Row:0-ct1ffg5rdguqzjm-Incubated-IVTT-Storage-Plate,Container(Row:0-ct1ffg5rdguqzjm-Incubated-IVTT-Storage-Plate),aq1ffxdceawseak,,,,,30:microliter,82,,
83,,,,,,,,,,ct1ffua5u4wnr98,Row:0-ct1ffg5rdguqzjm-Incubated-IVTT-Storage-Plate,Container(Row:0-ct1ffg5rdguqzjm-Incubated-IVTT-Storage-Plate),aq1ffxdceawsean,,,,,30:microliter,83,,
84,Protein,rs1f47z2uft2kyv,20:microliter,Protein,rs1f47z3qb2zdga,40:microliter,LigandMix,rs1fbyyzjd6ptbz,90:microliter,ct1ffua5u4key3x,Row:0-ct1ffg5rdguqzjm-ProteinActivity-Plate,Container(Row:0-ct1ffg5rdguqzjm-ProteinActivity-Plate),aq1ffxbdtayu25f,ProteinActivityReaction,,,,100:microliter,0,75:celsius,ct1fdrbvet5khpa:0
85,Protein,rs1f47z2uft2kyv,20:microliter,Protein,rs1f47z3qb2zdga,40:microliter,LigandMix,rs1fbyyzjd6ptbz,90:microliter,ct1ffua5u4key3x,Row:0-ct1ffg5rdguqzjm-ProteinActivity-Plate,Container(Row:0-ct1ffg5rdguqzjm-ProteinActivity-Plate),aq1ffxbdtb6gzsq,ProteinActivityReaction,,,,100:microliter,1,75:celsius,ct1fdrbvet5khpa:1
86,Protein,rs1f47z2uft2kyv,20:microliter,Protein,rs1f47z3qb2zdga,40:microliter,LigandMix,rs1fbyyzjd6ptbz,90:microliter,ct1ffua5u4key3x,Row:0-ct1ffg5rdguqzjm-ProteinActivity-Plate,Container(Row:0-ct1ffg5rdguqzjm-ProteinActivity-Plate),aq1ffxbzt77er2j,ProteinActivityReaction,,,,100:microliter,2,75:celsius,ct1fdrbvet5khpa:2
87,Protein,rs1f47z2uft2kyv,20:microliter,Protein,rs1f47z3qb2zdga,40:microliter,LigandMix,rs1fbyyzjd6ptbz,90:microliter,ct1ffua5u4key3x,Row:0-ct1ffg5rdguqzjm-ProteinActivity-Plate,Container(Row:0-ct1ffg5rdguqzjm-ProteinActivity-Plate),aq1ffxbzt7d4qpp,ProteinActivityReaction,,,,100:microliter,3,75:celsius,ct1fdrbvet5khpa:3
88,,,,,,,LigandMix,rs1fbyyzjd6ptbz,90:microliter,ct1ffua5u4key3x,Row:0-ct1ffg5rdguqzjm-ProteinActivity-Plate,Container(Row:0-ct1ffg5rdguqzjm-ProteinActivity-Plate),aq1ffxe22dcz9zb,ProteinActivityReaction,,,,10:microliter,4,,
89,,,,,,,LigandMix,rs1fbyyzjd6ptbz,90:microliter,ct1ffua5u4key3x,Row:0-ct1ffg5rdguqzjm-ProteinActivity-Plate,Container(Row:0-ct1ffg5rdguqzjm-ProteinActivity-Plate),aq1ffxe22de5g59,ProteinActivityReaction,,,,10:microliter,5,,
90,,,,,,,LigandMix,rs1fbyyzjd6ptbz,90:microliter,ct1ffua5u4key3x,Row:0-ct1ffg5rdguqzjm-ProteinActivity-Plate,Container(Row:0-ct1ffg5rdguqzjm-ProteinActivity-Plate),aq1ffxe22de5g5b,ProteinActivityReaction,,,,10:microliter,6,,
91,,,,,,,LigandMix,rs1fbyyzjd6ptbz,90:microliter,ct1ffua5u4key3x,Row:0-ct1ffg5rdguqzjm-ProteinActivity-Plate,Container(Row:0-ct1ffg5rdguqzjm-ProteinActivity-Plate),aq1ffxe22de5g5d,ProteinActivityReaction,,,,10:microliter,7,,
92,,,,,,,LigandMix,rs1fbyyzjd6ptbz,90:microliter,ct1ffua5u4key3x,Row:0-ct1ffg5rdguqzjm-ProteinActivity-Plate,Container(Row:0-ct1ffg5rdguqzjm-ProteinActivity-Plate),aq1ffxe22df9p9b,ProteinActivityReaction,,,,10:microliter,8,,
93,,,,,,,LigandMix,rs1fbyyzjd6ptbz,90:microliter,ct1ffua5u4key3x,Row:0-ct1ffg5rdguqzjm-ProteinActivity-Plate,Container(Row:0-ct1ffg5rdguqzjm-ProteinActivity-Plate),aq1ffxe22df9p9d,ProteinActivityReaction,,,,10:microliter,9,,
94,,,,,,,LigandMix,rs1fbyyzjd6ptbz,90:microliter,ct1ffua5u4key3x,Row:0-ct1ffg5rdguqzjm-ProteinActivity-Plate,Container(Row:0-ct1ffg5rdguqzjm-ProteinActivity-Plate),aq1ffxe22dgdvdb,ProteinActivityReaction,,,,10:microliter,10,,
95,,,,,,,LigandMix,rs1fbyyzjd6ptbz,90:microliter,ct1ffua5u4key3x,Row:0-ct1ffg5rdguqzjm-ProteinActivity-Plate,Container(Row:0-ct1ffg5rdguqzjm-ProteinActivity-Plate),aq1ffxe22dgdvdd,ProteinActivityReaction,,,,10:microliter,11,,
96,Protein,rs1f47z2uft2kyv,20:microliter,Protein,rs1f47z3qb2zdga,40:microliter,LigandMix,rs1fbyyzjd6ptbz,90:microliter,ct1ffua5u4key3x,Row:0-ct1ffg5rdguqzjm-ProteinActivity-Plate,Container(Row:0-ct1ffg5rdguqzjm-ProteinActivity-Plate),aq1ffxbdtazy89j,ProteinActivityReaction,,,,100:microliter,12,71.6:celsius,ct1fdrbvet5khpa:0
97,Protein,rs1f47z2uft2kyv,20:microliter,Protein,rs1f47z3qb2zdga,40:microliter,LigandMix,rs1fbyyzjd6ptbz,90:microliter,ct1ffua5u4key3x,Row:0-ct1ffg5rdguqzjm-ProteinActivity-Plate,Container(Row:0-ct1ffg5rdguqzjm-ProteinActivity-Plate),aq1ffxbdtb7n7wp,ProteinActivityReaction,,,,100:microliter,13,71.6:celsius,ct1fdrbvet5khpa:1
98,Protein,rs1f47z2uft2kyv,20:microliter,Protein,rs1f47z3qb2zdga,40:microliter,LigandMix,rs1fbyyzjd6ptbz,90:microliter,ct1ffua5u4key3x,Row:0-ct1ffg5rdguqzjm-ProteinActivity-Plate,Container(Row:0-ct1ffg5rdguqzjm-ProteinActivity-Plate),aq1ffxbzt77er2n,ProteinActivityReaction,,,,100:microliter,14,71.6:celsius,ct1fdrbvet5khpa:2
99,Protein,rs1f47z2uft2kyv,20:microliter,Protein,rs1f47z3qb2zdga,40:microliter,LigandMix,rs1fbyyzjd6ptbz,90:microliter,ct1ffua5u4key3x,Row:0-ct1ffg5rdguqzjm-ProteinActivity-Plate,Container(Row:0-ct1ffg5rdguqzjm-ProteinActivity-Plate),aq1ffxbzt7d4qps,ProteinActivityReaction,,,,100:microliter,15,71.6:celsius,ct1fdrbvet5khpa:3
100,,,,,,,LigandMix,rs1fbyyzjd6ptbz,90:microliter,ct1ffua5u4key3x,Row:0-ct1ffg5rdguqzjm-ProteinActivity-Plate,Container(Row:0-ct1ffg5rdguqzjm-ProteinActivity-Plate),aq1ffxe3sqmvjdp,ProteinActivityReaction,,,,10:microliter,16,,
101,,,,,,,LigandMix,rs1fbyyzjd6ptbz,90:microliter,ct1ffua5u4key3x,Row:0-ct1ffg5rdguqzjm-ProteinActivity-Plate,Container(Row:0-ct1ffg5rdguqzjm-ProteinActivity-Plate),aq1ffxe3sqmvjdr,ProteinActivityReaction,,,,10:microliter,17,,
102,,,,,,,LigandMix,rs1fbyyzjd6ptbz,90:microliter,ct1ffua5u4key3x,Row:0-ct1ffg5rdguqzjm-ProteinActivity-Plate,Container(Row:0-ct1ffg5rdguqzjm-ProteinActivity-Plate),aq1ffxe3sqnzrhp,ProteinActivityReaction,,,,10:microliter,18,,
103,,,,,,,LigandMix,rs1fbyyzjd6ptbz,90:microliter,ct1ffua5u4key3x,Row:0-ct1ffg5rdguqzjm-ProteinActivity-Plate,Container(Row:0-ct1ffg5rdguqzjm-ProteinActivity-Plate),aq1ffxe3sqnzrhr,ProteinActivityReaction,,,,10:microliter,19,,
104,,,,,,,LigandMix,rs1fbyyzjd6ptbz,90:microliter,ct1ffua5u4key3x,Row:0-ct1ffg5rdguqzjm-ProteinActivity-Plate,Container(Row:0-ct1ffg5rdguqzjm-ProteinActivity-Plate),aq1ffxe3sqq5xnp,ProteinActivityReaction,,,,10:microliter,20,,
105,,,,,,,LigandMix,rs1fbyyzjd6ptbz,90:microliter,ct1ffua5u4key3x,Row:0-ct1ffg5rdguqzjm-ProteinActivity-Plate,Container(Row:0-ct1ffg5rdguqzjm-ProteinActivity-Plate),aq1ffxe3sqq5xnr,ProteinActivityReaction,,,,10:microliter,21,,
106,,,,,,,LigandMix,rs1fbyyzjd6ptbz,90:microliter,ct1ffua5u4key3x,Row:0-ct1ffg5rdguqzjm-ProteinActivity-Plate,Container(Row:0-ct1ffg5rdguqzjm-ProteinActivity-Plate),aq1ffxe3sqq5xnt,ProteinActivityReaction,,,,10:microliter,22,,
107,,,,,,,LigandMix,rs1fbyyzjd6ptbz,90:microliter,ct1ffua5u4key3x,Row:0-ct1ffg5rdguqzjm-ProteinActivity-Plate,Container(Row:0-ct1ffg5rdguqzjm-ProteinActivity-Plate),aq1ffxe3sqra5sr,ProteinActivityReaction,,,,10:microliter,23,,
108,Protein,rs1f47z2uft2kyv,20:microliter,Protein,rs1f47z3qb2zdga,40:microliter,LigandMix,rs1fbyyzjd6ptbz,90:microliter,ct1ffua5u4key3x,Row:0-ct1ffg5rdguqzjm-ProteinActivity-Plate,Container(Row:0-ct1ffg5rdguqzjm-ProteinActivity-Plate),aq1ffxbdtb34edh,ProteinActivityReaction,,,,100:microliter,24,62.8:celsius,ct1fdrbvet5khpa:0
109,Protein,rs1f47z2uft2kyv,20:microliter,Protein,rs1f47z3qb2zdga,40:microliter,LigandMix,rs1fbyyzjd6ptbz,90:microliter,ct1ffua5u4key3x,Row:0-ct1ffg5rdguqzjm-ProteinActivity-Plate,Container(Row:0-ct1ffg5rdguqzjm-ProteinActivity-Plate),aq1ffxbdtb7n7ws,ProteinActivityReaction,,,,100:microliter,25,62.8:celsius,ct1fdrbvet5khpa:1
110,Protein,rs1f47z2uft2kyv,20:microliter,Protein,rs1f47z3qb2zdga,40:microliter,LigandMix,rs1fbyyzjd6ptbz,90:microliter,ct1ffua5u4key3x,Row:0-ct1ffg5rdguqzjm-ProteinActivity-Plate,Container(Row:0-ct1ffg5rdguqzjm-ProteinActivity-Plate),aq1ffxbzt78jx6m,ProteinActivityReaction,,,,100:microliter,26,62.8:celsius,ct1fdrbvet5khpa:2
111,Protein,rs1f47z2uft2kyv,20:microliter,Protein,rs1f47z3qb2zdga,40:microliter,LigandMix,rs1fbyyzjd6ptbz,90:microliter,ct1ffua5u4key3x,Row:0-ct1ffg5rdguqzjm-ProteinActivity-Plate,Container(Row:0-ct1ffg5rdguqzjm-ProteinActivity-Plate),aq1ffxbzt7e8wts,ProteinActivityReaction,,,,100:microliter,27,62.8:celsius,ct1fdrbvet5khpa:3
112,,,,,,,LigandMix,rs1fbyyzjd6ptbz,90:microliter,ct1ffua5u4key3x,Row:0-ct1ffg5rdguqzjm-ProteinActivity-Plate,Container(Row:0-ct1ffg5rdguqzjm-ProteinActivity-Plate),aq1ffxe5j7m8bka,ProteinActivityReaction,,,,10:microliter,28,,
113,,,,,,,LigandMix,rs1fbyyzjd6ptbz,90:microliter,ct1ffua5u4key3x,Row:0-ct1ffg5rdguqzjm-ProteinActivity-Plate,Container(Row:0-ct1ffg5rdguqzjm-ProteinActivity-Plate),aq1ffxe5j7nchq8,ProteinActivityReaction,,,,10:microliter,29,,
114,,,,,,,LigandMix,rs1fbyyzjd6ptbz,90:microliter,ct1ffua5u4key3x,Row:0-ct1ffg5rdguqzjm-ProteinActivity-Plate,Container(Row:0-ct1ffg5rdguqzjm-ProteinActivity-Plate),aq1ffxe5j7nchqa,ProteinActivityReaction,,,,10:microliter,30,,
115,,,,,,,LigandMix,rs1fbyyzjd6ptbz,90:microliter,ct1ffua5u4key3x,Row:0-ct1ffg5rdguqzjm-ProteinActivity-Plate,Container(Row:0-ct1ffg5rdguqzjm-ProteinActivity-Plate),aq1ffxe5j7pgqu8,ProteinActivityReaction,,,,10:microliter,31,,
116,,,,,,,,,,ct1ffua5u4key3x,Row:0-ct1ffg5rdguqzjm-ProteinActivity-Plate,Container(Row:0-ct1ffg5rdguqzjm-ProteinActivity-Plate),aq1ffxe5j7pgqua,,,,,10:microliter,32,,
117,,,,,,,,,,ct1ffua5u4key3x,Row:0-ct1ffg5rdguqzjm-ProteinActivity-Plate,Container(Row:0-ct1ffg5rdguqzjm-ProteinActivity-Plate),aq1ffxe5j7pgquc,,,,,10:microliter,33,,
118,,,,,,,,,,ct1ffua5u4key3x,Row:0-ct1ffg5rdguqzjm-ProteinActivity-Plate,Container(Row:0-ct1ffg5rdguqzjm-ProteinActivity-Plate),aq1ffxe5j7qmwya,,,,,10:microliter,34,,
119,,,,,,,,,,ct1ffua5u4key3x,Row:0-ct1ffg5rdguqzjm-ProteinActivity-Plate,Container(Row:0-ct1ffg5rdguqzjm-ProteinActivity-Plate),aq1ffxe5j7qmwyc,,,,,10:microliter,35,,
120,Protein,rs1f47z2uft2kyv,20:microliter,Protein,rs1f47z3qb2zdga,40:microliter,,,,ct1ffua5u4key3x,Row:0-ct1ffg5rdguqzjm-ProteinActivity-Plate,Container(Row:0-ct1ffg5rdguqzjm-ProteinActivity-Plate),aq1ffxbdtb34edm,,,,,100:microliter,36,55:celsius,ct1fdrbvet5khpa:0
121,Protein,rs1f47z2uft2kyv,20:microliter,Protein,rs1f47z3qb2zdga,40:microliter,,,,ct1ffua5u4key3x,Row:0-ct1ffg5rdguqzjm-ProteinActivity-Plate,Container(Row:0-ct1ffg5rdguqzjm-ProteinActivity-Plate),aq1ffxbdtb8se2r,,,,,100:microliter,37,55:celsius,ct1fdrbvet5khpa:1
122,Protein,rs1f47z2uft2kyv,20:microliter,Protein,rs1f47z3qb2zdga,40:microliter,,,,ct1ffua5u4key3x,Row:0-ct1ffg5rdguqzjm-ProteinActivity-Plate,Container(Row:0-ct1ffg5rdguqzjm-ProteinActivity-Plate),aq1ffxbzt79q5ak,,,,,100:microliter,38,55:celsius,ct1fdrbvet5khpa:2
123,Protein,rs1f47z2uft2kyv,20:microliter,Protein,rs1f47z3qb2zdga,40:microliter,,,,ct1ffua5u4key3x,Row:0-ct1ffg5rdguqzjm-ProteinActivity-Plate,Container(Row:0-ct1ffg5rdguqzjm-ProteinActivity-Plate),aq1ffxbzt7fd4xr,,,,,100:microliter,39,55:celsius,ct1fdrbvet5khpa:3
124,,,,,,,,,,ct1ffua5u4key3x,Row:0-ct1ffg5rdguqzjm-ProteinActivity-Plate,Container(Row:0-ct1ffg5rdguqzjm-ProteinActivity-Plate),aq1ffxctazvt9b3,,,,,10:microliter,40,,
125,,,,,,,,,,ct1ffua5u4key3x,Row:0-ct1ffg5rdguqzjm-ProteinActivity-Plate,Container(Row:0-ct1ffg5rdguqzjm-ProteinActivity-Plate),aq1ffxctazvt9b5,,,,,10:microliter,41,,
126,,,,,,,,,,ct1ffua5u4key3x,Row:0-ct1ffg5rdguqzjm-ProteinActivity-Plate,Container(Row:0-ct1ffg5rdguqzjm-ProteinActivity-Plate),aq1ffxctazwxff3,,,,,10:microliter,42,,
127,,,,,,,,,,ct1ffua5u4key3x,Row:0-ct1ffg5rdguqzjm-ProteinActivity-Plate,Container(Row:0-ct1ffg5rdguqzjm-ProteinActivity-Plate),aq1ffxctazwxff5,,,,,10:microliter,43,,
128,,,,,,,,,,ct1ffua5u4key3x,Row:0-ct1ffg5rdguqzjm-ProteinActivity-Plate,Container(Row:0-ct1ffg5rdguqzjm-ProteinActivity-Plate),aq1ffxctazwxff7,,,,,10:microliter,44,,
129,,,,,,,,,,ct1ffua5u4key3x,Row:0-ct1ffg5rdguqzjm-ProteinActivity-Plate,Container(Row:0-ct1ffg5rdguqzjm-ProteinActivity-Plate),aq1ffxctazy3nk4,,,,,10:microliter,45,,
130,,,,,,,,,,ct1ffua5u4key3x,Row:0-ct1ffg5rdguqzjm-ProteinActivity-Plate,Container(Row:0-ct1ffg5rdguqzjm-ProteinActivity-Plate),aq1ffxctazy3nk6,,,,,10:microliter,46,,
131,,,,,,,,,,ct1ffua5u4key3x,Row:0-ct1ffg5rdguqzjm-ProteinActivity-Plate,Container(Row:0-ct1ffg5rdguqzjm-ProteinActivity-Plate),aq1ffxctazy3nk8,,,,,10:microliter,47,,
132,Protein,rs1f47z2uft2kyv,20:microliter,Protein,rs1f47z3qb2zdga,40:microliter,,,,ct1ffua5u4key3x,Row:0-ct1ffg5rdguqzjm-ProteinActivity-Plate,Container(Row:0-ct1ffg5rdguqzjm-ProteinActivity-Plate),aq1ffxbdtb48mhk,,,,,100:microliter,48,47.5:celsius,ct1fdrbvet5khpa:0
133,Protein,rs1f47z2uft2kyv,20:microliter,Protein,rs1f47z3qb2zdga,40:microliter,,,,ct1ffua5u4key3x,Row:0-ct1ffg5rdguqzjm-ProteinActivity-Plate,Container(Row:0-ct1ffg5rdguqzjm-ProteinActivity-Plate),aq1ffxbdtb9wm6q,,,,,100:microliter,49,47.5:celsius,ct1fdrbvet5khpa:1
134,Protein,rs1f47z2uft2kyv,20:microliter,Protein,rs1f47z3qb2zdga,40:microliter,,,,ct1ffua5u4key3x,Row:0-ct1ffg5rdguqzjm-ProteinActivity-Plate,Container(Row:0-ct1ffg5rdguqzjm-ProteinActivity-Plate),aq1ffxbzt79q5ap,,,,,100:microliter,50,47.5:celsius,ct1fdrbvet5khpa:2
135,Protein,rs1f47z2uft2kyv,20:microliter,Protein,rs1f47z3qb2zdga,40:microliter,,,,ct1ffua5u4key3x,Row:0-ct1ffg5rdguqzjm-ProteinActivity-Plate,Container(Row:0-ct1ffg5rdguqzjm-ProteinActivity-Plate),aq1ffxbzt7fd4xu,,,,,100:microliter,51,47.5:celsius,ct1fdrbvet5khpa:3
136,,,,,,,,,,ct1ffua5u4key3x,Row:0-ct1ffg5rdguqzjm-ProteinActivity-Plate,Container(Row:0-ct1ffg5rdguqzjm-ProteinActivity-Plate),aq1ffxcv3nr6bsw,,,,,10:microliter,52,,
137,,,,,,,,,,ct1ffua5u4key3x,Row:0-ct1ffg5rdguqzjm-ProteinActivity-Plate,Container(Row:0-ct1ffg5rdguqzjm-ProteinActivity-Plate),aq1ffxcv3nr6bsy,,,,,10:microliter,53,,
138,,,,,,,,,,ct1ffua5u4key3x,Row:0-ct1ffg5rdguqzjm-ProteinActivity-Plate,Container(Row:0-ct1ffg5rdguqzjm-ProteinActivity-Plate),aq1ffxcv3nsahww,,,,,10:microliter,54,,
139,,,,,,,,,,ct1ffua5u4key3x,Row:0-ct1ffg5rdguqzjm-ProteinActivity-Plate,Container(Row:0-ct1ffg5rdguqzjm-ProteinActivity-Plate),aq1ffxcv3nsahwy,,,,,10:microliter,55,,
140,,,,,,,,,,ct1ffua5u4key3x,Row:0-ct1ffg5rdguqzjm-ProteinActivity-Plate,Container(Row:0-ct1ffg5rdguqzjm-ProteinActivity-Plate),aq1ffxcv3nsahx2,,,,,10:microliter,56,,
141,,,,,,,,,,ct1ffua5u4key3x,Row:0-ct1ffg5rdguqzjm-ProteinActivity-Plate,Container(Row:0-ct1ffg5rdguqzjm-ProteinActivity-Plate),aq1ffxcv3nter2y,,,,,10:microliter,57,,
142,,,,,,,,,,ct1ffua5u4key3x,Row:0-ct1ffg5rdguqzjm-ProteinActivity-Plate,Container(Row:0-ct1ffg5rdguqzjm-ProteinActivity-Plate),aq1ffxcv3nter32,,,,,10:microliter,58,,
143,,,,,,,,,,ct1ffua5u4key3x,Row:0-ct1ffg5rdguqzjm-ProteinActivity-Plate,Container(Row:0-ct1ffg5rdguqzjm-ProteinActivity-Plate),aq1ffxcv3nujx6y,,,,,10:microliter,59,,
144,Protein,rs1f47z2uft2kyv,20:microliter,Protein,rs1f47z3qb2zdga,40:microliter,,,,ct1ffua5u4key3x,Row:0-ct1ffg5rdguqzjm-ProteinActivity-Plate,Container(Row:0-ct1ffg5rdguqzjm-ProteinActivity-Plate),aq1ffxbdtb48mhp,,,,,100:microliter,60,37:celsius,ct1fdrbvet5khpa:0
145,Protein,rs1f47z2uft2kyv,20:microliter,Protein,rs1f47z3qb2zdga,40:microliter,,,,ct1ffua5u4key3x,Row:0-ct1ffg5rdguqzjm-ProteinActivity-Plate,Container(Row:0-ct1ffg5rdguqzjm-ProteinActivity-Plate),aq1ffxbdtb9wm6t,,,,,100:microliter,61,37:celsius,ct1fdrbvet5khpa:1
146,Protein,rs1f47z2uft2kyv,20:microliter,Protein,rs1f47z3qb2zdga,40:microliter,,,,ct1ffua5u4key3x,Row:0-ct1ffg5rdguqzjm-ProteinActivity-Plate,Container(Row:0-ct1ffg5rdguqzjm-ProteinActivity-Plate),aq1ffxbzt7auben,,,,,100:microliter,62,37:celsius,ct1fdrbvet5khpa:2
147,Protein,rs1f47z2uft2kyv,20:microliter,Protein,rs1f47z3qb2zdga,40:microliter,,,,ct1ffua5u4key3x,Row:0-ct1ffg5rdguqzjm-ProteinActivity-Plate,Container(Row:0-ct1ffg5rdguqzjm-ProteinActivity-Plate),aq1ffxbzt7ghb3t,,,,,100:microliter,63,37:celsius,ct1fdrbvet5khpa:3
148,,,,,,,,,,ct1ffua5u4key3x,Row:0-ct1ffg5rdguqzjm-ProteinActivity-Plate,Container(Row:0-ct1ffg5rdguqzjm-ProteinActivity-Plate),aq1ffxcwubccjzf,,,,,10:microliter,64,,
149,,,,,,,,,,ct1ffua5u4key3x,Row:0-ct1ffg5rdguqzjm-ProteinActivity-Plate,Container(Row:0-ct1ffg5rdguqzjm-ProteinActivity-Plate),aq1ffxcwubccjzh,,,,,10:microliter,65,,
150,,,,,,,,,,ct1ffua5u4key3x,Row:0-ct1ffg5rdguqzjm-ProteinActivity-Plate,Container(Row:0-ct1ffg5rdguqzjm-ProteinActivity-Plate),aq1ffxcwubdgs5e,,,,,10:microliter,66,,
151,,,,,,,,,,ct1ffua5u4key3x,Row:0-ct1ffg5rdguqzjm-ProteinActivity-Plate,Container(Row:0-ct1ffg5rdguqzjm-ProteinActivity-Plate),aq1ffxcwubdgs5g,,,,,10:microliter,67,,
152,,,,,,,,,,ct1ffua5u4key3x,Row:0-ct1ffg5rdguqzjm-ProteinActivity-Plate,Container(Row:0-ct1ffg5rdguqzjm-ProteinActivity-Plate),aq1ffxcwubemy9f,,,,,10:microliter,68,,
153,,,,,,,,,,ct1ffua5u4key3x,Row:0-ct1ffg5rdguqzjm-ProteinActivity-Plate,Container(Row:0-ct1ffg5rdguqzjm-ProteinActivity-Plate),aq1ffxcwubemy9h,,,,,10:microliter,69,,
154,,,,,,,,,,ct1ffua5u4key3x,Row:0-ct1ffg5rdguqzjm-ProteinActivity-Plate,Container(Row:0-ct1ffg5rdguqzjm-ProteinActivity-Plate),aq1ffxcwubemy9k,,,,,10:microliter,70,,
155,,,,,,,,,,ct1ffua5u4key3x,Row:0-ct1ffg5rdguqzjm-ProteinActivity-Plate,Container(Row:0-ct1ffg5rdguqzjm-ProteinActivity-Plate),aq1ffxcwubfs6dg,,,,,10:microliter,71,,
156,Protein,rs1f47z2uft2kyv,20:microliter,Protein,rs1f47z3qb2zdga,40:microliter,,,,ct1ffua5u4key3x,Row:0-ct1ffg5rdguqzjm-ProteinActivity-Plate,Container(Row:0-ct1ffg5rdguqzjm-ProteinActivity-Plate),aq1ffxbdtb5ctnn,,,,,100:microliter,72,32.5:celsius,ct1fdrbvet5khpa:0
157,Protein,rs1f47z2uft2kyv,20:microliter,Protein,rs1f47z3qb2zdga,40:microliter,,,,ct1ffua5u4key3x,Row:0-ct1ffg5rdguqzjm-ProteinActivity-Plate,Container(Row:0-ct1ffg5rdguqzjm-ProteinActivity-Plate),aq1ffxbdtbb2tas,,,,,100:microliter,73,32.5:celsius,ct1fdrbvet5khpa:1
158,Protein,rs1f47z2uft2kyv,20:microliter,Protein,rs1f47z3qb2zdga,40:microliter,,,,ct1ffua5u4key3x,Row:0-ct1ffg5rdguqzjm-ProteinActivity-Plate,Container(Row:0-ct1ffg5rdguqzjm-ProteinActivity-Plate),aq1ffxbzt7byhjn,,,,,100:microliter,74,32.5:celsius,ct1fdrbvet5khpa:2
159,Protein,rs1f47z2uft2kyv,20:microliter,Protein,rs1f47z3qb2zdga,40:microliter,,,,ct1ffua5u4key3x,Row:0-ct1ffg5rdguqzjm-ProteinActivity-Plate,Container(Row:0-ct1ffg5rdguqzjm-ProteinActivity-Plate),aq1ffxc4ugs83qe,,,,,100:microliter,75,32.5:celsius,ct1fdrbvet5khpa:3
160,,,,,,,,,,ct1ffua5u4key3x,Row:0-ct1ffg5rdguqzjm-ProteinActivity-Plate,Container(Row:0-ct1ffg5rdguqzjm-ProteinActivity-Plate),aq1ffxcykzutjbq,,,,,10:microliter,76,,
161,,,,,,,,,,ct1ffua5u4key3x,Row:0-ct1ffg5rdguqzjm-ProteinActivity-Plate,Container(Row:0-ct1ffg5rdguqzjm-ProteinActivity-Plate),aq1ffxcykzutjbs,,,,,10:microliter,77,,
162,,,,,,,,,,ct1ffua5u4key3x,Row:0-ct1ffg5rdguqzjm-ProteinActivity-Plate,Container(Row:0-ct1ffg5rdguqzjm-ProteinActivity-Plate),aq1ffxcykzvxrfq,,,,,10:microliter,78,,
163,,,,,,,,,,ct1ffua5u4key3x,Row:0-ct1ffg5rdguqzjm-ProteinActivity-Plate,Container(Row:0-ct1ffg5rdguqzjm-ProteinActivity-Plate),aq1ffxcykzvxrfs,,,,,10:microliter,79,,
164,,,,,,,,,,ct1ffua5u4key3x,Row:0-ct1ffg5rdguqzjm-ProteinActivity-Plate,Container(Row:0-ct1ffg5rdguqzjm-ProteinActivity-Plate),aq1ffxcykzx3xkr,,,,,10:microliter,80,,
165,,,,,,,,,,ct1ffua5u4key3x,Row:0-ct1ffg5rdguqzjm-ProteinActivity-Plate,Container(Row:0-ct1ffg5rdguqzjm-ProteinActivity-Plate),aq1ffxcykzx3xkt,,,,,10:microliter,81,,
166,,,,,,,,,,ct1ffua5u4key3x,Row:0-ct1ffg5rdguqzjm-ProteinActivity-Plate,Container(Row:0-ct1ffg5rdguqzjm-ProteinActivity-Plate),aq1ffxcykzx3xkv,,,,,10:microliter,82,,
167,,,,,,,,,,ct1ffua5u4key3x,Row:0-ct1ffg5rdguqzjm-ProteinActivity-Plate,Container(Row:0-ct1ffg5rdguqzjm-ProteinActivity-Plate),aq1ffxcykzy85qs,,,,,10:microliter,83,,
168,,,,,,,,,,ct1ffua5u4key3x,Row:0-ct1ffg5rdguqzjm-ProteinActivity-Plate,Container(Row:0-ct1ffg5rdguqzjm-ProteinActivity-Plate),aq1ffxbdtb6gzsm,,,,,100:microliter,84,25:celsius,
169,,,,,,,,,,ct1ffua5u4key3x,Row:0-ct1ffg5rdguqzjm-ProteinActivity-Plate,Container(Row:0-ct1ffg5rdguqzjm-ProteinActivity-Plate),aq1ffxbzt76ahwg,,,,,100:microliter,85,25:celsius,
170,,,,,,,,,,ct1ffua5u4key3x,Row:0-ct1ffg5rdguqzjm-ProteinActivity-Plate,Container(Row:0-ct1ffg5rdguqzjm-ProteinActivity-Plate),aq1ffxbzt7byhjr,,,,,100:microliter,86,25:celsius,
171,,,,,,,,,,ct1ffua5u4key3x,Row:0-ct1ffg5rdguqzjm-ProteinActivity-Plate,Container(Row:0-ct1ffg5rdguqzjm-ProteinActivity-Plate),aq1ffxc4ugtc9uf,,,,,100:microliter,87,25:celsius,
172,,,,,,,,,,ct1ffua5u4key3x,Row:0-ct1ffg5rdguqzjm-ProteinActivity-Plate,Container(Row:0-ct1ffg5rdguqzjm-ProteinActivity-Plate),aq1ffxca75nf8hw,,,,,10:microliter,88,25:celsius,
173,,,,,,,,,,ct1ffua5u4key3x,Row:0-ct1ffg5rdguqzjm-ProteinActivity-Plate,Container(Row:0-ct1ffg5rdguqzjm-ProteinActivity-Plate),aq1ffxca75nf8hy,,,,,10:microliter,89,25:celsius,
174,,,,,,,,,,ct1ffua5u4key3x,Row:0-ct1ffg5rdguqzjm-ProteinActivity-Plate,Container(Row:0-ct1ffg5rdguqzjm-ProteinActivity-Plate),aq1ffxca75nf8j2,,,,,10:microliter,90,25:celsius,
175,,,,,,,,,,ct1ffua5u4key3x,Row:0-ct1ffg5rdguqzjm-ProteinActivity-Plate,Container(Row:0-ct1ffg5rdguqzjm-ProteinActivity-Plate),aq1ffxca75pkeny,,,,,10:microliter,91,25:celsius,
176,,,,,,,,,,ct1ffua5u4key3x,Row:0-ct1ffg5rdguqzjm-ProteinActivity-Plate,Container(Row:0-ct1ffg5rdguqzjm-ProteinActivity-Plate),aq1ffxca75pkep2,,,,,10:microliter,92,25:celsius,
177,,,,,,,,,,ct1ffua5u4key3x,Row:0-ct1ffg5rdguqzjm-ProteinActivity-Plate,Container(Row:0-ct1ffg5rdguqzjm-ProteinActivity-Plate),aq1ffxca75qqmsy,,,,,10:microliter,93,25:celsius,
178,,,,,,,,,,ct1ffua5u4key3x,Row:0-ct1ffg5rdguqzjm-ProteinActivity-Plate,Container(Row:0-ct1ffg5rdguqzjm-ProteinActivity-Plate),aq1ffxca75qqmt2,,,,,10:microliter,94,25:celsius,
179,,,,,,,,,,ct1ffua5u4key3x,Row:0-ct1ffg5rdguqzjm-ProteinActivity-Plate,Container(Row:0-ct1ffg5rdguqzjm-ProteinActivity-Plate),aq1ffxca75qqmt4,,,,,10:microliter,95,25:celsius,
180,Protein,rs1f47z2uft2kyv,20:microliter,Protein,rs1f47z3qb2zdga,40:microliter,,,,ct1ffua5u4986wn,Row:0-ct1ffg5rdguqzjm-Low-IncubationPlate,Container(Row:0-ct1ffg5rdguqzjm-Low-IncubationPlate),aq1ffxbb4zdqpev,,,,,30:microliter,12,55:celsius,ct1fdrbvet5khpa:0
181,Protein,rs1f47z2uft2kyv,20:microliter,Protein,rs1f47z3qb2zdga,40:microliter,,,,ct1ffua5u4986wn,Row:0-ct1ffg5rdguqzjm-Low-IncubationPlate,Container(Row:0-ct1ffg5rdguqzjm-Low-IncubationPlate),aq1ffxbb4zdqpex,,,,,30:microliter,13,55:celsius,ct1fdrbvet5khpa:1
182,Protein,rs1f47z2uft2kyv,20:microliter,Protein,rs1f47z3qb2zdga,40:microliter,,,,ct1ffua5u4986wn,Row:0-ct1ffg5rdguqzjm-Low-IncubationPlate,Container(Row:0-ct1ffg5rdguqzjm-Low-IncubationPlate),aq1ffxbb4zeuvjx,,,,,30:microliter,14,55:celsius,ct1fdrbvet5khpa:2
183,Protein,rs1f47z2uft2kyv,20:microliter,Protein,rs1f47z3qb2zdga,40:microliter,,,,ct1ffua5u4986wn,Row:0-ct1ffg5rdguqzjm-Low-IncubationPlate,Container(Row:0-ct1ffg5rdguqzjm-Low-IncubationPlate),aq1ffxbb4zeuvjz,,,,,30:microliter,15,55:celsius,ct1fdrbvet5khpa:3
184,,,,,,,,,,ct1ffua5u4986wn,Row:0-ct1ffg5rdguqzjm-Low-IncubationPlate,Container(Row:0-ct1ffg5rdguqzjm-Low-IncubationPlate),aq1ffxbb4zeuvk3,,,,,30:microliter,16,55:celsius,
185,,,,,,,,,,ct1ffua5u4986wn,Row:0-ct1ffg5rdguqzjm-Low-IncubationPlate,Container(Row:0-ct1ffg5rdguqzjm-Low-IncubationPlate),aq1ffxbb4zfz3py,,,,,30:microliter,17,55:celsius,
186,,,,,,,,,,ct1ffua5u4986wn,Row:0-ct1ffg5rdguqzjm-Low-IncubationPlate,Container(Row:0-ct1ffg5rdguqzjm-Low-IncubationPlate),aq1ffxbb4zfz3q2,,,,,30:microliter,18,55:celsius,
187,,,,,,,,,,ct1ffua5u4986wn,Row:0-ct1ffg5rdguqzjm-Low-IncubationPlate,Container(Row:0-ct1ffg5rdguqzjm-Low-IncubationPlate),aq1ffxbb4zh59ty,,,,,30:microliter,19,55:celsius,
188,,,,,,,,,,ct1ffua5u4986wn,Row:0-ct1ffg5rdguqzjm-Low-IncubationPlate,Container(Row:0-ct1ffg5rdguqzjm-Low-IncubationPlate),aq1ffxbb4zh59u2,,,,,30:microliter,20,55:celsius,
189,,,,,,,,,,ct1ffua5u4986wn,Row:0-ct1ffg5rdguqzjm-Low-IncubationPlate,Container(Row:0-ct1ffg5rdguqzjm-Low-IncubationPlate),aq1ffxbb4zh59u4,,,,,30:microliter,21,55:celsius,
190,,,,,,,,,,ct1ffua5u4986wn,Row:0-ct1ffg5rdguqzjm-Low-IncubationPlate,Container(Row:0-ct1ffg5rdguqzjm-Low-IncubationPlate),aq1ffxbb4zj9fxz,,,,,30:microliter,22,55:celsius,
191,,,,,,,,,,ct1ffua5u4986wn,Row:0-ct1ffg5rdguqzjm-Low-IncubationPlate,Container(Row:0-ct1ffg5rdguqzjm-Low-IncubationPlate),aq1ffxbb4zj9fy3,,,,,30:microliter,23,55:celsius,
192,Protein,rs1f47z2uft2kyv,20:microliter,Protein,rs1f47z3qb2zdga,40:microliter,,,,ct1ffua5u4986wn,Row:0-ct1ffg5rdguqzjm-Low-IncubationPlate,Container(Row:0-ct1ffg5rdguqzjm-Low-IncubationPlate),aq1ffxbb4zmhv83,,,,,30:microliter,36,47.5:celsius,ct1fdrbvet5khpa:0
193,Protein,rs1f47z2uft2kyv,20:microliter,Protein,rs1f47z3qb2zdga,40:microliter,,,,ct1ffua5u4986wn,Row:0-ct1ffg5rdguqzjm-Low-IncubationPlate,Container(Row:0-ct1ffg5rdguqzjm-Low-IncubationPlate),aq1ffxbb4zmhv85,,,,,30:microliter,37,47.5:celsius,ct1fdrbvet5khpa:1
194,Protein,rs1f47z2uft2kyv,20:microliter,Protein,rs1f47z3qb2zdga,40:microliter,,,,ct1ffua5u4986wn,Row:0-ct1ffg5rdguqzjm-Low-IncubationPlate,Container(Row:0-ct1ffg5rdguqzjm-Low-IncubationPlate),aq1ffxbb4znp3c4,,,,,30:microliter,38,47.5:celsius,ct1fdrbvet5khpa:2
195,Protein,rs1f47z2uft2kyv,20:microliter,Protein,rs1f47z3qb2zdga,40:microliter,,,,ct1ffua5u4986wn,Row:0-ct1ffg5rdguqzjm-Low-IncubationPlate,Container(Row:0-ct1ffg5rdguqzjm-Low-IncubationPlate),aq1ffxbb4znp3c6,,,,,30:microliter,39,47.5:celsius,ct1fdrbvet5khpa:3
196,,,,,,,,,,ct1ffua5u4986wn,Row:0-ct1ffg5rdguqzjm-Low-IncubationPlate,Container(Row:0-ct1ffg5rdguqzjm-Low-IncubationPlate),aq1ffxbb4znp3c8,,,,,30:microliter,40,47.5:celsius,
197,,,,,,,,,,ct1ffua5u4986wn,Row:0-ct1ffg5rdguqzjm-Low-IncubationPlate,Container(Row:0-ct1ffg5rdguqzjm-Low-IncubationPlate),aq1ffxbb4zpt9g5,,,,,30:microliter,41,47.5:celsius,
198,,,,,,,,,,ct1ffua5u4986wn,Row:0-ct1ffg5rdguqzjm-Low-IncubationPlate,Container(Row:0-ct1ffg5rdguqzjm-Low-IncubationPlate),aq1ffxbb4zpt9g7,,,,,30:microliter,42,47.5:celsius,
199,,,,,,,,,,ct1ffua5u4986wn,Row:0-ct1ffg5rdguqzjm-Low-IncubationPlate,Container(Row:0-ct1ffg5rdguqzjm-Low-IncubationPlate),aq1ffxbb4zpt9g9,,,,,30:microliter,43,47.5:celsius,
200,,,,,,,,,,ct1ffua5u4986wn,Row:0-ct1ffg5rdguqzjm-Low-IncubationPlate,Container(Row:0-ct1ffg5rdguqzjm-Low-IncubationPlate),aq1ffxbb4zqxfm6,,,,,30:microliter,44,47.5:celsius,
201,,,,,,,,,,ct1ffua5u4986wn,Row:0-ct1ffg5rdguqzjm-Low-IncubationPlate,Container(Row:0-ct1ffg5rdguqzjm-Low-IncubationPlate),aq1ffxbb4zqxfm8,,,,,30:microliter,45,47.5:celsius,
202,,,,,,,,,,ct1ffua5u4986wn,Row:0-ct1ffg5rdguqzjm-Low-IncubationPlate,Container(Row:0-ct1ffg5rdguqzjm-Low-IncubationPlate),aq1ffxbb4zqxfma,,,,,30:microliter,46,47.5:celsius,
203,,,,,,,,,,ct1ffua5u4986wn,Row:0-ct1ffg5rdguqzjm-Low-IncubationPlate,Container(Row:0-ct1ffg5rdguqzjm-Low-IncubationPlate),aq1ffxbb4zs3nr8,,,,,30:microliter,47,47.5:celsius,
204,Protein,rs1f47z2uft2kyv,20:microliter,Protein,rs1f47z3qb2zdga,40:microliter,,,,ct1ffua5u4986wn,Row:0-ct1ffg5rdguqzjm-Low-IncubationPlate,Container(Row:0-ct1ffg5rdguqzjm-Low-IncubationPlate),aq1ffxbb4zuc2z9,,,,,30:microliter,60,37:celsius,ct1fdrbvet5khpa:0
205,Protein,rs1f47z2uft2kyv,20:microliter,Protein,rs1f47z3qb2zdga,40:microliter,,,,ct1ffua5u4986wn,Row:0-ct1ffg5rdguqzjm-Low-IncubationPlate,Container(Row:0-ct1ffg5rdguqzjm-Low-IncubationPlate),aq1ffxbb4zuc2zb,,,,,30:microliter,61,37:celsius,ct1fdrbvet5khpa:1
206,Protein,rs1f47z2uft2kyv,20:microliter,Protein,rs1f47z3qb2zdga,40:microliter,,,,ct1ffua5u4986wn,Row:0-ct1ffg5rdguqzjm-Low-IncubationPlate,Container(Row:0-ct1ffg5rdguqzjm-Low-IncubationPlate),aq1ffxbb4zuc2zd,,,,,30:microliter,62,37:celsius,ct1fdrbvet5khpa:2
207,Protein,rs1f47z2uft2kyv,20:microliter,Protein,rs1f47z3qb2zdga,40:microliter,,,,ct1ffua5u4986wn,Row:0-ct1ffg5rdguqzjm-Low-IncubationPlate,Container(Row:0-ct1ffg5rdguqzjm-Low-IncubationPlate),aq1ffxbb4zvg95b,,,,,30:microliter,63,37:celsius,ct1fdrbvet5khpa:3
208,,,,,,,,,,ct1ffua5u4986wn,Row:0-ct1ffg5rdguqzjm-Low-IncubationPlate,Container(Row:0-ct1ffg5rdguqzjm-Low-IncubationPlate),aq1ffxbb4zvg95d,,,,,30:microliter,64,37:celsius,
209,,,,,,,,,,ct1ffua5u4986wn,Row:0-ct1ffg5rdguqzjm-Low-IncubationPlate,Container(Row:0-ct1ffg5rdguqzjm-Low-IncubationPlate),aq1ffxbb4zvg95f,,,,,30:microliter,65,37:celsius,
210,,,,,,,,,,ct1ffua5u4986wn,Row:0-ct1ffg5rdguqzjm-Low-IncubationPlate,Container(Row:0-ct1ffg5rdguqzjm-Low-IncubationPlate),aq1ffxbb4zwmf9c,,,,,30:microliter,66,37:celsius,
211,,,,,,,,,,ct1ffua5u4986wn,Row:0-ct1ffg5rdguqzjm-Low-IncubationPlate,Container(Row:0-ct1ffg5rdguqzjm-Low-IncubationPlate),aq1ffxbb4zwmf9e,,,,,30:microliter,67,37:celsius,
212,,,,,,,,,,ct1ffua5u4986wn,Row:0-ct1ffg5rdguqzjm-Low-IncubationPlate,Container(Row:0-ct1ffg5rdguqzjm-Low-IncubationPlate),aq1ffxbb4zxrndc,,,,,30:microliter,68,37:celsius,
213,,,,,,,,,,ct1ffua5u4986wn,Row:0-ct1ffg5rdguqzjm-Low-IncubationPlate,Container(Row:0-ct1ffg5rdguqzjm-Low-IncubationPlate),aq1ffxbb4zxrnde,,,,,30:microliter,69,37:celsius,
214,,,,,,,,,,ct1ffua5u4986wn,Row:0-ct1ffg5rdguqzjm-Low-IncubationPlate,Container(Row:0-ct1ffg5rdguqzjm-Low-IncubationPlate),aq1ffxbb4zxrndg,,,,,30:microliter,70,37:celsius,
215,,,,,,,,,,ct1ffua5u4986wn,Row:0-ct1ffg5rdguqzjm-Low-IncubationPlate,Container(Row:0-ct1ffg5rdguqzjm-Low-IncubationPlate),aq1ffxbb4zyvuhd,,,,,30:microliter,71,37:celsius,
216,Protein,rs1f47z2uft2kyv,20:microliter,Protein,rs1f47z3qb2zdga,40:microliter,,,,ct1ffua5u4986wn,Row:0-ct1ffg5rdguqzjm-Low-IncubationPlate,Container(Row:0-ct1ffg5rdguqzjm-Low-IncubationPlate),aq1ffxbb52222nm,,,,,30:microliter,84,32.5:celsius,ct1fdrbvet5khpa:0
217,Protein,rs1f47z2uft2kyv,20:microliter,Protein,rs1f47z3qb2zdga,40:microliter,,,,ct1ffua5u4986wn,Row:0-ct1ffg5rdguqzjm-Low-IncubationPlate,Container(Row:0-ct1ffg5rdguqzjm-Low-IncubationPlate),aq1ffxbb52368sg,,,,,30:microliter,85,32.5:celsius,ct1fdrbvet5khpa:1
218,Protein,rs1f47z2uft2kyv,20:microliter,Protein,rs1f47z3qb2zdga,40:microliter,,,,ct1ffua5u4986wn,Row:0-ct1ffg5rdguqzjm-Low-IncubationPlate,Container(Row:0-ct1ffg5rdguqzjm-Low-IncubationPlate),aq1ffxbb52368sj,,,,,30:microliter,86,32.5:celsius,ct1fdrbvet5khpa:2
219,Protein,rs1f47z2uft2kyv,20:microliter,Protein,rs1f47z3qb2zdga,40:microliter,,,,ct1ffua5u4986wn,Row:0-ct1ffg5rdguqzjm-Low-IncubationPlate,Container(Row:0-ct1ffg5rdguqzjm-Low-IncubationPlate),aq1ffxbb524aewg,,,,,30:microliter,87,32.5:celsius,ct1fdrbvet5khpa:3
220,,,,,,,,,,ct1ffua5u4986wn,Row:0-ct1ffg5rdguqzjm-Low-IncubationPlate,Container(Row:0-ct1ffg5rdguqzjm-Low-IncubationPlate),aq1ffxbb524aewj,,,,,30:microliter,88,32.5:celsius,
221,,,,,,,,,,ct1ffua5u4986wn,Row:0-ct1ffg5rdguqzjm-Low-IncubationPlate,Container(Row:0-ct1ffg5rdguqzjm-Low-IncubationPlate),aq1ffxbb524aewm,,,,,30:microliter,89,32.5:celsius,
222,,,,,,,,,,ct1ffua5u4986wn,Row:0-ct1ffg5rdguqzjm-Low-IncubationPlate,Container(Row:0-ct1ffg5rdguqzjm-Low-IncubationPlate),aq1ffxbb525en2j,,,,,30:microliter,90,32.5:celsius,
223,,,,,,,,,,ct1ffua5u4986wn,Row:0-ct1ffg5rdguqzjm-Low-IncubationPlate,Container(Row:0-ct1ffg5rdguqzjm-Low-IncubationPlate),aq1ffxbb525en2m,,,,,30:microliter,91,32.5:celsius,
224,,,,,,,,,,ct1ffua5u4986wn,Row:0-ct1ffg5rdguqzjm-Low-IncubationPlate,Container(Row:0-ct1ffg5rdguqzjm-Low-IncubationPlate),aq1ffxbb526ju6j,,,,,30:microliter,92,32.5:celsius,
225,,,,,,,,,,ct1ffua5u4986wn,Row:0-ct1ffg5rdguqzjm-Low-IncubationPlate,Container(Row:0-ct1ffg5rdguqzjm-Low-IncubationPlate),aq1ffxbb526ju6m,,,,,30:microliter,93,32.5:celsius,
226,,,,,,,,,,ct1ffua5u4986wn,Row:0-ct1ffg5rdguqzjm-Low-IncubationPlate,Container(Row:0-ct1ffg5rdguqzjm-Low-IncubationPlate),aq1ffxbb526ju6p,,,,,30:microliter,94,32.5:celsius,
227,,,,,,,,,,ct1ffua5u4986wn,Row:0-ct1ffg5rdguqzjm-Low-IncubationPlate,Container(Row:0-ct1ffg5rdguqzjm-Low-IncubationPlate),aq1ffxbb527q2ak,,,,,30:microliter,95,32.5:celsius,
228,Protein,rs1f47z2uft2kyv,20:microliter,Protein,rs1f47z3qb2zdga,40:microliter,,,,ct1ffua5u3wzdrc,Row:0-ct1ffg5rdguqzjm-High-IncubationPlate,Container(Row:0-ct1ffg5rdguqzjm-High-IncubationPlate),aq1ffxb2qcgcaqk,,,,,30:microliter,0,75:celsius,ct1fdrbvet5khpa:0
229,Protein,rs1f47z2uft2kyv,20:microliter,Protein,rs1f47z3qb2zdga,40:microliter,,,,ct1ffua5u3wzdrc,Row:0-ct1ffg5rdguqzjm-High-IncubationPlate,Container(Row:0-ct1ffg5rdguqzjm-High-IncubationPlate),aq1ffxb2qcgcaqn,,,,,30:microliter,1,75:celsius,ct1fdrbvet5khpa:1
230,Protein,rs1f47z2uft2kyv,20:microliter,Protein,rs1f47z3qb2zdga,40:microliter,,,,ct1ffua5u3wzdrc,Row:0-ct1ffg5rdguqzjm-High-IncubationPlate,Container(Row:0-ct1ffg5rdguqzjm-High-IncubationPlate),aq1ffxb2qchggum,,,,,30:microliter,2,75:celsius,ct1fdrbvet5khpa:2
231,Protein,rs1f47z2uft2kyv,20:microliter,Protein,rs1f47z3qb2zdga,40:microliter,,,,ct1ffua5u3wzdrc,Row:0-ct1ffg5rdguqzjm-High-IncubationPlate,Container(Row:0-ct1ffg5rdguqzjm-High-IncubationPlate),aq1ffxb2qchggup,,,,,30:microliter,3,75:celsius,ct1fdrbvet5khpa:3
232,,,,,,,,,,ct1ffua5u3wzdrc,Row:0-ct1ffg5rdguqzjm-High-IncubationPlate,Container(Row:0-ct1ffg5rdguqzjm-High-IncubationPlate),aq1ffxb2qchggur,,,,,30:microliter,4,75:celsius,
233,,,,,,,,,,ct1ffua5u3wzdrc,Row:0-ct1ffg5rdguqzjm-High-IncubationPlate,Container(Row:0-ct1ffg5rdguqzjm-High-IncubationPlate),aq1ffxb2qcjmpyp,,,,,30:microliter,5,75:celsius,
234,,,,,,,,,,ct1ffua5u3wzdrc,Row:0-ct1ffg5rdguqzjm-High-IncubationPlate,Container(Row:0-ct1ffg5rdguqzjm-High-IncubationPlate),aq1ffxb2qcjmpyr,,,,,30:microliter,6,75:celsius,
235,,,,,,,,,,ct1ffua5u3wzdrc,Row:0-ct1ffg5rdguqzjm-High-IncubationPlate,Container(Row:0-ct1ffg5rdguqzjm-High-IncubationPlate),aq1ffxb2qcjmpyt,,,,,30:microliter,7,75:celsius,
236,,,,,,,,,,ct1ffua5u3wzdrc,Row:0-ct1ffg5rdguqzjm-High-IncubationPlate,Container(Row:0-ct1ffg5rdguqzjm-High-IncubationPlate),aq1ffxb2qckrw4q,,,,,30:microliter,8,75:celsius,
237,,,,,,,,,,ct1ffua5u3wzdrc,Row:0-ct1ffg5rdguqzjm-High-IncubationPlate,Container(Row:0-ct1ffg5rdguqzjm-High-IncubationPlate),aq1ffxb2qckrw4s,,,,,30:microliter,9,75:celsius,
238,,,,,,,,,,ct1ffua5u3wzdrc,Row:0-ct1ffg5rdguqzjm-High-IncubationPlate,Container(Row:0-ct1ffg5rdguqzjm-High-IncubationPlate),aq1ffxb2qckrw4u,,,,,30:microliter,10,75:celsius,
239,,,,,,,,,,ct1ffua5u3wzdrc,Row:0-ct1ffg5rdguqzjm-High-IncubationPlate,Container(Row:0-ct1ffg5rdguqzjm-High-IncubationPlate),aq1ffxb2qcmw48r,,,,,30:microliter,11,75:celsius,
240,Protein,rs1f47z2uft2kyv,20:microliter,Protein,rs1f47z3qb2zdga,40:microliter,,,,ct1ffua5u3wzdrc,Row:0-ct1ffg5rdguqzjm-High-IncubationPlate,Container(Row:0-ct1ffg5rdguqzjm-High-IncubationPlate),aq1ffxb2qcq6ggv,,,,,30:microliter,24,71.6:celsius,ct1fdrbvet5khpa:0
241,Protein,rs1f47z2uft2kyv,20:microliter,Protein,rs1f47z3qb2zdga,40:microliter,,,,ct1ffua5u3wzdrc,Row:0-ct1ffg5rdguqzjm-High-IncubationPlate,Container(Row:0-ct1ffg5rdguqzjm-High-IncubationPlate),aq1ffxb2qcrapmt,,,,,30:microliter,25,71.6:celsius,ct1fdrbvet5khpa:1
242,Protein,rs1f47z2uft2kyv,20:microliter,Protein,rs1f47z3qb2zdga,40:microliter,,,,ct1ffua5u3wzdrc,Row:0-ct1ffg5rdguqzjm-High-IncubationPlate,Container(Row:0-ct1ffg5rdguqzjm-High-IncubationPlate),aq1ffxb2qcrapmv,,,,,30:microliter,26,71.6:celsius,ct1fdrbvet5khpa:2
243,Protein,rs1f47z2uft2kyv,20:microliter,Protein,rs1f47z3qb2zdga,40:microliter,,,,ct1ffua5u3wzdrc,Row:0-ct1ffg5rdguqzjm-High-IncubationPlate,Container(Row:0-ct1ffg5rdguqzjm-High-IncubationPlate),aq1ffxb2qcrapmx,,,,,30:microliter,27,71.6:celsius,ct1fdrbvet5khpa:3
244,,,,,,,,,,ct1ffua5u3wzdrc,Row:0-ct1ffg5rdguqzjm-High-IncubationPlate,Container(Row:0-ct1ffg5rdguqzjm-High-IncubationPlate),aq1ffxb2qcsevru,,,,,30:microliter,28,71.6:celsius,
245,,,,,,,,,,ct1ffua5u3wzdrc,Row:0-ct1ffg5rdguqzjm-High-IncubationPlate,Container(Row:0-ct1ffg5rdguqzjm-High-IncubationPlate),aq1ffxb2qcsevrw,,,,,30:microliter,29,71.6:celsius,
246,,,,,,,,,,ct1ffua5u3wzdrc,Row:0-ct1ffg5rdguqzjm-High-IncubationPlate,Container(Row:0-ct1ffg5rdguqzjm-High-IncubationPlate),aq1ffxb2qcsevry,,,,,30:microliter,30,71.6:celsius,
247,,,,,,,,,,ct1ffua5u3wzdrc,Row:0-ct1ffg5rdguqzjm-High-IncubationPlate,Container(Row:0-ct1ffg5rdguqzjm-High-IncubationPlate),aq1ffxb2qctk3vw,,,,,30:microliter,31,71.6:celsius,
248,,,,,,,,,,ct1ffua5u3wzdrc,Row:0-ct1ffg5rdguqzjm-High-IncubationPlate,Container(Row:0-ct1ffg5rdguqzjm-High-IncubationPlate),aq1ffxb2qctk3vy,,,,,30:microliter,32,71.6:celsius,
249,,,,,,,,,,ct1ffua5u3wzdrc,Row:0-ct1ffg5rdguqzjm-High-IncubationPlate,Container(Row:0-ct1ffg5rdguqzjm-High-IncubationPlate),aq1ffxb2qctk3w2,,,,,30:microliter,33,71.6:celsius,
250,,,,,,,,,,ct1ffua5u3wzdrc,Row:0-ct1ffg5rdguqzjm-High-IncubationPlate,Container(Row:0-ct1ffg5rdguqzjm-High-IncubationPlate),aq1ffxb2qcuq9zx,,,,,30:microliter,34,71.6:celsius,
251,,,,,,,,,,ct1ffua5u3wzdrc,Row:0-ct1ffg5rdguqzjm-High-IncubationPlate,Container(Row:0-ct1ffg5rdguqzjm-High-IncubationPlate),aq1ffxb2qcuq9zz,,,,,30:microliter,35,71.6:celsius,
252,Protein,rs1f47z2uft2kyv,20:microliter,Protein,rs1f47z3qb2zdga,40:microliter,,,,ct1ffua5u3wzdrc,Row:0-ct1ffg5rdguqzjm-High-IncubationPlate,Container(Row:0-ct1ffg5rdguqzjm-High-IncubationPlate),aq1ffxb2qcy4vdz,,,,,30:microliter,48,62.8:celsius,ct1fdrbvet5khpa:0
253,Protein,rs1f47z2uft2kyv,20:microliter,Protein,rs1f47z3qb2zdga,40:microliter,,,,ct1ffua5u3wzdrc,Row:0-ct1ffg5rdguqzjm-High-IncubationPlate,Container(Row:0-ct1ffg5rdguqzjm-High-IncubationPlate),aq1ffxb2qcy4ve3,,,,,30:microliter,49,62.8:celsius,ct1fdrbvet5khpa:1
254,Protein,rs1f47z2uft2kyv,20:microliter,Protein,rs1f47z3qb2zdga,40:microliter,,,,ct1ffua5u3wzdrc,Row:0-ct1ffg5rdguqzjm-High-IncubationPlate,Container(Row:0-ct1ffg5rdguqzjm-High-IncubationPlate),aq1ffxb2qcy4ve5,,,,,30:microliter,50,62.8:celsius,ct1fdrbvet5khpa:2
255,Protein,rs1f47z2uft2kyv,20:microliter,Protein,rs1f47z3qb2zdga,40:microliter,,,,ct1ffua5u3wzdrc,Row:0-ct1ffg5rdguqzjm-High-IncubationPlate,Container(Row:0-ct1ffg5rdguqzjm-High-IncubationPlate),aq1ffxb2qcz93j2,,,,,30:microliter,51,62.8:celsius,ct1fdrbvet5khpa:3
256,,,,,,,,,,ct1ffua5u3wzdrc,Row:0-ct1ffg5rdguqzjm-High-IncubationPlate,Container(Row:0-ct1ffg5rdguqzjm-High-IncubationPlate),aq1ffxb2qcz93j4,,,,,30:microliter,52,62.8:celsius,
257,,,,,,,,,,ct1ffua5u3wzdrc,Row:0-ct1ffg5rdguqzjm-High-IncubationPlate,Container(Row:0-ct1ffg5rdguqzjm-High-IncubationPlate),aq1ffxb2qcz93j6,,,,,30:microliter,53,62.8:celsius,
258,,,,,,,,,,ct1ffua5u3wzdrc,Row:0-ct1ffg5rdguqzjm-High-IncubationPlate,Container(Row:0-ct1ffg5rdguqzjm-High-IncubationPlate),aq1ffxb2qd2d9p4,,,,,30:microliter,54,62.8:celsius,
259,,,,,,,,,,ct1ffua5u3wzdrc,Row:0-ct1ffg5rdguqzjm-High-IncubationPlate,Container(Row:0-ct1ffg5rdguqzjm-High-IncubationPlate),aq1ffxb2qd2d9p6,,,,,30:microliter,55,62.8:celsius,
260,,,,,,,,,,ct1ffua5u3wzdrc,Row:0-ct1ffg5rdguqzjm-High-IncubationPlate,Container(Row:0-ct1ffg5rdguqzjm-High-IncubationPlate),aq1ffxb2qd2d9p8,,,,,30:microliter,56,62.8:celsius,
261,,,,,,,,,,ct1ffua5u3wzdrc,Row:0-ct1ffg5rdguqzjm-High-IncubationPlate,Container(Row:0-ct1ffg5rdguqzjm-High-IncubationPlate),aq1ffxb2qd3hft5,,,,,30:microliter,57,62.8:celsius,
262,,,,,,,,,,ct1ffua5u3wzdrc,Row:0-ct1ffg5rdguqzjm-High-IncubationPlate,Container(Row:0-ct1ffg5rdguqzjm-High-IncubationPlate),aq1ffxb2qd3hft7,,,,,30:microliter,58,62.8:celsius,
263,,,,,,,,,,ct1ffua5u3wzdrc,Row:0-ct1ffg5rdguqzjm-High-IncubationPlate,Container(Row:0-ct1ffg5rdguqzjm-High-IncubationPlate),aq1ffxb2qd4nnx5,,,,,30:microliter,59,62.8:celsius,
264,,,,,,,,,,ct1ffua5u3ksmk3,ProteinSubstrate-Provisions-Tube,Container(ProteinSubstrate-Provisions-Tube),aq1ffx9me8jkss4,,,,,200:microliter,0,,
265,,,,,,,,,,ct1ffua5u39juds,3-IVTT-Mix-Tube,Container(3-IVTT-Mix-Tube),aq1ffx9tbthreuj,,,,,240:microliter,0,,
266,,,,,,,,,,ct1ffua5u2xc38g,2-IVTT-Mix-Tube,Container(2-IVTT-Mix-Tube),aq1ffx9takufbmn,,,,,150:microliter,0,,
267,,,,,,,,,,ct1ffua5u2m5a37,1-IVTT-Mix-Tube,Container(1-IVTT-Mix-Tube),aq1ffx9t9dgb62a,,,,,150:microliter,0,,
268,Protein,rs1f47z2uft2kyv,20:microliter,Protein,rs1f47z3qb2zdga,40:microliter,,,,ct1ffua5u29wgvw,ct1ffg5rdguqzjm-IVTT-DilutionPlate,Container(ct1ffg5rdguqzjm-IVTT-DilutionPlate),aq1ffxahfbertfz,,,,,170:microliter,0,,ct1fdrbvet5khpa:0
269,Protein,rs1f47z2uft2kyv,20:microliter,Protein,rs1f47z3qb2zdga,40:microliter,,,,ct1ffua5u29wgvw,ct1ffg5rdguqzjm-IVTT-DilutionPlate,Container(ct1ffg5rdguqzjm-IVTT-DilutionPlate),aq1ffxahfbfvzm2,,,,,170:microliter,1,,ct1fdrbvet5khpa:1
270,Protein,rs1f47z2uft2kyv,20:microliter,Protein,rs1f47z3qb2zdga,40:microliter,,,,ct1ffua5u29wgvw,ct1ffg5rdguqzjm-IVTT-DilutionPlate,Container(ct1ffg5rdguqzjm-IVTT-DilutionPlate),aq1ffxahfbfvzm4,,,,,170:microliter,2,,ct1fdrbvet5khpa:2
271,Protein,rs1f47z2uft2kyv,20:microliter,Protein,rs1f47z3qb2zdga,40:microliter,,,,ct1ffua5u29wgvw,ct1ffg5rdguqzjm-IVTT-DilutionPlate,Container(ct1ffg5rdguqzjm-IVTT-DilutionPlate),aq1ffxahfbfvzm6,,,,,170:microliter,3,,ct1fdrbvet5khpa:3
272,,,,,,,,,,ct1ffua5u29wgvw,ct1ffg5rdguqzjm-IVTT-DilutionPlate,Container(ct1ffg5rdguqzjm-IVTT-DilutionPlate),aq1ffxahfbh27r4,,,,,170:microliter,4,,
273,,,,,,,,,,ct1ffua5u29wgvw,ct1ffg5rdguqzjm-IVTT-DilutionPlate,Container(ct1ffg5rdguqzjm-IVTT-DilutionPlate),aq1ffxahfbh27r6,,,,,170:microliter,5,,
274,,,,,,,,,,ct1ffua5u29wgvw,ct1ffg5rdguqzjm-IVTT-DilutionPlate,Container(ct1ffg5rdguqzjm-IVTT-DilutionPlate),aq1ffxahfbj6dv4,,,,,170:microliter,6,,
275,,,,,,,,,,ct1ffua5u29wgvw,ct1ffg5rdguqzjm-IVTT-DilutionPlate,Container(ct1ffg5rdguqzjm-IVTT-DilutionPlate),aq1ffxahfbj6dv6,,,,,170:microliter,7,,
276,,,,,,,,,,ct1ffua5u29wgvw,ct1ffg5rdguqzjm-IVTT-DilutionPlate,Container(ct1ffg5rdguqzjm-IVTT-DilutionPlate),aq1ffxahfbj6dv8,,,,,170:microliter,8,,
277,,,,,,,,,,ct1ffua5u29wgvw,ct1ffg5rdguqzjm-IVTT-DilutionPlate,Container(ct1ffg5rdguqzjm-IVTT-DilutionPlate),aq1ffxahfbkakz5,,,,,170:microliter,9,,
278,,,,,,,,,,ct1ffua5u29wgvw,ct1ffg5rdguqzjm-IVTT-DilutionPlate,Container(ct1ffg5rdguqzjm-IVTT-DilutionPlate),aq1ffxahfbkakz7,,,,,170:microliter,10,,
279,,,,,,,,,,ct1ffua5u29wgvw,ct1ffg5rdguqzjm-IVTT-DilutionPlate,Container(ct1ffg5rdguqzjm-IVTT-DilutionPlate),aq1ffxahfbkakz9,,,,,170:microliter,11,,
280,,,,,,,,,,ct1ffua5u29wgvw,ct1ffg5rdguqzjm-IVTT-DilutionPlate,Container(ct1ffg5rdguqzjm-IVTT-DilutionPlate),aq1ffxahfbmet56,,,,,670:microliter,12,,
281,,,,,,,,,,ct1ffua5u29wgvw,ct1ffg5rdguqzjm-IVTT-DilutionPlate,Container(ct1ffg5rdguqzjm-IVTT-DilutionPlate),aq1ffxahfbmet58,,,,,670:microliter,13,,
282,,,,,,,,,,ct1ffua5u29wgvw,ct1ffg5rdguqzjm-IVTT-DilutionPlate,Container(ct1ffg5rdguqzjm-IVTT-DilutionPlate),aq1ffxahfbmet5a,,,,,670:microliter,14,,
283,,,,,,,,,,ct1ffua5u29wgvw,ct1ffg5rdguqzjm-IVTT-DilutionPlate,Container(ct1ffg5rdguqzjm-IVTT-DilutionPlate),aq1ffxahfbnjz98,,,,,670:microliter,15,,
284,,,,,,,,,,ct1ffua5u29wgvw,ct1ffg5rdguqzjm-IVTT-DilutionPlate,Container(ct1ffg5rdguqzjm-IVTT-DilutionPlate),aq1ffxahfbnjz9a,,,,,670:microliter,16,,
285,,,,,,,,,,ct1ffua5u29wgvw,ct1ffg5rdguqzjm-IVTT-DilutionPlate,Container(ct1ffg5rdguqzjm-IVTT-DilutionPlate),aq1ffxahfbnjz9c,,,,,670:microliter,17,,
286,,,,,,,,,,ct1ffua5u29wgvw,ct1ffg5rdguqzjm-IVTT-DilutionPlate,Container(ct1ffg5rdguqzjm-IVTT-DilutionPlate),aq1ffxahfbpq7d9,,,,,670:microliter,18,,
287,,,,,,,,,,ct1ffua5u29wgvw,ct1ffg5rdguqzjm-IVTT-DilutionPlate,Container(ct1ffg5rdguqzjm-IVTT-DilutionPlate),aq1ffxahfbpq7db,,,,,670:microliter,19,,
288,,,,,,,,,,ct1ffua5u29wgvw,ct1ffg5rdguqzjm-IVTT-DilutionPlate,Container(ct1ffg5rdguqzjm-IVTT-DilutionPlate),aq1ffxahfbqudh9,,,,,670:microliter,20,,
289,,,,,,,,,,ct1ffua5u29wgvw,ct1ffg5rdguqzjm-IVTT-DilutionPlate,Container(ct1ffg5rdguqzjm-IVTT-DilutionPlate),aq1ffxahfbqudhb,,,,,670:microliter,21,,
290,,,,,,,,,,ct1ffua5u29wgvw,ct1ffg5rdguqzjm-IVTT-DilutionPlate,Container(ct1ffg5rdguqzjm-IVTT-DilutionPlate),aq1ffxahfbqudhd,,,,,670:microliter,22,,
291,,,,,,,,,,ct1ffua5u29wgvw,ct1ffg5rdguqzjm-IVTT-DilutionPlate,Container(ct1ffg5rdguqzjm-IVTT-DilutionPlate),aq1ffxahfbrykna,,,,,670:microliter,23,,
292,,,,,,,,,,ct1ffua5u29wgvw,ct1ffg5rdguqzjm-IVTT-DilutionPlate,Container(ct1ffg5rdguqzjm-IVTT-DilutionPlate),aq1ffxahfbryknc,,,,,670:microliter,24,,
293,,,,,,,,,,ct1ffua5u29wgvw,ct1ffg5rdguqzjm-IVTT-DilutionPlate,Container(ct1ffg5rdguqzjm-IVTT-DilutionPlate),aq1ffxahfbrykne,,,,,670:microliter,25,,
294,,,,,,,,,,ct1ffua5u29wgvw,ct1ffg5rdguqzjm-IVTT-DilutionPlate,Container(ct1ffg5rdguqzjm-IVTT-DilutionPlate),aq1ffxahfbt4ssb,,,,,670:microliter,26,,
295,,,,,,,,,,ct1ffua5u29wgvw,ct1ffg5rdguqzjm-IVTT-DilutionPlate,Container(ct1ffg5rdguqzjm-IVTT-DilutionPlate),aq1ffxahfbt4ssd,,,,,670:microliter,27,,
296,,,,,,,,,,ct1ffua5u29wgvw,ct1ffg5rdguqzjm-IVTT-DilutionPlate,Container(ct1ffg5rdguqzjm-IVTT-DilutionPlate),aq1ffxahfbt4ssf,,,,,670:microliter,28,,
297,,,,,,,,,,ct1ffua5u29wgvw,ct1ffg5rdguqzjm-IVTT-DilutionPlate,Container(ct1ffg5rdguqzjm-IVTT-DilutionPlate),aq1ffxahfbu8ywd,,,,,670:microliter,29,,
298,,,,,,,,,,ct1ffua5u29wgvw,ct1ffg5rdguqzjm-IVTT-DilutionPlate,Container(ct1ffg5rdguqzjm-IVTT-DilutionPlate),aq1ffxahfbu8ywf,,,,,670:microliter,30,,
299,,,,,,,,,,ct1ffua5u29wgvw,ct1ffg5rdguqzjm-IVTT-DilutionPlate,Container(ct1ffg5rdguqzjm-IVTT-DilutionPlate),aq1ffxahfbvd72d,,,,,670:microliter,31,,
300,,,,,,,,,,ct1ffua5u29wgvw,ct1ffg5rdguqzjm-IVTT-DilutionPlate,Container(ct1ffg5rdguqzjm-IVTT-DilutionPlate),aq1ffxahfbvd72f,,,,,670:microliter,32,,
301,,,,,,,,,,ct1ffua5u29wgvw,ct1ffg5rdguqzjm-IVTT-DilutionPlate,Container(ct1ffg5rdguqzjm-IVTT-DilutionPlate),aq1ffxahfbvd72h,,,,,670:microliter,33,,
302,,,,,,,,,,ct1ffua5u29wgvw,ct1ffg5rdguqzjm-IVTT-DilutionPlate,Container(ct1ffg5rdguqzjm-IVTT-DilutionPlate),aq1ffxahfbwhd6e,,,,,670:microliter,34,,
303,,,,,,,,,,ct1ffua5u29wgvw,ct1ffg5rdguqzjm-IVTT-DilutionPlate,Container(ct1ffg5rdguqzjm-IVTT-DilutionPlate),aq1ffxahfbwhd6g,,,,,670:microliter,35,,
304,,,,,,,,,,ct1ffua5u29wgvw,ct1ffg5rdguqzjm-IVTT-DilutionPlate,Container(ct1ffg5rdguqzjm-IVTT-DilutionPlate),aq1ffxahfbwhd6j,,,,,670:microliter,36,,
305,,,,,,,,,,ct1ffua5u29wgvw,ct1ffg5rdguqzjm-IVTT-DilutionPlate,Container(ct1ffg5rdguqzjm-IVTT-DilutionPlate),aq1ffxahfbxnkag,,,,,670:microliter,37,,
306,,,,,,,,,,ct1ffua5u29wgvw,ct1ffg5rdguqzjm-IVTT-DilutionPlate,Container(ct1ffg5rdguqzjm-IVTT-DilutionPlate),aq1ffxahfbxnkaj,,,,,670:microliter,38,,
307,,,,,,,,,,ct1ffua5u29wgvw,ct1ffg5rdguqzjm-IVTT-DilutionPlate,Container(ct1ffg5rdguqzjm-IVTT-DilutionPlate),aq1ffxahfbysseg,,,,,670:microliter,39,,
308,,,,,,,,,,ct1ffua5u29wgvw,ct1ffg5rdguqzjm-IVTT-DilutionPlate,Container(ct1ffg5rdguqzjm-IVTT-DilutionPlate),aq1ffxahfbyssej,,,,,670:microliter,40,,
309,,,,,,,,,,ct1ffua5u29wgvw,ct1ffg5rdguqzjm-IVTT-DilutionPlate,Container(ct1ffg5rdguqzjm-IVTT-DilutionPlate),aq1ffxahfbyssem,,,,,670:microliter,41,,
310,,,,,,,,,,ct1ffua5u29wgvw,ct1ffg5rdguqzjm-IVTT-DilutionPlate,Container(ct1ffg5rdguqzjm-IVTT-DilutionPlate),aq1ffxahfbzwyjh,,,,,670:microliter,42,,
311,,,,,,,,,,ct1ffua5u29wgvw,ct1ffg5rdguqzjm-IVTT-DilutionPlate,Container(ct1ffg5rdguqzjm-IVTT-DilutionPlate),aq1ffxahfbzwyjk,,,,,670:microliter,43,,
312,,,,,,,,,,ct1ffua5u29wgvw,ct1ffg5rdguqzjm-IVTT-DilutionPlate,Container(ct1ffg5rdguqzjm-IVTT-DilutionPlate),aq1ffxahfbzwyjn,,,,,670:microliter,44,,
313,,,,,,,,,,ct1ffua5u29wgvw,ct1ffg5rdguqzjm-IVTT-DilutionPlate,Container(ct1ffg5rdguqzjm-IVTT-DilutionPlate),aq1ffxahfc336pk,,,,,670:microliter,45,,
314,,,,,,,,,,ct1ffua5u29wgvw,ct1ffg5rdguqzjm-IVTT-DilutionPlate,Container(ct1ffg5rdguqzjm-IVTT-DilutionPlate),aq1ffxahfc336pn,,,,,670:microliter,46,,
315,,,,,,,,,,ct1ffua5u29wgvw,ct1ffg5rdguqzjm-IVTT-DilutionPlate,Container(ct1ffg5rdguqzjm-IVTT-DilutionPlate),aq1ffxahfc47ctk,,,,,670:microliter,47,,
316,,,,,,,,,,ct1ffua5u29wgvw,ct1ffg5rdguqzjm-IVTT-DilutionPlate,Container(ct1ffg5rdguqzjm-IVTT-DilutionPlate),aq1ffxahfc47ctn,,,,,670:microliter,48,,
317,,,,,,,,,,ct1ffua5u29wgvw,ct1ffg5rdguqzjm-IVTT-DilutionPlate,Container(ct1ffg5rdguqzjm-IVTT-DilutionPlate),aq1ffxahfc47ctq,,,,,670:microliter,49,,
318,,,,,,,,,,ct1ffua5u29wgvw,ct1ffg5rdguqzjm-IVTT-DilutionPlate,Container(ct1ffg5rdguqzjm-IVTT-DilutionPlate),aq1ffxahfc5bjxn,,,,,670:microliter,50,,
319,,,,,,,,,,ct1ffua5u29wgvw,ct1ffg5rdguqzjm-IVTT-DilutionPlate,Container(ct1ffg5rdguqzjm-IVTT-DilutionPlate),aq1ffxahfc5bjxq,,,,,670:microliter,51,,
320,,,,,,,,,,ct1ffua5u29wgvw,ct1ffg5rdguqzjm-IVTT-DilutionPlate,Container(ct1ffg5rdguqzjm-IVTT-DilutionPlate),aq1ffxahfc6fs3n,,,,,670:microliter,52,,
321,,,,,,,,,,ct1ffua5u29wgvw,ct1ffg5rdguqzjm-IVTT-DilutionPlate,Container(ct1ffg5rdguqzjm-IVTT-DilutionPlate),aq1ffxahfc6fs3q,,,,,670:microliter,53,,
322,,,,,,,,,,ct1ffua5u29wgvw,ct1ffg5rdguqzjm-IVTT-DilutionPlate,Container(ct1ffg5rdguqzjm-IVTT-DilutionPlate),aq1ffxahfc6fs3s,,,,,670:microliter,54,,
323,,,,,,,,,,ct1ffua5u29wgvw,ct1ffg5rdguqzjm-IVTT-DilutionPlate,Container(ct1ffg5rdguqzjm-IVTT-DilutionPlate),aq1ffxahfc7ky7p,,,,,670:microliter,55,,
324,,,,,,,,,,ct1ffua5u29wgvw,ct1ffg5rdguqzjm-IVTT-DilutionPlate,Container(ct1ffg5rdguqzjm-IVTT-DilutionPlate),aq1ffxahfc7ky7r,,,,,670:microliter,56,,
325,,,,,,,,,,ct1ffua5u29wgvw,ct1ffg5rdguqzjm-IVTT-DilutionPlate,Container(ct1ffg5rdguqzjm-IVTT-DilutionPlate),aq1ffxahfc7ky7t,,,,,670:microliter,57,,
326,,,,,,,,,,ct1ffua5u29wgvw,ct1ffg5rdguqzjm-IVTT-DilutionPlate,Container(ct1ffg5rdguqzjm-IVTT-DilutionPlate),aq1ffxahfc8r6br,,,,,670:microliter,58,,
327,,,,,,,,,,ct1ffua5u29wgvw,ct1ffg5rdguqzjm-IVTT-DilutionPlate,Container(ct1ffg5rdguqzjm-IVTT-DilutionPlate),aq1ffxahfc8r6bt,,,,,670:microliter,59,,
328,,,,,,,,,,ct1ffua5u29wgvw,ct1ffg5rdguqzjm-IVTT-DilutionPlate,Container(ct1ffg5rdguqzjm-IVTT-DilutionPlate),aq1ffxahfc9vcfr,,,,,670:microliter,60,,
329,,,,,,,,,,ct1ffua5u29wgvw,ct1ffg5rdguqzjm-IVTT-DilutionPlate,Container(ct1ffg5rdguqzjm-IVTT-DilutionPlate),aq1ffxahfc9vcft,,,,,670:microliter,61,,
330,,,,,,,,,,ct1ffua5u29wgvw,ct1ffg5rdguqzjm-IVTT-DilutionPlate,Container(ct1ffg5rdguqzjm-IVTT-DilutionPlate),aq1ffxahfc9vcfv,,,,,670:microliter,62,,
331,,,,,,,,,,ct1ffua5u29wgvw,ct1ffg5rdguqzjm-IVTT-DilutionPlate,Container(ct1ffg5rdguqzjm-IVTT-DilutionPlate),aq1ffxahfcazjkt,,,,,670:microliter,63,,
332,,,,,,,,,,ct1ffua5u29wgvw,ct1ffg5rdguqzjm-IVTT-DilutionPlate,Container(ct1ffg5rdguqzjm-IVTT-DilutionPlate),aq1ffxahfcazjkv,,,,,670:microliter,64,,
333,,,,,,,,,,ct1ffua5u29wgvw,ct1ffg5rdguqzjm-IVTT-DilutionPlate,Container(ct1ffg5rdguqzjm-IVTT-DilutionPlate),aq1ffxahfcc5rqt,,,,,670:microliter,65,,
334,,,,,,,,,,ct1ffua5u29wgvw,ct1ffg5rdguqzjm-IVTT-DilutionPlate,Container(ct1ffg5rdguqzjm-IVTT-DilutionPlate),aq1ffxahfcc5rqv,,,,,670:microliter,66,,
335,,,,,,,,,,ct1ffua5u29wgvw,ct1ffg5rdguqzjm-IVTT-DilutionPlate,Container(ct1ffg5rdguqzjm-IVTT-DilutionPlate),aq1ffxahfcc5rqx,,,,,670:microliter,67,,
336,,,,,,,,,,ct1ffua5u29wgvw,ct1ffg5rdguqzjm-IVTT-DilutionPlate,Container(ct1ffg5rdguqzjm-IVTT-DilutionPlate),aq1ffxahfcd9xuv,,,,,670:microliter,68,,
337,,,,,,,,,,ct1ffua5u29wgvw,ct1ffg5rdguqzjm-IVTT-DilutionPlate,Container(ct1ffg5rdguqzjm-IVTT-DilutionPlate),aq1ffxahfcd9xux,,,,,670:microliter,69,,
338,,,,,,,,,,ct1ffua5u29wgvw,ct1ffg5rdguqzjm-IVTT-DilutionPlate,Container(ct1ffg5rdguqzjm-IVTT-DilutionPlate),aq1ffxahfcee5yw,,,,,670:microliter,70,,
339,,,,,,,,,,ct1ffua5u29wgvw,ct1ffg5rdguqzjm-IVTT-DilutionPlate,Container(ct1ffg5rdguqzjm-IVTT-DilutionPlate),aq1ffxahfcee5yy,,,,,670:microliter,71,,
340,,,,,,,,,,ct1ffua5u29wgvw,ct1ffg5rdguqzjm-IVTT-DilutionPlate,Container(ct1ffg5rdguqzjm-IVTT-DilutionPlate),aq1ffxahfcfjc4w,,,,,670:microliter,72,,
341,,,,,,,,,,ct1ffua5u29wgvw,ct1ffg5rdguqzjm-IVTT-DilutionPlate,Container(ct1ffg5rdguqzjm-IVTT-DilutionPlate),aq1ffxahfcfjc4y,,,,,670:microliter,73,,
342,,,,,,,,,,ct1ffua5u29wgvw,ct1ffg5rdguqzjm-IVTT-DilutionPlate,Container(ct1ffg5rdguqzjm-IVTT-DilutionPlate),aq1ffxahfcfjc52,,,,,670:microliter,74,,
343,,,,,,,,,,ct1ffua5u29wgvw,ct1ffg5rdguqzjm-IVTT-DilutionPlate,Container(ct1ffg5rdguqzjm-IVTT-DilutionPlate),aq1ffxahfcgpj8y,,,,,670:microliter,75,,
344,,,,,,,,,,ct1ffua5u29wgvw,ct1ffg5rdguqzjm-IVTT-DilutionPlate,Container(ct1ffg5rdguqzjm-IVTT-DilutionPlate),aq1ffxahfcgpj92,,,,,670:microliter,76,,
345,,,,,,,,,,ct1ffua5u29wgvw,ct1ffg5rdguqzjm-IVTT-DilutionPlate,Container(ct1ffg5rdguqzjm-IVTT-DilutionPlate),aq1ffxahfchtrcy,,,,,670:microliter,77,,
346,,,,,,,,,,ct1ffua5u29wgvw,ct1ffg5rdguqzjm-IVTT-DilutionPlate,Container(ct1ffg5rdguqzjm-IVTT-DilutionPlate),aq1ffxahfchtrd2,,,,,670:microliter,78,,
347,,,,,,,,,,ct1ffua5u29wgvw,ct1ffg5rdguqzjm-IVTT-DilutionPlate,Container(ct1ffg5rdguqzjm-IVTT-DilutionPlate),aq1ffxahfchtrd4,,,,,670:microliter,79,,
348,,,,,,,,,,ct1ffua5u29wgvw,ct1ffg5rdguqzjm-IVTT-DilutionPlate,Container(ct1ffg5rdguqzjm-IVTT-DilutionPlate),aq1ffxahfcjxxh2,,,,,670:microliter,80,,
349,,,,,,,,,,ct1ffua5u29wgvw,ct1ffg5rdguqzjm-IVTT-DilutionPlate,Container(ct1ffg5rdguqzjm-IVTT-DilutionPlate),aq1ffxahfcjxxh4,,,,,670:microliter,81,,
350,,,,,,,,,,ct1ffua5u29wgvw,ct1ffg5rdguqzjm-IVTT-DilutionPlate,Container(ct1ffg5rdguqzjm-IVTT-DilutionPlate),aq1ffxahfcm45n2,,,,,670:microliter,82,,
351,,,,,,,,,,ct1ffua5u29wgvw,ct1ffg5rdguqzjm-IVTT-DilutionPlate,Container(ct1ffg5rdguqzjm-IVTT-DilutionPlate),aq1ffxahfcm45n4,,,,,670:microliter,83,,
352,,,,,,,,,,ct1ffua5u29wgvw,ct1ffg5rdguqzjm-IVTT-DilutionPlate,Container(ct1ffg5rdguqzjm-IVTT-DilutionPlate),aq1ffxahfcn8bs3,,,,,670:microliter,84,,
353,,,,,,,,,,ct1ffua5u29wgvw,ct1ffg5rdguqzjm-IVTT-DilutionPlate,Container(ct1ffg5rdguqzjm-IVTT-DilutionPlate),aq1ffxahfcn8bs5,,,,,670:microliter,85,,
354,,,,,,,,,,ct1ffua5u29wgvw,ct1ffg5rdguqzjm-IVTT-DilutionPlate,Container(ct1ffg5rdguqzjm-IVTT-DilutionPlate),aq1ffxahfcn8bs7,,,,,670:microliter,86,,
355,,,,,,,,,,ct1ffua5u29wgvw,ct1ffg5rdguqzjm-IVTT-DilutionPlate,Container(ct1ffg5rdguqzjm-IVTT-DilutionPlate),aq1ffxahfcpchw5,,,,,670:microliter,87,,
356,,,,,,,,,,ct1ffua5u29wgvw,ct1ffg5rdguqzjm-IVTT-DilutionPlate,Container(ct1ffg5rdguqzjm-IVTT-DilutionPlate),aq1ffxahfcpchw7,,,,,670:microliter,88,,
357,,,,,,,,,,ct1ffua5u29wgvw,ct1ffg5rdguqzjm-IVTT-DilutionPlate,Container(ct1ffg5rdguqzjm-IVTT-DilutionPlate),aq1ffxahfcqgr25,,,,,670:microliter,89,,
358,,,,,,,,,,ct1ffua5u29wgvw,ct1ffg5rdguqzjm-IVTT-DilutionPlate,Container(ct1ffg5rdguqzjm-IVTT-DilutionPlate),aq1ffxahfcqgr27,,,,,670:microliter,90,,
359,,,,,,,,,,ct1ffua5u29wgvw,ct1ffg5rdguqzjm-IVTT-DilutionPlate,Container(ct1ffg5rdguqzjm-IVTT-DilutionPlate),aq1ffxahfcqgr29,,,,,670:microliter,91,,
360,,,,,,,,,,ct1ffua5u29wgvw,ct1ffg5rdguqzjm-IVTT-DilutionPlate,Container(ct1ffg5rdguqzjm-IVTT-DilutionPlate),aq1ffxahfcrmx67,,,,,670:microliter,92,,
361,,,,,,,,,,ct1ffua5u29wgvw,ct1ffg5rdguqzjm-IVTT-DilutionPlate,Container(ct1ffg5rdguqzjm-IVTT-DilutionPlate),aq1ffxahfcrmx69,,,,,670:microliter,93,,
362,,,,,,,,,,ct1ffua5u29wgvw,ct1ffg5rdguqzjm-IVTT-DilutionPlate,Container(ct1ffg5rdguqzjm-IVTT-DilutionPlate),aq1ffxahfcss5a7,,,,,670:microliter,94,,
363,,,,,,,,,,ct1ffua5u29wgvw,ct1ffg5rdguqzjm-IVTT-DilutionPlate,Container(ct1ffg5rdguqzjm-IVTT-DilutionPlate),aq1ffxahfcss5a9,,,,,670:microliter,95,,
364,,,,,,,,,,ct1ffua5tzxpqqm,Dilution-Water,Container(Dilution-Water),aq1ffx9m6rjvps8,,Reagent,87.6:milliliter,rs1esgu7zf2ztkq,30000:microliter,0,,
365,Protein,rs1f47z2uft2kyv,20:microliter,Protein,rs1f47z3qb2zdga,40:microliter,,,,ct1ffg5rdguqzjm,ct1fdrbvet5khpa-IVTT-Plate,Container(ct1fdrbvet5khpa-IVTT-Plate),aq1ffg7bb369by3,IVTTReaction,,,,5:microliter,0,,ct1fdrbvet5khpa:0
366,Protein,rs1f47z2uft2kyv,20:microliter,Protein,rs1f47z3qb2zdga,40:microliter,,,,ct1ffg5rdguqzjm,ct1fdrbvet5khpa-IVTT-Plate,Container(ct1fdrbvet5khpa-IVTT-Plate),aq1ffg7bb37dj45,IVTTReaction,,,,5:microliter,1,,ct1fdrbvet5khpa:1
367,Protein,rs1f47z2uft2kyv,20:microliter,Protein,rs1f47z3qb2zdga,40:microliter,,,,ct1ffg5rdguqzjm,ct1fdrbvet5khpa-IVTT-Plate,Container(ct1fdrbvet5khpa-IVTT-Plate),aq1ffg7bb37dj48,IVTTReaction,,,,5:microliter,2,,ct1fdrbvet5khpa:2
368,Protein,rs1f47z2uft2kyv,20:microliter,Protein,rs1f47z3qb2zdga,40:microliter,,,,ct1ffg5rdguqzjm,ct1fdrbvet5khpa-IVTT-Plate,Container(ct1fdrbvet5khpa-IVTT-Plate),aq1ffg7bb38hr87,IVTTReaction,,,,5:microliter,3,,ct1fdrbvet5khpa:3
369,,,,,,,,,,ct1ffg5rdguqzjm,ct1fdrbvet5khpa-IVTT-Plate,Container(ct1fdrbvet5khpa-IVTT-Plate),aq1ffg7g52zpg77,,,,,-55:microliter,4,,ct1fdrbvet5khpa:4
370,,,,,,,,,,ct1ffg5rdguqzjm,ct1fdrbvet5khpa-IVTT-Plate,Container(ct1fdrbvet5khpa-IVTT-Plate),aq1ffg7g532tpb4,,,,,-55:microliter,5,,ct1fdrbvet5khpa:5
371,,,,,,,,,,ct1ffg5rdguqzjm,ct1fdrbvet5khpa-IVTT-Plate,Container(ct1fdrbvet5khpa-IVTT-Plate),aq1ffg7g532tpb6,,,,,-55:microliter,6,,ct1fdrbvet5khpa:6
372,,,,,,,,,,ct1ffg5rdguqzjm,ct1fdrbvet5khpa-IVTT-Plate,Container(ct1fdrbvet5khpa-IVTT-Plate),aq1ffg7g532tpb8,,,,,-55:microliter,7,,ct1fdrbvet5khpa:7
373,,,,,,,,,,ct1ffg5rdguqzjm,ct1fdrbvet5khpa-IVTT-Plate,Container(ct1fdrbvet5khpa-IVTT-Plate),aq1ffg7g533xvf5,,,,,-55:microliter,8,,ct1fdrbvet5khpa:8
374,,,,,,,,,,ct1ffg5rdguqzjm,ct1fdrbvet5khpa-IVTT-Plate,Container(ct1fdrbvet5khpa-IVTT-Plate),aq1ffg7g533xvf7,,,,,-55:microliter,9,,ct1fdrbvet5khpa:9
375,,,,,,,,,,ct1ffg5rdguqzjm,ct1fdrbvet5khpa-IVTT-Plate,Container(ct1fdrbvet5khpa-IVTT-Plate),aq1ffg7g533xvf9,,,,,-55:microliter,10,,ct1fdrbvet5khpa:10
376,,,,,,,,,,ct1ffg5rdguqzjm,ct1fdrbvet5khpa-IVTT-Plate,Container(ct1fdrbvet5khpa-IVTT-Plate),aq1ffg7g53543k7,,,,,-55:microliter,11,,ct1fdrbvet5khpa:11
377,,,,,,,,,,ct1ffg5rdguqzjm,ct1fdrbvet5khpa-IVTT-Plate,Container(ct1fdrbvet5khpa-IVTT-Plate),aq1ffg7g53543k9,,,,,-55:microliter,12,,ct1fdrbvet5khpa:12
378,,,,,,,,,,ct1ffg5rdguqzjm,ct1fdrbvet5khpa-IVTT-Plate,Container(ct1fdrbvet5khpa-IVTT-Plate),aq1ffg7g53689q7,,,,,-55:microliter,13,,ct1fdrbvet5khpa:13
379,,,,,,,,,,ct1ffg5rdguqzjm,ct1fdrbvet5khpa-IVTT-Plate,Container(ct1fdrbvet5khpa-IVTT-Plate),aq1ffg7g53689q9,,,,,-55:microliter,14,,ct1fdrbvet5khpa:14
380,,,,,,,,,,ct1ffg5rdguqzjm,ct1fdrbvet5khpa-IVTT-Plate,Container(ct1fdrbvet5khpa-IVTT-Plate),aq1ffg7g53689qb,,,,,-55:microliter,15,,ct1fdrbvet5khpa:15
381,,,,,,,,,,ct1ffg5rdguqzjm,ct1fdrbvet5khpa-IVTT-Plate,Container(ct1fdrbvet5khpa-IVTT-Plate),aq1ffg7g537cfu8,,,,,-55:microliter,16,,ct1fdrbvet5khpa:16
382,,,,,,,,,,ct1ffg5rdguqzjm,ct1fdrbvet5khpa-IVTT-Plate,Container(ct1fdrbvet5khpa-IVTT-Plate),aq1ffg7g537cfua,,,,,-55:microliter,17,,ct1fdrbvet5khpa:17
383,,,,,,,,,,ct1ffg5rdguqzjm,ct1fdrbvet5khpa-IVTT-Plate,Container(ct1fdrbvet5khpa-IVTT-Plate),aq1ffg7g537cfuc,,,,,-55:microliter,18,,ct1fdrbvet5khpa:18
384,,,,,,,,,,ct1ffg5rdguqzjm,ct1fdrbvet5khpa-IVTT-Plate,Container(ct1fdrbvet5khpa-IVTT-Plate),aq1ffg7g538gny9,,,,,-55:microliter,19,,ct1fdrbvet5khpa:19
385,,,,,,,,,,ct1ffg5rdguqzjm,ct1fdrbvet5khpa-IVTT-Plate,Container(ct1fdrbvet5khpa-IVTT-Plate),aq1ffg7g538gnyb,,,,,-55:microliter,20,,ct1fdrbvet5khpa:20
386,,,,,,,,,,ct1ffg5rdguqzjm,ct1fdrbvet5khpa-IVTT-Plate,Container(ct1fdrbvet5khpa-IVTT-Plate),aq1ffg7g538gnyd,,,,,-55:microliter,21,,ct1fdrbvet5khpa:21
387,,,,,,,,,,ct1ffg5rdguqzjm,ct1fdrbvet5khpa-IVTT-Plate,Container(ct1fdrbvet5khpa-IVTT-Plate),aq1ffg7g539mv4b,,,,,-55:microliter,22,,ct1fdrbvet5khpa:22
388,,,,,,,,,,ct1ffg5rdguqzjm,ct1fdrbvet5khpa-IVTT-Plate,Container(ct1fdrbvet5khpa-IVTT-Plate),aq1ffg7g539mv4d,,,,,-55:microliter,23,,ct1fdrbvet5khpa:23
389,,,,,,,,,,ct1ffg5rdguqzjm,ct1fdrbvet5khpa-IVTT-Plate,Container(ct1fdrbvet5khpa-IVTT-Plate),aq1ffg7g53as38b,,,,,-55:microliter,24,,ct1fdrbvet5khpa:24
390,,,,,,,,,,ct1ffg5rdguqzjm,ct1fdrbvet5khpa-IVTT-Plate,Container(ct1fdrbvet5khpa-IVTT-Plate),aq1ffg7g53as38d,,,,,-55:microliter,25,,ct1fdrbvet5khpa:25
391,,,,,,,,,,ct1ffg5rdguqzjm,ct1fdrbvet5khpa-IVTT-Plate,Container(ct1fdrbvet5khpa-IVTT-Plate),aq1ffg7g53as38f,,,,,-55:microliter,26,,ct1fdrbvet5khpa:26
392,,,,,,,,,,ct1ffg5rdguqzjm,ct1fdrbvet5khpa-IVTT-Plate,Container(ct1fdrbvet5khpa-IVTT-Plate),aq1ffg7g53bw9cc,,,,,-55:microliter,27,,ct1fdrbvet5khpa:27
393,,,,,,,,,,ct1ffg5rdguqzjm,ct1fdrbvet5khpa-IVTT-Plate,Container(ct1fdrbvet5khpa-IVTT-Plate),aq1ffg7g53bw9ce,,,,,-55:microliter,28,,ct1fdrbvet5khpa:28
394,,,,,,,,,,ct1ffg5rdguqzjm,ct1fdrbvet5khpa-IVTT-Plate,Container(ct1fdrbvet5khpa-IVTT-Plate),aq1ffg7g53bw9cg,,,,,-55:microliter,29,,ct1fdrbvet5khpa:29
395,,,,,,,,,,ct1ffg5rdguqzjm,ct1fdrbvet5khpa-IVTT-Plate,Container(ct1fdrbvet5khpa-IVTT-Plate),aq1ffg7g53d2fge,,,,,-55:microliter,30,,ct1fdrbvet5khpa:30
396,,,,,,,,,,ct1ffg5rdguqzjm,ct1fdrbvet5khpa-IVTT-Plate,Container(ct1fdrbvet5khpa-IVTT-Plate),aq1ffg7g53d2fgg,,,,,-55:microliter,31,,ct1fdrbvet5khpa:31
397,,,,,,,,,,ct1ffg5rdguqzjm,ct1fdrbvet5khpa-IVTT-Plate,Container(ct1fdrbvet5khpa-IVTT-Plate),aq1ffg7g53e6nme,,,,,-55:microliter,32,,ct1fdrbvet5khpa:32
398,,,,,,,,,,ct1ffg5rdguqzjm,ct1fdrbvet5khpa-IVTT-Plate,Container(ct1fdrbvet5khpa-IVTT-Plate),aq1ffg7g53e6nmg,,,,,-55:microliter,33,,ct1fdrbvet5khpa:33
399,,,,,,,,,,ct1ffg5rdguqzjm,ct1fdrbvet5khpa-IVTT-Plate,Container(ct1fdrbvet5khpa-IVTT-Plate),aq1ffg7g53e6nmj,,,,,-55:microliter,34,,ct1fdrbvet5khpa:34
400,,,,,,,,,,ct1ffg5rdguqzjm,ct1fdrbvet5khpa-IVTT-Plate,Container(ct1fdrbvet5khpa-IVTT-Plate),aq1ffg7g53faurf,,,,,-55:microliter,35,,ct1fdrbvet5khpa:35
401,,,,,,,,,,ct1ffg5rdguqzjm,ct1fdrbvet5khpa-IVTT-Plate,Container(ct1fdrbvet5khpa-IVTT-Plate),aq1ffg7g53faurh,,,,,-55:microliter,36,,ct1fdrbvet5khpa:36
402,,,,,,,,,,ct1ffg5rdguqzjm,ct1fdrbvet5khpa-IVTT-Plate,Container(ct1fdrbvet5khpa-IVTT-Plate),aq1ffg7g53faurk,,,,,-55:microliter,37,,ct1fdrbvet5khpa:37
403,,,,,,,,,,ct1ffg5rdguqzjm,ct1fdrbvet5khpa-IVTT-Plate,Container(ct1fdrbvet5khpa-IVTT-Plate),aq1ffg7g53gf2vh,,,,,-55:microliter,38,,ct1fdrbvet5khpa:38
404,,,,,,,,,,ct1ffg5rdguqzjm,ct1fdrbvet5khpa-IVTT-Plate,Container(ct1fdrbvet5khpa-IVTT-Plate),aq1ffg7g53gf2vk,,,,,-55:microliter,39,,ct1fdrbvet5khpa:39
405,,,,,,,,,,ct1ffg5rdguqzjm,ct1fdrbvet5khpa-IVTT-Plate,Container(ct1fdrbvet5khpa-IVTT-Plate),aq1ffg7g53hk8zh,,,,,-55:microliter,40,,ct1fdrbvet5khpa:40
406,,,,,,,,,,ct1ffg5rdguqzjm,ct1fdrbvet5khpa-IVTT-Plate,Container(ct1fdrbvet5khpa-IVTT-Plate),aq1ffg7g53hk8zk,,,,,-55:microliter,41,,ct1fdrbvet5khpa:41
407,,,,,,,,,,ct1ffg5rdguqzjm,ct1fdrbvet5khpa-IVTT-Plate,Container(ct1fdrbvet5khpa-IVTT-Plate),aq1ffg7g53hk8zn,,,,,-55:microliter,42,,ct1fdrbvet5khpa:42
408,,,,,,,,,,ct1ffg5rdguqzjm,ct1fdrbvet5khpa-IVTT-Plate,Container(ct1fdrbvet5khpa-IVTT-Plate),aq1ffg7g53jqf5j,,,,,-55:microliter,43,,ct1fdrbvet5khpa:43
409,,,,,,,,,,ct1ffg5rdguqzjm,ct1fdrbvet5khpa-IVTT-Plate,Container(ct1fdrbvet5khpa-IVTT-Plate),aq1ffg7g53jqf5m,,,,,-55:microliter,44,,ct1fdrbvet5khpa:44
410,,,,,,,,,,ct1ffg5rdguqzjm,ct1fdrbvet5khpa-IVTT-Plate,Container(ct1fdrbvet5khpa-IVTT-Plate),aq1ffg7g53kun9k,,,,,-55:microliter,45,,ct1fdrbvet5khpa:45
411,,,,,,,,,,ct1ffg5rdguqzjm,ct1fdrbvet5khpa-IVTT-Plate,Container(ct1fdrbvet5khpa-IVTT-Plate),aq1ffg7g53kun9n,,,,,-55:microliter,46,,ct1fdrbvet5khpa:46
412,,,,,,,,,,ct1ffg5rdguqzjm,ct1fdrbvet5khpa-IVTT-Plate,Container(ct1fdrbvet5khpa-IVTT-Plate),aq1ffg7g53kun9q,,,,,-55:microliter,47,,ct1fdrbvet5khpa:47
413,,,,,,,,,,ct1ffg5rdguqzjm,ct1fdrbvet5khpa-IVTT-Plate,Container(ct1fdrbvet5khpa-IVTT-Plate),aq1ffg7g53myudm,,,,,-55:microliter,48,,ct1fdrbvet5khpa:48
414,,,,,,,,,,ct1ffg5rdguqzjm,ct1fdrbvet5khpa-IVTT-Plate,Container(ct1fdrbvet5khpa-IVTT-Plate),aq1ffg7g53myudp,,,,,-55:microliter,49,,ct1fdrbvet5khpa:49
415,,,,,,,,,,ct1ffg5rdguqzjm,ct1fdrbvet5khpa-IVTT-Plate,Container(ct1fdrbvet5khpa-IVTT-Plate),aq1ffg7g53myudr,,,,,-55:microliter,50,,ct1fdrbvet5khpa:50
416,,,,,,,,,,ct1ffg5rdguqzjm,ct1fdrbvet5khpa-IVTT-Plate,Container(ct1fdrbvet5khpa-IVTT-Plate),aq1ffg7g53p52hp,,,,,-55:microliter,51,,ct1fdrbvet5khpa:51
417,,,,,,,,,,ct1ffg5rdguqzjm,ct1fdrbvet5khpa-IVTT-Plate,Container(ct1fdrbvet5khpa-IVTT-Plate),aq1ffg7g53p52hr,,,,,-55:microliter,52,,ct1fdrbvet5khpa:52
418,,,,,,,,,,ct1ffg5rdguqzjm,ct1fdrbvet5khpa-IVTT-Plate,Container(ct1fdrbvet5khpa-IVTT-Plate),aq1ffg7g53q98np,,,,,-55:microliter,53,,ct1fdrbvet5khpa:53
419,,,,,,,,,,ct1ffg5rdguqzjm,ct1fdrbvet5khpa-IVTT-Plate,Container(ct1fdrbvet5khpa-IVTT-Plate),aq1ffg7g53q98nr,,,,,-55:microliter,54,,ct1fdrbvet5khpa:54
420,,,,,,,,,,ct1ffg5rdguqzjm,ct1fdrbvet5khpa-IVTT-Plate,Container(ct1fdrbvet5khpa-IVTT-Plate),aq1ffg7g53q98nt,,,,,-55:microliter,55,,ct1fdrbvet5khpa:55
421,,,,,,,,,,ct1ffg5rdguqzjm,ct1fdrbvet5khpa-IVTT-Plate,Container(ct1fdrbvet5khpa-IVTT-Plate),aq1ffg7g53rdesr,,,,,-55:microliter,56,,ct1fdrbvet5khpa:56
422,,,,,,,,,,ct1ffg5rdguqzjm,ct1fdrbvet5khpa-IVTT-Plate,Container(ct1fdrbvet5khpa-IVTT-Plate),aq1ffg7g53rdest,,,,,-55:microliter,57,,ct1fdrbvet5khpa:57
423,,,,,,,,,,ct1ffg5rdguqzjm,ct1fdrbvet5khpa-IVTT-Plate,Container(ct1fdrbvet5khpa-IVTT-Plate),aq1ffg7g53shmwr,,,,,-55:microliter,58,,ct1fdrbvet5khpa:58
424,,,,,,,,,,ct1ffg5rdguqzjm,ct1fdrbvet5khpa-IVTT-Plate,Container(ct1fdrbvet5khpa-IVTT-Plate),aq1ffg7g53shmwt,,,,,-55:microliter,59,,ct1fdrbvet5khpa:59
425,,,,,,,,,,ct1ffg5rdguqzjm,ct1fdrbvet5khpa-IVTT-Plate,Container(ct1fdrbvet5khpa-IVTT-Plate),aq1ffg7g53shmwv,,,,,-55:microliter,60,,ct1fdrbvet5khpa:60
426,,,,,,,,,,ct1ffg5rdguqzjm,ct1fdrbvet5khpa-IVTT-Plate,Container(ct1fdrbvet5khpa-IVTT-Plate),aq1ffg7g53tnu2s,,,,,-55:microliter,61,,ct1fdrbvet5khpa:61
427,,,,,,,,,,ct1ffg5rdguqzjm,ct1fdrbvet5khpa-IVTT-Plate,Container(ct1fdrbvet5khpa-IVTT-Plate),aq1ffg7g53tnu2u,,,,,-55:microliter,62,,ct1fdrbvet5khpa:62
428,,,,,,,,,,ct1ffg5rdguqzjm,ct1fdrbvet5khpa-IVTT-Plate,Container(ct1fdrbvet5khpa-IVTT-Plate),aq1ffg7g53ut26t,,,,,-55:microliter,63,,ct1fdrbvet5khpa:63
429,,,,,,,,,,ct1ffg5rdguqzjm,ct1fdrbvet5khpa-IVTT-Plate,Container(ct1fdrbvet5khpa-IVTT-Plate),aq1ffg7g53ut26v,,,,,-55:microliter,64,,ct1fdrbvet5khpa:64
430,,,,,,,,,,ct1ffg5rdguqzjm,ct1fdrbvet5khpa-IVTT-Plate,Container(ct1fdrbvet5khpa-IVTT-Plate),aq1ffg7g53ut26x,,,,,-55:microliter,65,,ct1fdrbvet5khpa:65
431,,,,,,,,,,ct1ffg5rdguqzjm,ct1fdrbvet5khpa-IVTT-Plate,Container(ct1fdrbvet5khpa-IVTT-Plate),aq1ffg7g53vx8au,,,,,-55:microliter,66,,ct1fdrbvet5khpa:66
432,,,,,,,,,,ct1ffg5rdguqzjm,ct1fdrbvet5khpa-IVTT-Plate,Container(ct1fdrbvet5khpa-IVTT-Plate),aq1ffg7g53vx8aw,,,,,-55:microliter,67,,ct1fdrbvet5khpa:67
433,,,,,,,,,,ct1ffg5rdguqzjm,ct1fdrbvet5khpa-IVTT-Plate,Container(ct1fdrbvet5khpa-IVTT-Plate),aq1ffg7g53x3eev,,,,,-55:microliter,68,,ct1fdrbvet5khpa:68
434,,,,,,,,,,ct1ffg5rdguqzjm,ct1fdrbvet5khpa-IVTT-Plate,Container(ct1fdrbvet5khpa-IVTT-Plate),aq1ffg7g53x3eex,,,,,-55:microliter,69,,ct1fdrbvet5khpa:69
435,,,,,,,,,,ct1ffg5rdguqzjm,ct1fdrbvet5khpa-IVTT-Plate,Container(ct1fdrbvet5khpa-IVTT-Plate),aq1ffg7g53x3eez,,,,,-55:microliter,70,,ct1fdrbvet5khpa:70
436,,,,,,,,,,ct1ffg5rdguqzjm,ct1fdrbvet5khpa-IVTT-Plate,Container(ct1fdrbvet5khpa-IVTT-Plate),aq1ffg7g53y7mjw,,,,,-55:microliter,71,,ct1fdrbvet5khpa:71
437,,,,,,,,,,ct1ffg5rdguqzjm,ct1fdrbvet5khpa-IVTT-Plate,Container(ct1fdrbvet5khpa-IVTT-Plate),aq1ffg7g53y7mjy,,,,,-55:microliter,72,,ct1fdrbvet5khpa:72
438,,,,,,,,,,ct1ffg5rdguqzjm,ct1fdrbvet5khpa-IVTT-Plate,Container(ct1fdrbvet5khpa-IVTT-Plate),aq1ffg7g53y7mk2,,,,,-55:microliter,73,,ct1fdrbvet5khpa:73
439,,,,,,,,,,ct1ffg5rdguqzjm,ct1fdrbvet5khpa-IVTT-Plate,Container(ct1fdrbvet5khpa-IVTT-Plate),aq1ffg7g53zbtpy,,,,,-55:microliter,74,,ct1fdrbvet5khpa:74
440,,,,,,,,,,ct1ffg5rdguqzjm,ct1fdrbvet5khpa-IVTT-Plate,Container(ct1fdrbvet5khpa-IVTT-Plate),aq1ffg7g53zbtq2,,,,,-55:microliter,75,,ct1fdrbvet5khpa:75
441,,,,,,,,,,ct1ffg5rdguqzjm,ct1fdrbvet5khpa-IVTT-Plate,Container(ct1fdrbvet5khpa-IVTT-Plate),aq1ffg7g542fztz,,,,,-55:microliter,76,,ct1fdrbvet5khpa:76
442,,,,,,,,,,ct1ffg5rdguqzjm,ct1fdrbvet5khpa-IVTT-Plate,Container(ct1fdrbvet5khpa-IVTT-Plate),aq1ffg7g542fzu3,,,,,-55:microliter,77,,ct1fdrbvet5khpa:77
443,,,,,,,,,,ct1ffg5rdguqzjm,ct1fdrbvet5khpa-IVTT-Plate,Container(ct1fdrbvet5khpa-IVTT-Plate),aq1ffg7g543m7xz,,,,,-55:microliter,78,,ct1fdrbvet5khpa:78
444,,,,,,,,,,ct1ffg5rdguqzjm,ct1fdrbvet5khpa-IVTT-Plate,Container(ct1fdrbvet5khpa-IVTT-Plate),aq1ffg7g543m7y3,,,,,-55:microliter,79,,ct1fdrbvet5khpa:79
445,,,,,,,,,,ct1ffg5rdguqzjm,ct1fdrbvet5khpa-IVTT-Plate,Container(ct1fdrbvet5khpa-IVTT-Plate),aq1ffg7g544re42,,,,,-55:microliter,80,,ct1fdrbvet5khpa:80
446,,,,,,,,,,ct1ffg5rdguqzjm,ct1fdrbvet5khpa-IVTT-Plate,Container(ct1fdrbvet5khpa-IVTT-Plate),aq1ffg7g544re44,,,,,-55:microliter,81,,ct1fdrbvet5khpa:81
447,,,,,,,,,,ct1ffg5rdguqzjm,ct1fdrbvet5khpa-IVTT-Plate,Container(ct1fdrbvet5khpa-IVTT-Plate),aq1ffg7g544re46,,,,,-55:microliter,82,,ct1fdrbvet5khpa:82
448,,,,,,,,,,ct1ffg5rdguqzjm,ct1fdrbvet5khpa-IVTT-Plate,Container(ct1fdrbvet5khpa-IVTT-Plate),aq1ffg7g545vm84,,,,,-55:microliter,83,,ct1fdrbvet5khpa:83
449,,,,,,,,,,ct1ffg5rdguqzjm,ct1fdrbvet5khpa-IVTT-Plate,Container(ct1fdrbvet5khpa-IVTT-Plate),aq1ffg7g545vm86,,,,,-55:microliter,84,,ct1fdrbvet5khpa:84
450,,,,,,,,,,ct1ffg5rdguqzjm,ct1fdrbvet5khpa-IVTT-Plate,Container(ct1fdrbvet5khpa-IVTT-Plate),aq1ffg7g546ztc4,,,,,-55:microliter,85,,ct1fdrbvet5khpa:85
451,,,,,,,,,,ct1ffg5rdguqzjm,ct1fdrbvet5khpa-IVTT-Plate,Container(ct1fdrbvet5khpa-IVTT-Plate),aq1ffg7g546ztc6,,,,,-55:microliter,86,,ct1fdrbvet5khpa:86
452,,,,,,,,,,ct1ffg5rdguqzjm,ct1fdrbvet5khpa-IVTT-Plate,Container(ct1fdrbvet5khpa-IVTT-Plate),aq1ffg7g546ztc8,,,,,-55:microliter,87,,ct1fdrbvet5khpa:87
453,,,,,,,,,,ct1ffg5rdguqzjm,ct1fdrbvet5khpa-IVTT-Plate,Container(ct1fdrbvet5khpa-IVTT-Plate),aq1ffg7g5485zg6,,,,,-55:microliter,88,,ct1fdrbvet5khpa:88
454,,,,,,,,,,ct1ffg5rdguqzjm,ct1fdrbvet5khpa-IVTT-Plate,Container(ct1fdrbvet5khpa-IVTT-Plate),aq1ffg7g5485zg8,,,,,-55:microliter,89,,ct1fdrbvet5khpa:89
455,,,,,,,,,,ct1ffg5rdguqzjm,ct1fdrbvet5khpa-IVTT-Plate,Container(ct1fdrbvet5khpa-IVTT-Plate),aq1ffg7g549a7m6,,,,,-55:microliter,90,,ct1fdrbvet5khpa:90
456,,,,,,,,,,ct1ffg5rdguqzjm,ct1fdrbvet5khpa-IVTT-Plate,Container(ct1fdrbvet5khpa-IVTT-Plate),aq1ffg7g549a7m8,,,,,-55:microliter,91,,ct1fdrbvet5khpa:91
457,,,,,,,,,,ct1ffg5rdguqzjm,ct1fdrbvet5khpa-IVTT-Plate,Container(ct1fdrbvet5khpa-IVTT-Plate),aq1ffg7g54aedr7,,,,,-55:microliter,92,,ct1fdrbvet5khpa:92
458,,,,,,,,,,ct1ffg5rdguqzjm,ct1fdrbvet5khpa-IVTT-Plate,Container(ct1fdrbvet5khpa-IVTT-Plate),aq1ffg7g54aedr9,,,,,-55:microliter,93,,ct1fdrbvet5khpa:93
459,,,,,,,,,,ct1ffg5rdguqzjm,ct1fdrbvet5khpa-IVTT-Plate,Container(ct1fdrbvet5khpa-IVTT-Plate),aq1ffg7g54aedrb,,,,,-55:microliter,94,,ct1fdrbvet5khpa:94
460,,,,,,,,,,ct1ffg5rdguqzjm,ct1fdrbvet5khpa-IVTT-Plate,Container(ct1fdrbvet5khpa-IVTT-Plate),aq1ffg7g54bjkv9,,,,,-55:microliter,95,,ct1fdrbvet5khpa:95
